INDEX_NR,INCIDENT_DATE,TIME,AIRPORT_ID,AIRPORT,STATE,LATITUDE,LONGITUDE,PHASE_OF_FLIGHT,HEIGHT,SPEED,AC_MAKE,AC_MODEL,AC_CLASS,AC_MASS,ENG_TYPE,NUM_ENGS,SKY,PRECIPITATION,SPECIES,SPECIES_ID,SIZE,NUM_SEEN,NUM_STRUCK,DAMAGE_IND,DAM_LEVEL,EFFECT,STR_PARTS,DAM_PARTS,COST_REPAIRS,COST_OTHER,NR_INJURIES,NR_FATALITIES,REMARKS,data_origin,operational_use
SAMPLE-00001,2019-03-19,17:41,SAMPLE17,Sample Regional Airport 17 (SYNTHETIC),,55.00467194479534,5.15082488218296,Approach,151.0,83.0,Bombardier,Model-840,Airplane,2,Turbofan,2,Overcast,None,Great Cormorant,Phalacrocorax carbo,Small,2-10,2-10,Y,M,Other,Windshield,Engine,237.24,1199.09,0,0,Synthetic sample record generated for pipeline testing.,synthetic_fixture,False
SAMPLE-00002,2018-11-03,14:40,SAMPLE15,Sample Regional Airport 15 (SYNTHETIC),SS,33.4550507101139,-101.59998832849048,Climb,194.0,109.0,Cessna,Model-329,Airplane,5,Turbojet,2,No Cloud,None,Grey Heron,Ardea cinerea,Large,Over 100,Over 100,Y,M,None,Nose,,9767.54,1232.97,0,0,Synthetic sample record generated for pipeline testing.,synthetic_fixture,False
SAMPLE-00003,2023-09-16,14:25,SAMPLE07,Sample Regional Airport 07 (SYNTHETIC),SS,41.93591348087822,-76.44406234627112,En Route,454.0,199.0,Boeing,Model-206,Airplane,5,Turbofan,2,Overcast,Rain,Bald Eagle,Haliaeetus leucocephalus,Small,1,1,N,,,Engine,,0.0,0.0,0,0,Synthetic sample record generated for pipeline testing.,synthetic_fixture,False
SAMPLE-00004,2021-09-20,22:14,SAMPLE24,Sample Municipal Airport 24 (SYNTHETIC),,57.82951244414527,13.97368981990168,Climb,132.0,152.0,Bombardier,Model-476,Airplane,3,Turboprop,2,Overcast,Rain,Common Buzzard,Buteo buteo,Medium,1,1,Y,S,None,Fuselage,Wing,2904.83,614.52,0,0,Synthetic sample record generated for pipeline testing.,synthetic_fixture,False
SAMPLE-00005,2024-10-29,18:58,SAMPLE24,Sample Municipal Airport 24 (SYNTHETIC),,57.81322371285295,13.974169981821266,Approach,45.0,96.0,Boeing,Model-787,Airplane,2,Turbojet,2,Overcast,None,Eurasian Sparrowhawk,Accipiter nisus,Medium,1,1,N,,,Windshield,,0.0,0.0,0,0,Synthetic sample record generated for pipeline testing.,synthetic_fixture,False
SAMPLE-00006,2024-03-05,00:40,SAMPLE19,Sample Regional Airport 19 (SYNTHETIC),,47.23849745496256,12.434410859462686,Descent,1314.0,139.0,Airbus,Model-793,Airplane,4,Turboprop,2,Overcast,None,Herring Gull,Larus argentatus,Medium,2-10,2-10,N,,,Windshield,,0.0,0.0,0,0,Synthetic sample record generated for pipeline testing.,synthetic_fixture,False
SAMPLE-00007,2018-01-17,12:03,SAMPLE08,Sample Municipal Airport 08 (SYNTHETIC),SS,33.046138988443836,-114.15968021939493,Approach,820.0,98.0,Cessna,Model-632,Airplane,5,Turbojet,2,Overcast,None,Great Black-backed Gull,Larus marinus,Small,2-10,2-10,N,,,Wing,,0.0,0.0,0,0,Synthetic sample record generated for pipeline testing.,synthetic_fixture,False
SAMPLE-00008,2018-06-09,08:51,SAMPLE24,Sample Municipal Airport 24 (SYNTHETIC),,57.82725592093126,13.981090627445989,Landing Roll,164.0,202.0,Embraer,Model-890,Airplane,2,Turbojet,2,No Cloud,None,Black-headed Gull,Chroicocephalus ridibundus,Small,2-10,2-10,N,,,Engine,,0.0,0.0,0,0,Synthetic sample record generated for pipeline testing.,synthetic_fixture,False
SAMPLE-00009,2022-02-10,03:09,SAMPLE15,Sample Regional Airport 15 (SYNTHETIC),SS,33.434253159908984,-101.59153639363932,Take-off run,1055.0,171.0,Embraer,Model-720,Airplane,4,Turbofan,2,Overcast,None,American Crow,Corvus brachyrhynchos,Small,2-10,2-10,N/A,,,Engine,,0.0,0.0,0,0,Synthetic sample record generated for pipeline testing.,synthetic_fixture,False
SAMPLE-00010,2023-01-07,03:52,SAMPLE09,Sample Regional Airport 09 (SYNTHETIC),SS,37.00711550112791,-82.52182912480676,Descent,309.0,212.0,Boeing,Model-710,Airplane,1,Turboprop,2,Some Cloud,None,Common Raven,Corvus corax,Large,1,1,UNK,,,Wing,,0.0,0.0,0,0,Synthetic sample record generated for pipeline testing.,synthetic_fixture,False
SAMPLE-00011,2019-06-22,02:44,SAMPLE15,Sample Regional Airport 15 (SYNTHETIC),SS,33.43345351245406,-101.61504054641472,Approach,711.0,98.0,Bombardier,Model-393,Airplane,3,Turboprop,2,Some Cloud,None,Greylag Goose,Anser anser,Medium,1,1,N,,,Engine,,0.0,0.0,0,0,Synthetic sample record generated for pipeline testing.,synthetic_fixture,False
SAMPLE-00012,2020-09-10,05:59,SAMPLE19,Sample Regional Airport 19 (SYNTHETIC),,47.28204432184846,12.429006385694539,Landing Roll,1689.0,113.0,Boeing,Model-806,Airplane,3,Turbofan,2,Some Cloud,None,Great Blue Heron,Ardea herodias,Medium,1,1,Y,S,None,Nose,Engine,989.98,5223.96,0,0,Synthetic sample record generated for pipeline testing.,synthetic_fixture,False
SAMPLE-00013,2022-01-26,09:54,SAMPLE13,Sample Regional Airport 13 (SYNTHETIC),SS,40.71878115938131,-98.83160128306129,Take-off run,1056.0,158.0,Bombardier,Model-327,Airplane,5,Turbofan,2,No Cloud,None,Great Cormorant,Phalacrocorax carbo,Medium,1,1,N,,,Fuselage,,0.0,0.0,0,0,Synthetic sample record generated for pipeline testing.,synthetic_fixture,False
SAMPLE-00014,2019-01-24,17:25,SAMPLE23,Sample Regional Airport 23 (SYNTHETIC),,51.81565876891116,0.06896078140431622,Take-off run,4042.0,97.0,Cessna,Model-783,Airplane,3,Turboprop,2,Overcast,None,Canada Goose,Branta canadensis,Small,1,1,Y,M,Precautionary Landing,Engine,,7278.12,1158.03,0,0,Synthetic sample record generated for pipeline testing.,synthetic_fixture,False
SAMPLE-00015,2024-04-29,17:22,SAMPLE18,Sample Municipal Airport 18 (SYNTHETIC),,46.32235868607756,13.061620695537698,Approach,212.0,196.0,Cessna,Model-819,Airplane,4,Turbojet,2,No Cloud,None,Greylag Goose,Anser anser,Small,1,1,N,,,Engine,,0.0,0.0,0,0,Synthetic sample record generated for pipeline testing.,synthetic_fixture,False
SAMPLE-00016,2018-02-20,07:33,SAMPLE24,Sample Municipal Airport 24 (SYNTHETIC),,57.84605022567491,13.953348482322145,Approach,600.0,240.0,Cessna,Model-218,Airplane,4,Turbojet,2,No Cloud,None,Eurasian Sparrowhawk,Accipiter nisus,Small,1,1,N,,,Nose,,0.0,0.0,0,0,Synthetic sample record generated for pipeline testing.,synthetic_fixture,False
SAMPLE-00017,2020-07-08,10:32,SAMPLE21,Sample Regional Airport 21 (SYNTHETIC),,58.61512249710262,12.481758351539996,Approach,1381.0,195.0,Bombardier,Model-256,Airplane,3,Turboprop,4,No Cloud,Rain,Common Raven,Corvus corax,Small,1,1,N,,,Windshield,,0.0,0.0,0,0,Synthetic sample record generated for pipeline testing.,synthetic_fixture,False
SAMPLE-00018,2022-12-30,10:03,SAMPLE10,Sample Municipal Airport 10 (SYNTHETIC),SS,42.86620988375946,-102.56091740838585,Take-off run,971.0,85.0,Bombardier,Model-774,Airplane,3,Turbofan,2,Some Cloud,Snow,Mute Swan,Cygnus olor,Large,1,1,N,,,Windshield,,0.0,0.0,0,0,Synthetic sample record generated for pipeline testing.,synthetic_fixture,False
SAMPLE-00019,2022-06-27,19:11,SAMPLE20,Sample Municipal Airport 20 (SYNTHETIC),,54.43365820705632,4.02463868531036,Approach,34.0,176.0,Airbus,Model-838,Airplane,1,Turboprop,2,Some Cloud,None,American Crow,Corvus brachyrhynchos,Small,2-10,2-10,N,,,Nose,,0.0,0.0,0,0,Synthetic sample record generated for pipeline testing.,synthetic_fixture,False
SAMPLE-00020,2020-01-01,22:57,SAMPLE23,Sample Regional Airport 23 (SYNTHETIC),,51.800407620369555,0.09010904858687128,Approach,1518.0,198.0,Embraer,Model-127,Airplane,3,Turboprop,4,Overcast,None,Mute Swan,Cygnus olor,Small,11-100,11-100,N,,,Wing,,0.0,0.0,0,0,Synthetic sample record generated for pipeline testing.,synthetic_fixture,False
SAMPLE-00021,2018-03-05,15:25,SAMPLE12,Sample Municipal Airport 12 (SYNTHETIC),SS,42.489727927418066,-99.33559497271553,Take-off run,1513.0,155.0,Airbus,Model-393,Airplane,5,Turbofan,2,No Cloud,Fog,American Crow,Corvus brachyrhynchos,Medium,1,1,N,,,Nose,,0.0,0.0,0,0,Synthetic sample record generated for pipeline testing.,synthetic_fixture,False
SAMPLE-00022,2021-03-01,00:45,SAMPLE12,Sample Municipal Airport 12 (SYNTHETIC),SS,42.522666867229844,-99.35908991532176,Descent,972.0,205.0,Bombardier,Model-436,Airplane,4,Turbofan,2,No Cloud,None,Greylag Goose,Anser anser,Large,1,1,Y,M,Precautionary Landing,Fuselage,Windshield,1296.53,751.07,0,0,Synthetic sample record generated for pipeline testing.,synthetic_fixture,False
SAMPLE-00023,2018-04-15,23:22,SAMPLE04,Sample Municipal Airport 04 (SYNTHETIC),SS,33.63251519103133,-95.09014482516018,Descent,71.0,218.0,Cessna,Model-576,Airplane,1,Turbojet,2,Some Cloud,Rain,Great Blue Heron,Ardea herodias,Small,1,1,Y,M,Other,Engine,,5012.03,3934.66,0,0,Synthetic sample record generated for pipeline testing.,synthetic_fixture,False
SAMPLE-00024,2018-07-28,22:32,SAMPLE09,Sample Regional Airport 09 (SYNTHETIC),SS,37.005524076097814,-82.54932064442842,Descent,194.0,146.0,Airbus,Model-146,Airplane,3,Turbojet,2,Overcast,None,Barn Swallow,Hirundo rustica,Small,2-10,2-10,N,,,Nose,,0.0,0.0,0,0,Synthetic sample record generated for pipeline testing.,synthetic_fixture,False
SAMPLE-00025,2021-07-12,03:32,SAMPLE02,Sample Municipal Airport 02 (SYNTHETIC),SS,45.57666590821006,-85.74618675485928,Descent,458.0,236.0,Bombardier,Model-747,Airplane,3,Turbofan,2,Overcast,None,Herring Gull,Larus argentatus,Small,2-10,2-10,N,,,Wing,,0.0,0.0,0,0,Synthetic sample record generated for pipeline testing.,synthetic_fixture,False
SAMPLE-00026,2022-07-15,04:16,SAMPLE07,Sample Regional Airport 07 (SYNTHETIC),SS,41.9152252039743,-76.4637177885468,Approach,741.0,212.0,Boeing,Model-120,Airplane,1,Turboprop,2,Overcast,None,Common Buzzard,Buteo buteo,Medium,1,1,UNK,,,Windshield,,0.0,0.0,0,0,Synthetic sample record generated for pipeline testing.,synthetic_fixture,False
SAMPLE-00027,2023-09-25,07:53,SAMPLE15,Sample Regional Airport 15 (SYNTHETIC),SS,33.41781630329869,-101.59032393548226,Descent,1233.0,158.0,Boeing,Model-117,Airplane,3,Turboprop,2,Overcast,Fog,Great Blue Heron,Ardea herodias,Small,1,1,N,,,Fuselage,,0.0,0.0,0,0,Synthetic sample record generated for pipeline testing.,synthetic_fixture,False
SAMPLE-00028,2020-08-14,17:05,SAMPLE23,Sample Regional Airport 23 (SYNTHETIC),,51.81579503952288,0.0724549448993056,Landing Roll,328.0,150.0,Embraer,Model-175,Airplane,3,Turboprop,2,Overcast,Fog,Eurasian Sparrowhawk,Accipiter nisus,Medium,1,1,N,,,Fuselage,,0.0,0.0,0,0,Synthetic sample record generated for pipeline testing.,synthetic_fixture,False
SAMPLE-00029,2024-11-10,21:17,SAMPLE06,Sample Municipal Airport 06 (SYNTHETIC),SS,33.11359608944534,-99.01935378100157,En Route,234.0,205.0,Airbus,Model-285,Airplane,5,Turboprop,2,Overcast,Fog,Great Cormorant,Phalacrocorax carbo,Large,1,1,,,,Fuselage,,0.0,0.0,0,0,Synthetic sample record generated for pipeline testing.,synthetic_fixture,False
SAMPLE-00030,2024-12-27,06:58,SAMPLE16,Sample Municipal Airport 16 (SYNTHETIC),,49.234816193486125,2.300812119084398,En Route,763.0,119.0,Embraer,Model-531,Airplane,1,Turbojet,2,No Cloud,None,Common Ringed Plover,Charadrius hiaticula,Large,1,1,N,,,Wing,,0.0,0.0,0,0,Synthetic sample record generated for pipeline testing.,synthetic_fixture,False
SAMPLE-00031,2019-02-25,09:11,SAMPLE23,Sample Regional Airport 23 (SYNTHETIC),,51.84499016352166,0.03774934011860562,Climb,396.0,97.0,Bombardier,Model-127,Airplane,3,Turbofan,2,Overcast,None,Mute Swan,Cygnus olor,Medium,Over 100,Over 100,N/A,,,Windshield,,0.0,0.0,0,0,Synthetic sample record generated for pipeline testing.,synthetic_fixture,False
SAMPLE-00032,2019-08-20,11:41,SAMPLE02,Sample Municipal Airport 02 (SYNTHETIC),SS,45.55896303603877,-85.73571462616559,Climb,993.0,132.0,Airbus,Model-173,Airplane,4,Turbojet,2,Some Cloud,Snow,Common Buzzard,Buteo buteo,Small,1,1,Y,M,None,Engine,Engine,13418.88,5014.15,0,0,Synthetic sample record generated for pipeline testing.,synthetic_fixture,False
SAMPLE-00033,2019-08-13,03:32,SAMPLE24,Sample Municipal Airport 24 (SYNTHETIC),,57.849785495984946,13.929880555752238,Approach,213.0,158.0,Bombardier,Model-283,Airplane,5,Turbojet,2,Overcast,None,Barn Swallow,Hirundo rustica,Medium,1,1,N,,,Windshield,,0.0,0.0,0,0,Synthetic sample record generated for pipeline testing.,synthetic_fixture,False
SAMPLE-00034,2023-06-07,13:40,SAMPLE09,Sample Regional Airport 09 (SYNTHETIC),SS,36.99824471248782,-82.52844304098352,Landing Roll,175.0,139.0,Bombardier,Model-567,Airplane,1,Turboprop,2,No Cloud,None,Mallard,Anas platyrhynchos,Medium,2-10,2-10,Y,M,None,Fuselage,Engine,1256.9,6576.1,0,0,Synthetic sample record generated for pipeline testing.,synthetic_fixture,False
SAMPLE-00035,2019-02-28,21:59,SAMPLE03,Sample Regional Airport 03 (SYNTHETIC),SS,35.90780568539882,-78.29665167315224,Landing Roll,753.0,242.0,Airbus,Model-790,Airplane,2,Turbojet,2,Some Cloud,None,Bald Eagle,Haliaeetus leucocephalus,Small,2-10,2-10,N,,,Engine,,0.0,0.0,0,0,Synthetic sample record generated for pipeline testing.,synthetic_fixture,False
SAMPLE-00036,2024-05-28,18:57,,Sample Municipal Airport 10 (SYNTHETIC),SS,42.87646074537304,-102.55814454439607,En Route,1182.0,126.0,Embraer,Model-463,Airplane,2,Turbofan,2,Some Cloud,Fog,Mallard,Anas platyrhynchos,Large,1,1,Y,M,Precautionary Landing,Fuselage,Windshield,8197.43,39.06,0,0,Synthetic sample record generated for pipeline testing.,synthetic_fixture,False
SAMPLE-00037,2022-10-03,14:34,SAMPLE03,Sample Regional Airport 03 (SYNTHETIC),SS,35.95635169070462,-78.31216799207951,Landing Roll,15.0,88.0,Embraer,Model-465,Airplane,1,Turboprop,2,Overcast,None,Canada Goose,Branta canadensis,Small,1,1,N,,,Wing,,0.0,0.0,0,0,Synthetic sample record generated for pipeline testing.,synthetic_fixture,False
SAMPLE-00038,2019-05-13,17:06,SAMPLE01,Sample Regional Airport 01 (SYNTHETIC),SS,42.41928916493769,-100.2503352927355,Take-off run,1593.0,89.0,Boeing,Model-100,Airplane,1,Turboprop,2,Some Cloud,Rain,Eurasian Sparrowhawk,Accipiter nisus,Small,2-10,2-10,N,,,Wing,,0.0,0.0,0,0,Synthetic sample record generated for pipeline testing.,synthetic_fixture,False
SAMPLE-00039,2019-05-24,04:42,SAMPLE22,Sample Municipal Airport 22 (SYNTHETIC),,55.750898935829944,6.230267276170782,Approach,2778.0,159.0,Embraer,Model-568,Airplane,1,Turbojet,2,Overcast,Rain,Barn Swallow,Hirundo rustica,Small,1,1,N,,,Windshield,,0.0,0.0,0,0,Synthetic sample record generated for pipeline testing.,synthetic_fixture,False
SAMPLE-00040,2024-11-01,17:39,SAMPLE09,Sample Regional Airport 09 (SYNTHETIC),SS,37.00164019277049,-82.53931650698948,Approach,619.0,152.0,Boeing,Model-417,Airplane,3,Turbojet,2,Overcast,Fog,Common Kestrel,Falco tinnunculus,Small,1,1,UNK,,,Wing,,0.0,0.0,0,0,Synthetic sample record generated for pipeline testing.,synthetic_fixture,False
SAMPLE-00041,2024-02-13,11:07,SAMPLE01,Sample Regional Airport 01 (SYNTHETIC),SS,42.36743389996876,-100.23002448017834,Descent,243.0,249.0,Cessna,Model-233,Airplane,2,Turbojet,2,Overcast,None,Rock Pigeon,Columba livia,Large,1,1,Y,M,Precautionary Landing,Wing,Engine,60462.34,2221.55,0,0,Synthetic sample record generated for pipeline testing.,synthetic_fixture,False
SAMPLE-00042,2023-02-08,06:31,,Sample Regional Airport 07 (SYNTHETIC),SS,41.962863730081914,-76.45148830717467,Climb,305.0,231.0,Cessna,Model-857,Airplane,3,Turbojet,2,Overcast,None,American Crow,Corvus brachyrhynchos,Large,1,1,Y,M,None,Nose,Engine,74462.52,32.47,0,0,Synthetic sample record generated for pipeline testing.,synthetic_fixture,False
SAMPLE-00043,2018-12-27,17:13,SAMPLE20,Sample Municipal Airport 20 (SYNTHETIC),,54.46135571466982,4.037713124365444,Descent,199.0,207.0,Boeing,Model-124,Airplane,3,Turbofan,2,Overcast,None,Common Raven,Corvus corax,Small,1,1,N,,,Engine,,0.0,0.0,0,0,Synthetic sample record generated for pipeline testing.,synthetic_fixture,False
SAMPLE-00044,2019-07-29,05:43,SAMPLE10,Sample Municipal Airport 10 (SYNTHETIC),SS,42.86533409135246,-102.56004583322154,Landing Roll,117.0,144.0,Cessna,Model-431,Airplane,4,Turboprop,2,No Cloud,None,Great Cormorant,Phalacrocorax carbo,Small,1,1,N,,,Windshield,,0.0,0.0,0,0,Synthetic sample record generated for pipeline testing.,synthetic_fixture,False
SAMPLE-00045,2024-05-13,17:32,SAMPLE11,Sample Regional Airport 11 (SYNTHETIC),SS,33.18579284951515,-119.6312249117491,En Route,185.0,178.0,Cessna,Model-377,Airplane,4,Turboprop,2,Some Cloud,None,Common Starling,Sturnus vulgaris,Small,2-10,2-10,N,,,Wing,,0.0,0.0,0,0,Synthetic sample record generated for pipeline testing.,synthetic_fixture,False
SAMPLE-00046,2020-03-07,14:37,SAMPLE24,Sample Municipal Airport 24 (SYNTHETIC),,57.87083703159982,13.933834423173476,En Route,826.0,245.0,Bombardier,Model-827,Airplane,4,Turbojet,4,No Cloud,None,Barn Swallow,Hirundo rustica,Small,1,1,N,,,Fuselage,,0.0,0.0,0,0,Synthetic sample record generated for pipeline testing.,synthetic_fixture,False
SAMPLE-00047,2021-08-05,23:39,SAMPLE18,Sample Municipal Airport 18 (SYNTHETIC),,46.32076794840614,13.058434376589387,Approach,1610.0,247.0,Bombardier,Model-791,Airplane,5,Turbojet,2,Some Cloud,None,Herring Gull,Larus argentatus,Medium,1,1,N,,,Fuselage,,0.0,0.0,0,0,Synthetic sample record generated for pipeline testing.,synthetic_fixture,False
SAMPLE-00048,2023-01-24,16:13,SAMPLE11,Sample Regional Airport 11 (SYNTHETIC),SS,33.213050835879365,-119.66701692347122,Take-off run,49.0,129.0,Boeing,Model-502,Airplane,5,Turbofan,2,No Cloud,Snow,Canada Goose,Branta canadensis,Small,1,1,N,,,Nose,,0.0,0.0,0,0,Synthetic sample record generated for pipeline testing.,synthetic_fixture,False
SAMPLE-00049,2021-04-17,14:06,SAMPLE19,Sample Regional Airport 19 (SYNTHETIC),,47.303051558604395,12.426208342131753,Approach,680.0,141.0,Boeing,Model-435,Airplane,1,Turbojet,2,Some Cloud,Rain,Common Kestrel,Falco tinnunculus,Medium,1,1,N,,,Windshield,,0.0,0.0,0,0,Synthetic sample record generated for pipeline testing.,synthetic_fixture,False
SAMPLE-00050,2022-10-24,23:04,SAMPLE05,Sample Regional Airport 05 (SYNTHETIC),SS,42.08003223493073,-104.06746741159981,Approach,987.0,102.0,Embraer,Model-518,Airplane,1,Turboprop,2,Some Cloud,None,Common Starling,Sturnus vulgaris,Small,1,1,N,,,Wing,,0.0,0.0,0,0,Synthetic sample record generated for pipeline testing.,synthetic_fixture,False
SAMPLE-00051,2023-07-03,08:17,SAMPLE07,Sample Regional Airport 07 (SYNTHETIC),SS,41.941990800323424,-76.47461386191921,Approach,68.0,176.0,Bombardier,Model-249,Airplane,1,Turbofan,2,Overcast,None,American Crow,Corvus brachyrhynchos,Medium,2-10,2-10,Y,M,Precautionary Landing,Engine,,2500.75,806.85,0,0,Synthetic sample record generated for pipeline testing.,synthetic_fixture,False
SAMPLE-00052,2022-11-30,03:13,SAMPLE04,Sample Municipal Airport 04 (SYNTHETIC),SS,33.62507348624662,-95.03177876908123,Take-off run,72.0,111.0,Embraer,Model-626,Airplane,4,Turboprop,4,No Cloud,None,Common Kestrel,Falco tinnunculus,Medium,1,1,N,,,Nose,,0.0,0.0,0,0,Synthetic sample record generated for pipeline testing.,synthetic_fixture,False
SAMPLE-00053,2022-03-28,23:20,SAMPLE07,Sample Regional Airport 07 (SYNTHETIC),SS,41.91327725286278,-76.45340208648798,Climb,189.0,186.0,Airbus,Model-102,Airplane,5,Turbojet,2,Some Cloud,None,Eurasian Sparrowhawk,Accipiter nisus,Small,1,1,N,,,Wing,,0.0,0.0,0,0,Synthetic sample record generated for pipeline testing.,synthetic_fixture,False
SAMPLE-00054,2018-03-14,16:17,SAMPLE10,Sample Municipal Airport 10 (SYNTHETIC),SS,42.8793885496223,-102.60074603744255,Climb,832.0,109.0,Airbus,Model-680,Airplane,1,Turbofan,2,Overcast,Fog,Grey Heron,Ardea cinerea,Large,2-10,2-10,Y,M,None,Nose,Engine,2781.41,1357.15,0,0,Synthetic sample record generated for pipeline testing.,synthetic_fixture,False
SAMPLE-00055,2024-11-09,11:15,SAMPLE17,Sample Regional Airport 17 (SYNTHETIC),,54.99408370542601,5.1680603839013965,Approach,751.0,92.0,Embraer,Model-213,Airplane,2,Turbofan,2,No Cloud,None,Rock Pigeon,Columba livia,Small,1,1,N,,,Wing,,0.0,0.0,0,0,Synthetic sample record generated for pipeline testing.,synthetic_fixture,False
SAMPLE-00056,2021-08-06,19:47,SAMPLE15,Sample Regional Airport 15 (SYNTHETIC),SS,33.43737526098203,-101.62280589166168,Take-off run,622.0,207.0,Bombardier,Model-122,Airplane,4,Turboprop,2,Some Cloud,None,American Crow,Corvus brachyrhynchos,Small,1,1,,,,Wing,,0.0,0.0,0,0,Synthetic sample record generated for pipeline testing.,synthetic_fixture,False
SAMPLE-00057,2023-08-14,20:17,SAMPLE18,Sample Municipal Airport 18 (SYNTHETIC),,46.41387395207065,13.049804481754707,Approach,1768.0,195.0,Bombardier,Model-360,Airplane,3,Turbojet,2,Overcast,None,Great Black-backed Gull,Larus marinus,Small,1,1,N,,,Fuselage,,0.0,0.0,0,0,Synthetic sample record generated for pipeline testing.,synthetic_fixture,False
SAMPLE-00058,2022-11-21,13:56,SAMPLE05,Sample Regional Airport 05 (SYNTHETIC),SS,42.14014375482878,-104.032313926605,Approach,2.0,122.0,Cessna,Model-683,Airplane,4,Turbojet,4,Some Cloud,Rain,Mute Swan,Cygnus olor,Small,1,1,N,,,Nose,,0.0,0.0,0,0,Synthetic sample record generated for pipeline testing.,synthetic_fixture,False
SAMPLE-00059,2022-10-29,19:40,SAMPLE14,Sample Municipal Airport 14 (SYNTHETIC),SS,38.87688474078284,-94.87593894197605,Approach,630.0,109.0,Embraer,Model-578,Airplane,2,Turboprop,2,No Cloud,None,American Robin,Turdus migratorius,Large,1,1,N,,,Engine,,0.0,0.0,0,0,Synthetic sample record generated for pipeline testing.,synthetic_fixture,False
SAMPLE-00060,2020-10-21,00:24,SAMPLE19,Sample Regional Airport 19 (SYNTHETIC),,47.26887855289853,12.380263085246066,Take-off run,296.0,141.0,Airbus,Model-423,Airplane,5,Turbofan,2,Overcast,Snow,Bald Eagle,Haliaeetus leucocephalus,Small,1,1,Y,S,None,Engine,,4669.52,504.2,0,0,Synthetic sample record generated for pipeline testing.,synthetic_fixture,False
SAMPLE-00061,2022-04-22,10:09,SAMPLE22,Sample Municipal Airport 22 (SYNTHETIC),,55.752512248899464,6.247333908972601,Landing Roll,473.0,145.0,Airbus,Model-579,Airplane,5,Turbojet,2,No Cloud,Rain,Herring Gull,Larus argentatus,Medium,1,1,N,,,Nose,,0.0,0.0,0,0,Synthetic sample record generated for pipeline testing.,synthetic_fixture,False
SAMPLE-00062,2019-02-20,11:41,SAMPLE16,Sample Municipal Airport 16 (SYNTHETIC),,49.247695739258134,2.343934526182016,Landing Roll,1310.0,224.0,Cessna,Model-352,Airplane,1,Turboprop,2,Some Cloud,None,Greylag Goose,Anser anser,Medium,1,1,N,,,Nose,,0.0,0.0,0,0,Synthetic sample record generated for pipeline testing.,synthetic_fixture,False
SAMPLE-00063,2020-05-19,06:31,SAMPLE17,Sample Regional Airport 17 (SYNTHETIC),,54.961168920597316,5.142754664166667,Descent,96.0,206.0,Airbus,Model-293,Airplane,5,Turbojet,4,Overcast,Snow,American Crow,Corvus brachyrhynchos,Small,2-10,2-10,N,,,Fuselage,,0.0,0.0,0,0,Synthetic sample record generated for pipeline testing.,synthetic_fixture,False
SAMPLE-00064,2020-08-23,22:34,SAMPLE05,Sample Regional Airport 05 (SYNTHETIC),SS,42.149404228793735,-104.02103318808373,Descent,1313.0,231.0,Boeing,Model-492,Airplane,5,Turbofan,2,No Cloud,None,American Crow,Corvus brachyrhynchos,Large,1,1,N,,,Nose,,0.0,0.0,0,0,Synthetic sample record generated for pipeline testing.,synthetic_fixture,False
SAMPLE-00065,2020-03-16,23:23,,Sample Regional Airport 07 (SYNTHETIC),SS,41.900973224108405,-76.45319373388365,Approach,1099.0,151.0,Airbus,Model-826,Airplane,3,Turbojet,2,No Cloud,Rain,Greylag Goose,Anser anser,Medium,1,1,N,,,Engine,,0.0,0.0,0,0,Synthetic sample record generated for pipeline testing.,synthetic_fixture,False
SAMPLE-00066,2019-06-27,16:51,SAMPLE11,Sample Regional Airport 11 (SYNTHETIC),SS,33.19229816692218,-119.70707789650989,Approach,1423.0,165.0,Embraer,Model-133,Airplane,2,Turboprop,2,Overcast,None,Mallard,Anas platyrhynchos,Medium,1,1,UNK,,,Engine,,0.0,0.0,0,0,Synthetic sample record generated for pipeline testing.,synthetic_fixture,False
SAMPLE-00067,2018-12-27,10:28,SAMPLE20,Sample Municipal Airport 20 (SYNTHETIC),,54.433667985079,4.016063884795378,Take-off run,1268.0,226.0,Cessna,Model-193,Airplane,2,Turbojet,2,Overcast,None,Herring Gull,Larus argentatus,Small,2-10,2-10,N,,,Windshield,,0.0,0.0,0,0,Synthetic sample record generated for pipeline testing.,synthetic_fixture,False
SAMPLE-00068,2022-07-11,18:41,SAMPLE13,Sample Regional Airport 13 (SYNTHETIC),SS,40.72903627006747,-98.79143612597275,Climb,3973.0,173.0,Airbus,Model-117,Airplane,3,Turboprop,2,Some Cloud,Fog,Canada Goose,Branta canadensis,Small,1,1,N,,,Windshield,,0.0,0.0,0,0,Synthetic sample record generated for pipeline testing.,synthetic_fixture,False
SAMPLE-00069,2020-01-19,03:05,SAMPLE03,Sample Regional Airport 03 (SYNTHETIC),SS,35.93994539482278,-78.30991077491791,Landing Roll,902.0,91.0,Airbus,Model-460,Airplane,5,Turbofan,2,Overcast,Rain,Common Buzzard,Buteo buteo,Small,1,1,N,,,Wing,,0.0,0.0,0,0,Synthetic sample record generated for pipeline testing.,synthetic_fixture,False
SAMPLE-00070,2018-11-24,06:57,SAMPLE25,Sample Regional Airport 25 (SYNTHETIC),,53.81002788118926,11.241347821344421,En Route,2044.0,193.0,Boeing,Model-392,Airplane,5,Turboprop,2,Some Cloud,None,Eurasian Sparrowhawk,Accipiter nisus,Medium,1,1,N,,,Engine,,0.0,0.0,0,0,Synthetic sample record generated for pipeline testing.,synthetic_fixture,False
SAMPLE-00071,2018-07-11,12:07,SAMPLE16,Sample Municipal Airport 16 (SYNTHETIC),,49.20681250041249,2.3376714070324343,Approach,726.0,170.0,Boeing,Model-271,Airplane,5,Turbojet,2,Some Cloud,Rain,Bald Eagle,Haliaeetus leucocephalus,Small,1,1,N,,,Windshield,,0.0,0.0,0,0,Synthetic sample record generated for pipeline testing.,synthetic_fixture,False
SAMPLE-00072,2018-09-26,04:34,SAMPLE20,Sample Municipal Airport 20 (SYNTHETIC),,54.465616809539334,4.069509252579763,Descent,1731.0,203.0,Airbus,Model-644,Airplane,4,Turboprop,2,Overcast,None,Common Starling,Sturnus vulgaris,Medium,1,1,N,,,Windshield,,0.0,0.0,0,0,Synthetic sample record generated for pipeline testing.,synthetic_fixture,False
SAMPLE-00073,2023-07-20,15:20,SAMPLE13,Sample Regional Airport 13 (SYNTHETIC),SS,40.68533094456683,-98.79322695881632,Landing Roll,697.0,235.0,Embraer,Model-266,Airplane,1,Turbojet,4,Some Cloud,Fog,Common Raven,Corvus corax,Medium,1,1,N,,,Wing,,0.0,0.0,0,0,Synthetic sample record generated for pipeline testing.,synthetic_fixture,False
SAMPLE-00074,2019-08-24,16:37,,Sample Regional Airport 17 (SYNTHETIC),,54.949219605809205,5.156163678704732,En Route,2581.0,207.0,Airbus,Model-771,Airplane,2,Turboprop,2,No Cloud,None,American Robin,Turdus migratorius,Small,1,1,N,,,Windshield,,0.0,0.0,0,0,Synthetic sample record generated for pipeline testing.,synthetic_fixture,False
SAMPLE-00075,2022-04-14,10:28,SAMPLE19,Sample Regional Airport 19 (SYNTHETIC),,47.26330278481454,12.403360050236646,Take-off run,155.0,128.0,Airbus,Model-102,Airplane,5,Turboprop,2,Some Cloud,None,Rock Pigeon,Columba livia,Small,1,1,N,,,Wing,,0.0,0.0,0,0,Synthetic sample record generated for pipeline testing.,synthetic_fixture,False
SAMPLE-00076,2022-05-15,12:04,SAMPLE08,Sample Municipal Airport 08 (SYNTHETIC),SS,33.07256408652713,-114.14910261699264,Take-off run,660.0,148.0,Cessna,Model-835,Airplane,4,Turbojet,2,Overcast,None,Eurasian Sparrowhawk,Accipiter nisus,Large,2-10,2-10,N/A,,,Nose,,0.0,0.0,0,0,Synthetic sample record generated for pipeline testing.,synthetic_fixture,False
SAMPLE-00077,2019-07-17,17:58,SAMPLE03,Sample Regional Airport 03 (SYNTHETIC),SS,35.97394608430212,-78.32754940149984,En Route,80.0,172.0,Cessna,Model-250,Airplane,2,Turboprop,2,Overcast,None,Greylag Goose,Anser anser,Large,1,1,N,,,Fuselage,,0.0,0.0,0,0,Synthetic sample record generated for pipeline testing.,synthetic_fixture,False
SAMPLE-00078,2020-10-03,00:21,SAMPLE25,Sample Regional Airport 25 (SYNTHETIC),,53.784645650367146,11.248167146191768,Climb,2533.0,197.0,Boeing,Model-844,Airplane,2,Turbojet,2,Some Cloud,None,Herring Gull,Larus argentatus,Small,1,1,N,,,Fuselage,,0.0,0.0,0,0,Synthetic sample record generated for pipeline testing.,synthetic_fixture,False
SAMPLE-00079,2021-07-09,08:11,SAMPLE04,Sample Municipal Airport 04 (SYNTHETIC),SS,33.666278927992074,-95.05402851380423,Approach,154.0,217.0,Boeing,Model-708,Airplane,2,Turbofan,2,No Cloud,None,Grey Heron,Ardea cinerea,Medium,2-10,2-10,N,,,Windshield,,0.0,0.0,0,0,Synthetic sample record generated for pipeline testing.,synthetic_fixture,False
SAMPLE-00080,2018-09-20,22:41,SAMPLE04,Sample Municipal Airport 04 (SYNTHETIC),SS,33.65044098263161,-95.04576519660189,Landing Roll,702.0,113.0,Cessna,Model-727,Airplane,3,Turbofan,2,Overcast,None,Common Ringed Plover,Charadrius hiaticula,Small,1,1,N,,,Fuselage,,0.0,0.0,0,0,Synthetic sample record generated for pipeline testing.,synthetic_fixture,False
SAMPLE-00081,2020-01-10,23:20,SAMPLE19,Sample Regional Airport 19 (SYNTHETIC),,47.30401821596433,12.421944008743266,Climb,1525.0,143.0,Boeing,Model-348,Airplane,3,Turbofan,2,Overcast,Rain,Eurasian Sparrowhawk,Accipiter nisus,Medium,1,1,Y,M,Precautionary Landing,Nose,Engine,6680.5,25.22,0,0,Synthetic sample record generated for pipeline testing.,synthetic_fixture,False
SAMPLE-00082,2023-04-05,20:06,SAMPLE21,Sample Regional Airport 21 (SYNTHETIC),,58.648339188906085,12.463780764123346,En Route,471.0,107.0,Embraer,Model-157,Airplane,5,Turbojet,2,Overcast,None,Rock Pigeon,Columba livia,Medium,11-100,11-100,Y,M,Precautionary Landing,Wing,Engine,2754.16,2279.08,0,0,Synthetic sample record generated for pipeline testing.,synthetic_fixture,False
SAMPLE-00083,2018-06-01,14:22,SAMPLE21,Sample Regional Airport 21 (SYNTHETIC),,58.625597325755415,12.481480283443208,En Route,317.0,89.0,Embraer,Model-156,Airplane,5,Turbofan,2,Overcast,None,Rock Pigeon,Columba livia,Small,1,1,N,,,Fuselage,,0.0,0.0,0,0,Synthetic sample record generated for pipeline testing.,synthetic_fixture,False
SAMPLE-00084,2024-07-20,06:52,SAMPLE01,Sample Regional Airport 01 (SYNTHETIC),SS,42.387033387047886,-100.24601985247365,Approach,166.0,189.0,Boeing,Model-278,Airplane,2,Turbofan,2,Overcast,None,Mute Swan,Cygnus olor,Small,2-10,2-10,N,,,Wing,,0.0,0.0,0,0,Synthetic sample record generated for pipeline testing.,synthetic_fixture,False
SAMPLE-00085,2023-02-10,21:41,SAMPLE23,Sample Regional Airport 23 (SYNTHETIC),,51.81395229991964,0.03170280526047249,Take-off run,2438.0,202.0,Airbus,Model-690,Airplane,2,Turboprop,2,Some Cloud,None,Great Black-backed Gull,Larus marinus,Small,1,1,N,,,Nose,,0.0,0.0,0,0,Synthetic sample record generated for pipeline testing.,synthetic_fixture,False
SAMPLE-00086,2022-05-25,01:41,SAMPLE08,Sample Municipal Airport 08 (SYNTHETIC),SS,33.055731603353166,-114.17807640185964,Climb,1794.0,187.0,Boeing,Model-229,Airplane,1,Turbojet,2,Overcast,None,Common Kestrel,Falco tinnunculus,Small,1,1,Y,M,None,Engine,,21708.94,1431.69,0,0,Synthetic sample record generated for pipeline testing.,synthetic_fixture,False
SAMPLE-00087,2024-10-25,11:01,SAMPLE18,Sample Municipal Airport 18 (SYNTHETIC),,46.33430296085062,13.07965950476256,En Route,59.0,152.0,Embraer,Model-720,Airplane,4,Turboprop,2,Overcast,None,Great Black-backed Gull,Larus marinus,Medium,2-10,2-10,N,,,Engine,,0.0,0.0,0,0,Synthetic sample record generated for pipeline testing.,synthetic_fixture,False
SAMPLE-00088,2020-02-10,17:48,SAMPLE21,Sample Regional Airport 21 (SYNTHETIC),,58.59837155970896,12.48793673309705,Descent,2363.0,106.0,Boeing,Model-481,Airplane,5,Turbofan,2,Overcast,None,Grey Heron,Ardea cinerea,Large,11-100,11-100,Y,M,Other,Engine,Windshield,10489.88,114.69,0,0,Synthetic sample record generated for pipeline testing.,synthetic_fixture,False
SAMPLE-00089,2019-01-02,10:36,SAMPLE07,Sample Regional Airport 07 (SYNTHETIC),SS,41.87512772156798,-76.47213630291502,Landing Roll,160.0,172.0,Embraer,Model-153,Airplane,2,Turbofan,2,Overcast,None,Bald Eagle,Haliaeetus leucocephalus,Medium,1,1,N,,,Fuselage,,0.0,0.0,0,0,Synthetic sample record generated for pipeline testing.,synthetic_fixture,False
SAMPLE-00090,2018-08-08,02:02,SAMPLE24,Sample Municipal Airport 24 (SYNTHETIC),,57.87153912385848,13.965407237479843,Approach,619.0,117.0,Airbus,Model-606,Airplane,5,Turbojet,2,No Cloud,None,Eurasian Sparrowhawk,Accipiter nisus,Large,1,1,N,,,Nose,,0.0,0.0,0,0,Synthetic sample record generated for pipeline testing.,synthetic_fixture,False
SAMPLE-00091,2022-02-21,12:52,SAMPLE11,Sample Regional Airport 11 (SYNTHETIC),SS,33.24853596385772,-119.68596566466276,Landing Roll,166.0,234.0,Boeing,Model-590,Airplane,4,Turboprop,2,Some Cloud,Rain,Canada Goose,Branta canadensis,Medium,1,1,N,,,Nose,,0.0,0.0,0,0,Synthetic sample record generated for pipeline testing.,synthetic_fixture,False
SAMPLE-00092,2020-12-01,19:54,SAMPLE03,Sample Regional Airport 03 (SYNTHETIC),SS,35.97687760319312,-78.27860810554115,Climb,1196.0,211.0,Boeing,Model-177,Airplane,3,Turbofan,2,No Cloud,None,Greylag Goose,Anser anser,Medium,1,1,N,,,Wing,,0.0,0.0,0,0,Synthetic sample record generated for pipeline testing.,synthetic_fixture,False
SAMPLE-00093,2020-04-23,02:34,SAMPLE25,Sample Regional Airport 25 (SYNTHETIC),,53.76722448829513,11.24575176761562,Climb,149.0,177.0,Boeing,Model-279,Airplane,3,Turboprop,2,No Cloud,None,Canada Goose,Branta canadensis,Small,1,1,N,,,Windshield,,0.0,0.0,0,0,Synthetic sample record generated for pipeline testing.,synthetic_fixture,False
SAMPLE-00094,2022-07-23,12:59,SAMPLE23,Sample Regional Airport 23 (SYNTHETIC),,51.82776798081858,0.06753678404076291,En Route,109.0,244.0,Cessna,Model-288,Airplane,5,Turboprop,2,Overcast,None,Greylag Goose,Anser anser,Large,2-10,2-10,Y,M,Aborted Takeoff,Engine,Wing,24754.51,6777.93,0,0,Synthetic sample record generated for pipeline testing.,synthetic_fixture,False
SAMPLE-00095,2019-03-12,00:55,SAMPLE10,Sample Municipal Airport 10 (SYNTHETIC),SS,42.89003262352467,-102.57298456026014,Descent,614.0,133.0,Boeing,Model-408,Airplane,2,Turbofan,2,Some Cloud,Rain,American Crow,Corvus brachyrhynchos,Small,1,1,N,,,Windshield,,0.0,0.0,0,0,Synthetic sample record generated for pipeline testing.,synthetic_fixture,False
SAMPLE-00096,2022-01-05,18:19,SAMPLE21,Sample Regional Airport 21 (SYNTHETIC),,58.6283520730112,12.458593842776514,Approach,517.0,180.0,Boeing,Model-828,Airplane,4,Turbojet,2,Some Cloud,None,Common Kestrel,Falco tinnunculus,Small,1,1,N,,,Nose,,0.0,0.0,0,0,Synthetic sample record generated for pipeline testing.,synthetic_fixture,False
SAMPLE-00097,2024-12-09,21:17,SAMPLE11,Sample Regional Airport 11 (SYNTHETIC),SS,33.18743111218233,-119.66940196505426,Descent,164.0,172.0,Embraer,Model-669,Airplane,4,Turbojet,4,Overcast,None,Eurasian Sparrowhawk,Accipiter nisus,Medium,2-10,2-10,Y,S,Precautionary Landing,Windshield,Windshield,4839.06,3544.64,0,0,Synthetic sample record generated for pipeline testing.,synthetic_fixture,False
SAMPLE-00098,2018-08-31,15:55,SAMPLE17,Sample Regional Airport 17 (SYNTHETIC),,54.94995765905198,5.1519738604229195,Take-off run,12.0,115.0,Boeing,Model-633,Airplane,3,Turbofan,2,Some Cloud,None,Greylag Goose,Anser anser,Small,1,1,N,,,Engine,,0.0,0.0,0,0,Synthetic sample record generated for pipeline testing.,synthetic_fixture,False
SAMPLE-00099,2021-05-11,15:11,SAMPLE15,Sample Regional Airport 15 (SYNTHETIC),SS,33.42548522993513,-101.65545330046018,Approach,559.0,106.0,Bombardier,Model-518,Airplane,4,Turbofan,4,Overcast,None,Greylag Goose,Anser anser,Medium,1,1,N,,,Fuselage,,0.0,0.0,0,0,Synthetic sample record generated for pipeline testing.,synthetic_fixture,False
SAMPLE-00100,2020-02-12,11:28,SAMPLE11,Sample Regional Airport 11 (SYNTHETIC),SS,33.21306275394561,-119.6869759730248,Landing Roll,1575.0,219.0,Embraer,Model-401,Airplane,4,Turbojet,2,No Cloud,None,Mute Swan,Cygnus olor,Small,1,1,N,,,Nose,,0.0,0.0,0,0,Synthetic sample record generated for pipeline testing.,synthetic_fixture,False
SAMPLE-00101,2022-01-10,13:22,SAMPLE17,Sample Regional Airport 17 (SYNTHETIC),,54.96266963169557,5.156308012084801,En Route,149.0,107.0,Cessna,Model-729,Airplane,5,Turbofan,2,Overcast,Rain,Common Ringed Plover,Charadrius hiaticula,Small,2-10,2-10,N,,,Wing,,0.0,0.0,0,0,Synthetic sample record generated for pipeline testing.,synthetic_fixture,False
SAMPLE-00102,2019-05-06,18:23,SAMPLE21,Sample Regional Airport 21 (SYNTHETIC),,58.65655115247865,12.455569320362073,Take-off run,1421.0,108.0,Airbus,Model-220,Airplane,4,Turbojet,2,Some Cloud,None,Barn Swallow,Hirundo rustica,Small,2-10,2-10,N,,,Nose,,0.0,0.0,0,0,Synthetic sample record generated for pipeline testing.,synthetic_fixture,False
SAMPLE-00103,2024-02-02,04:55,SAMPLE12,Sample Municipal Airport 12 (SYNTHETIC),SS,42.501358547085324,-99.34917208361767,Take-off run,278.0,224.0,Airbus,Model-780,Airplane,5,Turboprop,2,Overcast,Fog,Great Blue Heron,Ardea herodias,Small,1,1,N,,,Engine,,0.0,0.0,0,0,Synthetic sample record generated for pipeline testing.,synthetic_fixture,False
SAMPLE-00104,2024-04-08,20:07,SAMPLE24,Sample Municipal Airport 24 (SYNTHETIC),,57.85594333200666,13.99362384019446,Landing Roll,284.0,224.0,Embraer,Model-277,Airplane,5,Turboprop,2,No Cloud,None,Bald Eagle,Haliaeetus leucocephalus,Medium,1,1,N,,,Windshield,,0.0,0.0,0,0,Synthetic sample record generated for pipeline testing.,synthetic_fixture,False
SAMPLE-00105,2024-05-16,21:15,SAMPLE23,Sample Regional Airport 23 (SYNTHETIC),,51.79279694355862,0.0658560743894992,Landing Roll,92.0,170.0,Cessna,Model-656,Airplane,4,Turbofan,2,Some Cloud,None,Common Kestrel,Falco tinnunculus,Small,2-10,2-10,N,,,Fuselage,,0.0,0.0,1,0,Synthetic sample record generated for pipeline testing.,synthetic_fixture,False
SAMPLE-00106,2023-01-02,23:08,SAMPLE16,Sample Municipal Airport 16 (SYNTHETIC),,49.215533092529334,2.339703013471401,Climb,1314.0,84.0,Bombardier,Model-132,Airplane,1,Turboprop,4,Some Cloud,None,Great Cormorant,Phalacrocorax carbo,Medium,1,1,N,,,Wing,,0.0,0.0,0,0,Synthetic sample record generated for pipeline testing.,synthetic_fixture,False
SAMPLE-00107,2023-02-05,16:34,SAMPLE10,Sample Municipal Airport 10 (SYNTHETIC),SS,42.85138582970784,-102.56834737645815,Approach,124.0,214.0,Boeing,Model-476,Airplane,5,Turboprop,2,Some Cloud,None,Grey Heron,Ardea cinerea,Small,1,1,N,,,Engine,,0.0,0.0,0,0,Synthetic sample record generated for pipeline testing.,synthetic_fixture,False
SAMPLE-00108,2019-03-20,22:39,SAMPLE14,Sample Municipal Airport 14 (SYNTHETIC),SS,38.86805236131845,-94.84201244474049,En Route,87.0,162.0,Cessna,Model-748,Airplane,4,Turbojet,4,Overcast,None,Great Black-backed Gull,Larus marinus,Medium,1,1,Y,S,None,Windshield,,3121.69,382.37,0,0,Synthetic sample record generated for pipeline testing.,synthetic_fixture,False
SAMPLE-00109,2021-02-22,00:50,SAMPLE23,Sample Regional Airport 23 (SYNTHETIC),,51.8340656915615,0.059796130360386265,Take-off run,362.0,199.0,Cessna,Model-484,Airplane,2,Turbojet,2,No Cloud,Rain,Grey Heron,Ardea cinerea,Medium,Over 100,Over 100,Y,M,Other,Nose,Wing,15448.2,5497.84,0,0,Synthetic sample record generated for pipeline testing.,synthetic_fixture,False
SAMPLE-00110,2022-08-01,09:12,SAMPLE24,Sample Municipal Airport 24 (SYNTHETIC),,57.82674092290982,13.937589296173886,Landing Roll,201.0,192.0,Bombardier,Model-777,Airplane,4,Turboprop,2,Overcast,Rain,Eurasian Sparrowhawk,Accipiter nisus,Small,1,1,N,,,Wing,,0.0,0.0,0,0,Synthetic sample record generated for pipeline testing.,synthetic_fixture,False
SAMPLE-00111,2021-11-29,01:21,SAMPLE20,Sample Municipal Airport 20 (SYNTHETIC),,54.46162332667737,4.016534134007753,En Route,3221.0,116.0,Bombardier,Model-573,Airplane,3,Turbofan,2,No Cloud,None,Bald Eagle,Haliaeetus leucocephalus,Medium,1,1,N,,,Wing,,0.0,0.0,0,0,Synthetic sample record generated for pipeline testing.,synthetic_fixture,False
SAMPLE-00112,2024-08-26,05:07,SAMPLE09,Sample Regional Airport 09 (SYNTHETIC),SS,37.00300195107355,-82.57148907570395,Approach,402.0,105.0,Cessna,Model-264,Airplane,3,Turbofan,2,No Cloud,Fog,Rock Pigeon,Columba livia,Small,1,1,N,,,Nose,,0.0,0.0,0,0,Synthetic sample record generated for pipeline testing.,synthetic_fixture,False
SAMPLE-00113,2024-03-22,11:31,SAMPLE08,Sample Municipal Airport 08 (SYNTHETIC),SS,33.04620146220374,-114.10446873042862,Take-off run,238.0,227.0,Airbus,Model-434,Airplane,3,Turbojet,2,Overcast,Rain,American Crow,Corvus brachyrhynchos,Medium,1,1,UNK,,,Nose,,0.0,0.0,0,0,Synthetic sample record generated for pipeline testing.,synthetic_fixture,False
SAMPLE-00114,2018-08-01,00:23,SAMPLE22,Sample Municipal Airport 22 (SYNTHETIC),,55.7256043017617,6.236526820878101,En Route,556.0,131.0,Bombardier,Model-180,Airplane,3,Turbofan,2,Overcast,None,Common Ringed Plover,Charadrius hiaticula,Large,2-10,2-10,N,,,Engine,,0.0,0.0,0,0,Synthetic sample record generated for pipeline testing.,synthetic_fixture,False
SAMPLE-00115,2023-02-24,11:06,SAMPLE05,Sample Regional Airport 05 (SYNTHETIC),SS,42.14232276443462,-104.02644316971617,Take-off run,820.0,211.0,Airbus,Model-598,Airplane,5,Turboprop,2,No Cloud,None,Common Ringed Plover,Charadrius hiaticula,Small,1,1,N,,,Windshield,,0.0,0.0,0,0,Synthetic sample record generated for pipeline testing.,synthetic_fixture,False
SAMPLE-00116,2018-10-01,14:00,,Sample Regional Airport 13 (SYNTHETIC),SS,40.67190363070639,-98.78998088054566,Climb,1148.0,148.0,Boeing,Model-368,Airplane,2,Turboprop,2,Some Cloud,None,Herring Gull,Larus argentatus,Medium,Over 100,Over 100,Y,M,Precautionary Landing,Fuselage,,9267.19,6.59,0,0,Synthetic sample record generated for pipeline testing.,synthetic_fixture,False
SAMPLE-00117,2023-03-30,16:58,SAMPLE22,Sample Municipal Airport 22 (SYNTHETIC),,55.7601420857087,6.241810256307263,Descent,1135.0,108.0,Boeing,Model-417,Airplane,4,Turbofan,2,Overcast,Rain,Canada Goose,Branta canadensis,Small,1,1,N,,,Fuselage,,0.0,0.0,0,0,Synthetic sample record generated for pipeline testing.,synthetic_fixture,False
SAMPLE-00118,2018-03-08,16:41,SAMPLE22,Sample Municipal Airport 22 (SYNTHETIC),,55.71938863245099,6.223874194044368,Landing Roll,736.0,145.0,Embraer,Model-315,Airplane,3,Turbofan,2,No Cloud,None,Common Kestrel,Falco tinnunculus,Large,1,1,N,,,Nose,,0.0,0.0,0,0,Synthetic sample record generated for pipeline testing.,synthetic_fixture,False
SAMPLE-00119,2020-03-26,04:28,SAMPLE10,Sample Municipal Airport 10 (SYNTHETIC),SS,42.87267038292423,-102.55947049985522,Descent,1405.0,206.0,Embraer,Model-704,Airplane,1,Turbojet,2,No Cloud,None,Common Raven,Corvus corax,Small,1,1,N,,,Windshield,,0.0,0.0,0,0,Synthetic sample record generated for pipeline testing.,synthetic_fixture,False
SAMPLE-00120,2021-09-01,13:43,SAMPLE21,Sample Regional Airport 21 (SYNTHETIC),,58.66583041389252,12.480917531471448,Approach,1560.0,235.0,Cessna,Model-100,Airplane,2,Turboprop,2,Overcast,None,Common Raven,Corvus corax,Large,1,1,N,,,Fuselage,,0.0,0.0,0,0,Synthetic sample record generated for pipeline testing.,synthetic_fixture,False
SAMPLE-00121,2022-01-02,20:48,SAMPLE07,Sample Regional Airport 07 (SYNTHETIC),SS,41.91099828097834,-76.44418384971817,Approach,117.0,159.0,Embraer,Model-592,Airplane,1,Turbofan,2,Overcast,None,Common Raven,Corvus corax,Small,1,1,N,,,Engine,,0.0,0.0,0,0,Synthetic sample record generated for pipeline testing.,synthetic_fixture,False
SAMPLE-00122,2023-10-06,00:34,SAMPLE19,Sample Regional Airport 19 (SYNTHETIC),,47.2960461311557,12.439492544047813,Landing Roll,622.0,145.0,Bombardier,Model-639,Airplane,2,Turbojet,4,No Cloud,Fog,Barn Swallow,Hirundo rustica,Small,1,1,N,,,Fuselage,,0.0,0.0,0,0,Synthetic sample record generated for pipeline testing.,synthetic_fixture,False
SAMPLE-00123,2018-10-19,03:20,SAMPLE11,Sample Regional Airport 11 (SYNTHETIC),SS,33.24158244513882,-119.6431525275676,Approach,2620.0,103.0,Airbus,Model-240,Airplane,5,Turbofan,2,Some Cloud,Fog,Common Raven,Corvus corax,Small,1,1,N,,,Wing,,0.0,0.0,0,0,Synthetic sample record generated for pipeline testing.,synthetic_fixture,False
SAMPLE-00124,2018-12-17,18:45,,Sample Municipal Airport 22 (SYNTHETIC),,55.77407300283885,6.233098228816187,Climb,1927.0,169.0,Bombardier,Model-426,Airplane,4,Turboprop,2,Overcast,Rain,Greylag Goose,Anser anser,Small,1,1,N,,,Engine,,0.0,0.0,0,0,Synthetic sample record generated for pipeline testing.,synthetic_fixture,False
SAMPLE-00125,2018-08-05,20:09,,Sample Regional Airport 23 (SYNTHETIC),,51.83284480196291,0.055968049497915354,Climb,559.0,239.0,Cessna,Model-421,Airplane,2,Turbojet,2,Overcast,None,Common Kestrel,Falco tinnunculus,Small,2-10,2-10,N,,,Wing,,0.0,0.0,0,0,Synthetic sample record generated for pipeline testing.,synthetic_fixture,False
SAMPLE-00126,2022-09-17,12:02,SAMPLE05,Sample Regional Airport 05 (SYNTHETIC),SS,42.12415888396161,-104.0540527525969,Descent,1560.0,212.0,Airbus,Model-271,Airplane,2,Turboprop,2,Some Cloud,None,Rock Pigeon,Columba livia,Small,1,1,N,,,Nose,,0.0,0.0,0,0,Synthetic sample record generated for pipeline testing.,synthetic_fixture,False
SAMPLE-00127,2022-10-23,03:34,SAMPLE11,Sample Regional Airport 11 (SYNTHETIC),SS,33.18524579041548,-119.66069208881378,Approach,2220.0,237.0,Airbus,Model-531,Airplane,3,Turbojet,2,Some Cloud,Rain,Greylag Goose,Anser anser,Small,1,1,N,,,Nose,,0.0,0.0,0,0,Synthetic sample record generated for pipeline testing.,synthetic_fixture,False
SAMPLE-00128,2020-11-01,10:41,SAMPLE24,Sample Municipal Airport 24 (SYNTHETIC),,57.834524465701634,13.943115011015674,Approach,259.0,87.0,Boeing,Model-875,Airplane,2,Turbojet,2,No Cloud,None,Common Starling,Sturnus vulgaris,Small,1,1,N,,,Engine,,0.0,0.0,0,0,Synthetic sample record generated for pipeline testing.,synthetic_fixture,False
SAMPLE-00129,2022-02-12,10:32,SAMPLE20,Sample Municipal Airport 20 (SYNTHETIC),,54.44721258476031,4.0721823207688805,Take-off run,690.0,123.0,Cessna,Model-437,Airplane,1,Turbofan,2,No Cloud,None,Eurasian Sparrowhawk,Accipiter nisus,Medium,1,1,,,,Nose,,0.0,0.0,0,0,Synthetic sample record generated for pipeline testing.,synthetic_fixture,False
SAMPLE-00130,2023-07-30,11:22,SAMPLE02,Sample Municipal Airport 02 (SYNTHETIC),SS,45.59858771332847,-85.77762643204237,Climb,90.0,117.0,Airbus,Model-399,Airplane,5,Turbofan,2,Some Cloud,None,Grey Heron,Ardea cinerea,Medium,1,1,Y,M,Precautionary Landing,Nose,Engine,7989.11,406.61,0,0,Synthetic sample record generated for pipeline testing.,synthetic_fixture,False
SAMPLE-00131,2018-09-21,17:08,SAMPLE17,Sample Regional Airport 17 (SYNTHETIC),,54.987472810810644,5.12300464850741,Take-off run,1549.0,190.0,Bombardier,Model-658,Airplane,2,Turbojet,2,No Cloud,None,Common Raven,Corvus corax,Medium,11-100,11-100,Y,M,Other,Wing,,11588.64,2596.57,0,0,Synthetic sample record generated for pipeline testing.,synthetic_fixture,False
SAMPLE-00132,2021-04-15,16:40,SAMPLE12,Sample Municipal Airport 12 (SYNTHETIC),SS,42.48547241355071,-99.35537526823985,Approach,90.0,237.0,Bombardier,Model-730,Airplane,3,Turboprop,2,No Cloud,None,Greylag Goose,Anser anser,Medium,1,1,N,,,Fuselage,,0.0,0.0,0,0,Synthetic sample record generated for pipeline testing.,synthetic_fixture,False
SAMPLE-00133,2021-07-15,02:48,SAMPLE15,Sample Regional Airport 15 (SYNTHETIC),SS,33.39706114002299,-101.62925390555417,Approach,1335.0,97.0,Bombardier,Model-394,Airplane,4,Turboprop,2,No Cloud,None,American Robin,Turdus migratorius,Large,1,1,N,,,Wing,,0.0,0.0,0,0,Synthetic sample record generated for pipeline testing.,synthetic_fixture,False
SAMPLE-00134,2020-05-28,17:37,SAMPLE07,Sample Regional Airport 07 (SYNTHETIC),SS,41.897112171787015,-76.42982306418217,Take-off run,213.0,178.0,Bombardier,Model-104,Airplane,4,Turboprop,2,Some Cloud,None,Canada Goose,Branta canadensis,Large,1,1,Y,M,Aborted Takeoff,Windshield,Engine,4831.93,1072.14,0,0,Synthetic sample record generated for pipeline testing.,synthetic_fixture,False
SAMPLE-00135,2024-09-02,20:39,SAMPLE23,Sample Regional Airport 23 (SYNTHETIC),,51.84780372718903,0.08863999539252519,Approach,1188.0,190.0,Embraer,Model-570,Airplane,1,Turboprop,2,No Cloud,Fog,Common Ringed Plover,Charadrius hiaticula,Small,2-10,2-10,N,,,Fuselage,,0.0,0.0,0,0,Synthetic sample record generated for pipeline testing.,synthetic_fixture,False
SAMPLE-00136,2020-07-12,11:56,SAMPLE03,Sample Regional Airport 03 (SYNTHETIC),SS,35.97247179525381,-78.27761585442254,En Route,410.0,203.0,Boeing,Model-259,Airplane,3,Turbojet,2,No Cloud,Fog,Great Blue Heron,Ardea herodias,Small,1,1,N,,,Windshield,,0.0,0.0,0,0,Synthetic sample record generated for pipeline testing.,synthetic_fixture,False
SAMPLE-00137,2022-09-20,14:48,SAMPLE19,Sample Regional Airport 19 (SYNTHETIC),,47.31997892899869,12.407625464575515,Descent,505.0,82.0,Airbus,Model-896,Airplane,2,Turbofan,2,No Cloud,Fog,Herring Gull,Larus argentatus,Medium,2-10,2-10,Y,M,Precautionary Landing,Nose,,16558.22,940.11,0,0,Synthetic sample record generated for pipeline testing.,synthetic_fixture,False
SAMPLE-00138,2022-10-30,14:46,SAMPLE17,Sample Regional Airport 17 (SYNTHETIC),,54.95360748676931,5.166344412201813,Take-off run,766.0,129.0,Boeing,Model-487,Airplane,2,Turboprop,2,Some Cloud,None,Common Ringed Plover,Charadrius hiaticula,Medium,1,1,N,,,Nose,,0.0,0.0,0,0,Synthetic sample record generated for pipeline testing.,synthetic_fixture,False
SAMPLE-00139,2020-09-18,23:52,SAMPLE04,Sample Municipal Airport 04 (SYNTHETIC),SS,33.639419560893934,-95.051962951303,Take-off run,545.0,225.0,Airbus,Model-501,Airplane,2,Turbofan,2,No Cloud,Rain,Grey Heron,Ardea cinerea,Medium,11-100,11-100,Y,M,None,Wing,Windshield,3740.54,2851.35,0,0,Synthetic sample record generated for pipeline testing.,synthetic_fixture,False
SAMPLE-00140,2024-01-22,09:07,SAMPLE03,Sample Regional Airport 03 (SYNTHETIC),SS,35.92210904020545,-78.28032895533578,Take-off run,117.0,155.0,Airbus,Model-838,Airplane,2,Turbofan,2,Some Cloud,None,Mute Swan,Cygnus olor,Small,1,1,N/A,,,Nose,,0.0,0.0,0,0,Synthetic sample record generated for pipeline testing.,synthetic_fixture,False
SAMPLE-00141,2020-08-05,18:51,SAMPLE01,Sample Regional Airport 01 (SYNTHETIC),SS,42.41867892331455,-100.28010252077198,Landing Roll,162.0,83.0,Embraer,Model-550,Airplane,2,Turbojet,2,Overcast,None,American Crow,Corvus brachyrhynchos,Large,2-10,2-10,N/A,,,Nose,,0.0,0.0,0,0,Synthetic sample record generated for pipeline testing.,synthetic_fixture,False
SAMPLE-00142,2021-01-31,21:11,SAMPLE25,Sample Regional Airport 25 (SYNTHETIC),,53.75826675064021,11.258885666901053,En Route,58.0,135.0,Boeing,Model-236,Airplane,2,Turboprop,2,Overcast,None,Canada Goose,Branta canadensis,Small,1,1,N,,,Engine,,0.0,0.0,0,0,Synthetic sample record generated for pipeline testing.,synthetic_fixture,False
SAMPLE-00143,2024-07-06,11:37,SAMPLE10,Sample Municipal Airport 10 (SYNTHETIC),SS,42.86834229082644,-102.57205933548808,Approach,20.0,106.0,Airbus,Model-324,Airplane,3,Turbojet,2,No Cloud,None,American Robin,Turdus migratorius,Small,11-100,11-100,N,,,Engine,,0.0,0.0,0,0,Synthetic sample record generated for pipeline testing.,synthetic_fixture,False
SAMPLE-00144,2019-10-08,16:40,SAMPLE21,Sample Regional Airport 21 (SYNTHETIC),,58.617186908324214,12.507506602339518,Descent,1068.0,156.0,Airbus,Model-668,Airplane,1,Turbojet,2,No Cloud,Fog,Rock Pigeon,Columba livia,Medium,1,1,N,,,Nose,,0.0,0.0,0,0,Synthetic sample record generated for pipeline testing.,synthetic_fixture,False
SAMPLE-00145,2022-02-26,02:50,SAMPLE19,Sample Regional Airport 19 (SYNTHETIC),,47.312491337208776,12.429781138108721,Approach,937.0,101.0,Airbus,Model-328,Airplane,4,Turbojet,2,No Cloud,None,Greylag Goose,Anser anser,Small,1,1,N,,,Windshield,,0.0,0.0,0,0,Synthetic sample record generated for pipeline testing.,synthetic_fixture,False
SAMPLE-00146,2022-02-13,19:26,SAMPLE11,Sample Regional Airport 11 (SYNTHETIC),SS,33.17937404938382,-119.67645191212954,Approach,945.0,238.0,Bombardier,Model-192,Airplane,5,Turbojet,2,Some Cloud,None,Common Kestrel,Falco tinnunculus,Small,2-10,2-10,N,,,Windshield,,0.0,0.0,0,0,Synthetic sample record generated for pipeline testing.,synthetic_fixture,False
SAMPLE-00147,2018-09-03,05:59,SAMPLE24,Sample Municipal Airport 24 (SYNTHETIC),,57.84389879833529,13.955632295943907,Approach,1778.0,88.0,Bombardier,Model-247,Airplane,5,Turbofan,4,Overcast,Fog,Bald Eagle,Haliaeetus leucocephalus,Medium,1,1,N,,,Fuselage,,0.0,0.0,0,0,Synthetic sample record generated for pipeline testing.,synthetic_fixture,False
SAMPLE-00148,2019-03-07,09:41,SAMPLE02,Sample Municipal Airport 02 (SYNTHETIC),SS,45.604118263356796,-85.76380212793156,Approach,443.0,101.0,Airbus,Model-428,Airplane,3,Turbojet,2,Overcast,None,Mute Swan,Cygnus olor,Medium,1,1,UNK,,,Wing,,0.0,0.0,0,0,Synthetic sample record generated for pipeline testing.,synthetic_fixture,False
SAMPLE-00149,2018-05-22,18:19,SAMPLE18,Sample Municipal Airport 18 (SYNTHETIC),,46.342752691672935,13.035418715985445,Approach,623.0,182.0,Cessna,Model-341,Airplane,1,Turbofan,2,No Cloud,Rain,Mallard,Anas platyrhynchos,Medium,1,1,Y,M,Aborted Takeoff,Wing,,1999.87,1048.45,0,0,Synthetic sample record generated for pipeline testing.,synthetic_fixture,False
SAMPLE-00150,2022-04-09,16:22,SAMPLE23,Sample Regional Airport 23 (SYNTHETIC),,51.84983075630271,0.08562788712871233,Take-off run,123.0,166.0,Bombardier,Model-891,Airplane,5,Turboprop,2,Overcast,None,Black-headed Gull,Chroicocephalus ridibundus,Large,1,1,N/A,,,Engine,,0.0,0.0,0,0,Synthetic sample record generated for pipeline testing.,synthetic_fixture,False
SAMPLE-00151,2022-10-06,16:50,SAMPLE10,Sample Municipal Airport 10 (SYNTHETIC),SS,42.87031326688213,-102.60850045967143,Approach,708.0,224.0,Cessna,Model-544,Airplane,5,Turboprop,2,No Cloud,None,Common Raven,Corvus corax,Large,1,1,N,,,Fuselage,,0.0,0.0,0,0,Synthetic sample record generated for pipeline testing.,synthetic_fixture,False
SAMPLE-00152,2021-09-01,10:58,SAMPLE15,Sample Regional Airport 15 (SYNTHETIC),SS,33.41129698919684,-101.62173287203231,Landing Roll,70.0,127.0,Boeing,Model-313,Airplane,3,Turbofan,2,Overcast,None,Mallard,Anas platyrhynchos,Medium,1,1,N,,,Nose,,0.0,0.0,0,0,Synthetic sample record generated for pipeline testing.,synthetic_fixture,False
SAMPLE-00153,2023-01-12,22:06,SAMPLE08,Sample Municipal Airport 08 (SYNTHETIC),SS,33.04000386489753,-114.15192199991056,Descent,222.0,151.0,Embraer,Model-620,Airplane,3,Turboprop,2,No Cloud,None,Mallard,Anas platyrhynchos,Medium,11-100,11-100,Y,S,Precautionary Landing,Engine,,44118.39,107.79,0,0,Synthetic sample record generated for pipeline testing.,synthetic_fixture,False
SAMPLE-00154,2018-05-20,15:15,SAMPLE21,Sample Regional Airport 21 (SYNTHETIC),,58.61995845862463,12.50345037952074,Approach,352.0,180.0,Cessna,Model-646,Airplane,1,Turbofan,2,Some Cloud,None,Herring Gull,Larus argentatus,Small,2-10,2-10,N,,,Windshield,,0.0,0.0,0,0,Synthetic sample record generated for pipeline testing.,synthetic_fixture,False
SAMPLE-00155,2018-12-20,13:11,SAMPLE11,Sample Regional Airport 11 (SYNTHETIC),SS,33.17739248360011,-119.67822366749863,En Route,330.0,143.0,Airbus,Model-588,Airplane,1,Turboprop,2,Overcast,None,Bald Eagle,Haliaeetus leucocephalus,Medium,1,1,N,,,Fuselage,,0.0,0.0,0,0,Synthetic sample record generated for pipeline testing.,synthetic_fixture,False
SAMPLE-00156,2018-10-26,21:06,SAMPLE04,Sample Municipal Airport 04 (SYNTHETIC),SS,33.63595886525157,-95.0311372197288,Take-off run,3196.0,121.0,Cessna,Model-430,Airplane,4,Turboprop,2,No Cloud,Fog,Common Kestrel,Falco tinnunculus,Medium,1,1,Y,M,None,Windshield,Engine,24837.06,4695.6,0,0,Synthetic sample record generated for pipeline testing.,synthetic_fixture,False
SAMPLE-00157,2019-02-24,20:18,SAMPLE21,Sample Regional Airport 21 (SYNTHETIC),,58.63706877604282,12.50230681908912,Descent,1802.0,82.0,Boeing,Model-385,Airplane,4,Turbojet,2,No Cloud,None,Common Buzzard,Buteo buteo,Small,1,1,N,,,Fuselage,,0.0,0.0,0,0,Synthetic sample record generated for pipeline testing.,synthetic_fixture,False
SAMPLE-00158,2023-12-15,10:27,SAMPLE14,Sample Municipal Airport 14 (SYNTHETIC),SS,38.86516674713354,-94.84338221620845,Landing Roll,633.0,139.0,Boeing,Model-846,Airplane,3,Turbofan,2,Overcast,None,Great Cormorant,Phalacrocorax carbo,Small,1,1,UNK,,,Windshield,,0.0,0.0,0,0,Synthetic sample record generated for pipeline testing.,synthetic_fixture,False
SAMPLE-00159,2022-01-09,09:09,SAMPLE03,Sample Regional Airport 03 (SYNTHETIC),SS,35.94122483028774,-78.25014433834524,En Route,836.0,226.0,Bombardier,Model-374,Airplane,2,Turbojet,2,Some Cloud,None,Common Kestrel,Falco tinnunculus,Medium,1,1,N,,,Fuselage,,0.0,0.0,0,0,Synthetic sample record generated for pipeline testing.,synthetic_fixture,False
SAMPLE-00160,2022-04-03,07:16,SAMPLE21,Sample Regional Airport 21 (SYNTHETIC),,58.65245897357834,12.480495235037072,Descent,798.0,96.0,Bombardier,Model-105,Airplane,1,Turbojet,4,Overcast,Rain,Grey Heron,Ardea cinerea,Small,2-10,2-10,N,,,Wing,,0.0,0.0,0,0,Synthetic sample record generated for pipeline testing.,synthetic_fixture,False
SAMPLE-00161,2018-04-19,05:40,SAMPLE09,Sample Regional Airport 09 (SYNTHETIC),SS,36.9799047574481,-82.54155503114664,En Route,725.0,161.0,Bombardier,Model-623,Airplane,2,Turbofan,2,Overcast,None,Common Kestrel,Falco tinnunculus,Medium,1,1,N,,,Wing,,0.0,0.0,0,0,Synthetic sample record generated for pipeline testing.,synthetic_fixture,False
SAMPLE-00162,2021-09-18,16:35,,Sample Municipal Airport 02 (SYNTHETIC),SS,45.61972718974165,-85.77049389123142,Approach,945.0,231.0,Bombardier,Model-505,Airplane,2,Turbofan,2,No Cloud,Fog,Great Cormorant,Phalacrocorax carbo,Medium,1,1,N,,,Windshield,,0.0,0.0,0,0,Synthetic sample record generated for pipeline testing.,synthetic_fixture,False
SAMPLE-00163,2020-06-22,02:06,SAMPLE03,Sample Regional Airport 03 (SYNTHETIC),SS,35.925241360229236,-78.30482874261516,Descent,425.0,86.0,Cessna,Model-592,Airplane,2,Turbofan,4,Some Cloud,None,Common Ringed Plover,Charadrius hiaticula,Medium,1,1,Y,M,Precautionary Landing,Fuselage,,214.95,1943.09,0,0,Synthetic sample record generated for pipeline testing.,synthetic_fixture,False
SAMPLE-00164,2018-01-29,06:44,SAMPLE03,Sample Regional Airport 03 (SYNTHETIC),SS,35.9436069793154,-78.30996637070044,Climb,579.0,100.0,Airbus,Model-759,Airplane,5,Turboprop,2,Some Cloud,None,Rock Pigeon,Columba livia,Small,1,1,N,,,Wing,,0.0,0.0,0,0,Synthetic sample record generated for pipeline testing.,synthetic_fixture,False
SAMPLE-00165,2022-11-12,21:09,SAMPLE02,Sample Municipal Airport 02 (SYNTHETIC),SS,45.62769897818908,-85.72425214392437,Approach,364.0,149.0,Bombardier,Model-431,Airplane,3,Turboprop,2,Overcast,None,Common Ringed Plover,Charadrius hiaticula,Medium,2-10,2-10,N,,,Fuselage,,0.0,0.0,0,0,Synthetic sample record generated for pipeline testing.,synthetic_fixture,False
SAMPLE-00166,2018-09-26,09:11,SAMPLE11,Sample Regional Airport 11 (SYNTHETIC),SS,33.1802392334696,-119.68314980770919,Landing Roll,30.0,241.0,Cessna,Model-716,Airplane,1,Turboprop,4,Overcast,None,Barn Swallow,Hirundo rustica,Small,1,1,N,,,Fuselage,,0.0,0.0,0,0,Synthetic sample record generated for pipeline testing.,synthetic_fixture,False
SAMPLE-00167,2018-09-16,06:27,SAMPLE16,Sample Municipal Airport 16 (SYNTHETIC),,49.234011566210405,2.343935776595919,Descent,835.0,113.0,Embraer,Model-175,Airplane,1,Turboprop,2,Overcast,Snow,Common Buzzard,Buteo buteo,Small,1,1,N,,,Nose,,0.0,0.0,0,0,Synthetic sample record generated for pipeline testing.,synthetic_fixture,False
SAMPLE-00168,2019-12-07,07:44,SAMPLE21,Sample Regional Airport 21 (SYNTHETIC),,58.63302698649706,12.51802239673289,Take-off run,500.0,208.0,Embraer,Model-318,Airplane,2,Turboprop,4,Some Cloud,Rain,American Robin,Turdus migratorius,Medium,1,1,N,,,Windshield,,0.0,0.0,0,0,Synthetic sample record generated for pipeline testing.,synthetic_fixture,False
SAMPLE-00169,2022-01-26,07:01,SAMPLE16,Sample Municipal Airport 16 (SYNTHETIC),,49.23961757667605,2.324206600676362,En Route,1407.0,157.0,Airbus,Model-234,Airplane,3,Turbojet,2,No Cloud,None,Common Starling,Sturnus vulgaris,Small,2-10,2-10,N,,,Wing,,0.0,0.0,0,0,Synthetic sample record generated for pipeline testing.,synthetic_fixture,False
SAMPLE-00170,2020-03-03,13:10,,Sample Regional Airport 09 (SYNTHETIC),SS,36.993759506459895,-82.52478991886454,Climb,540.0,239.0,Boeing,Model-544,Airplane,1,Turbojet,2,Some Cloud,Rain,Eurasian Sparrowhawk,Accipiter nisus,Small,1,1,N,,,Wing,,0.0,0.0,0,0,Synthetic sample record generated for pipeline testing.,synthetic_fixture,False
SAMPLE-00171,2019-12-19,10:57,SAMPLE05,Sample Regional Airport 05 (SYNTHETIC),SS,42.15088064270703,-104.01149884623149,Take-off run,1124.0,110.0,Bombardier,Model-348,Airplane,3,Turbofan,2,Some Cloud,None,Canada Goose,Branta canadensis,Small,1,1,N,,,Engine,,0.0,0.0,0,0,Synthetic sample record generated for pipeline testing.,synthetic_fixture,False
SAMPLE-00172,2020-12-30,19:29,,Sample Regional Airport 01 (SYNTHETIC),SS,42.37097506065756,-100.2727284091876,Take-off run,1377.0,220.0,Cessna,Model-479,Airplane,5,Turbojet,2,No Cloud,None,Herring Gull,Larus argentatus,Medium,1,1,N,,,Nose,,0.0,0.0,0,0,Synthetic sample record generated for pipeline testing.,synthetic_fixture,False
SAMPLE-00173,2020-10-02,10:10,SAMPLE11,Sample Regional Airport 11 (SYNTHETIC),SS,33.19615586166556,-119.66888956051038,En Route,236.0,148.0,Embraer,Model-536,Airplane,3,Turbofan,2,Some Cloud,None,Mute Swan,Cygnus olor,Small,1,1,N,,,Fuselage,,0.0,0.0,0,0,Synthetic sample record generated for pipeline testing.,synthetic_fixture,False
SAMPLE-00174,2023-07-25,04:51,SAMPLE12,Sample Municipal Airport 12 (SYNTHETIC),SS,42.496379206799645,-99.37062509029495,Approach,1125.0,205.0,Airbus,Model-812,Airplane,4,Turbojet,4,Some Cloud,None,Herring Gull,Larus argentatus,Small,1,1,N,,,Wing,,0.0,0.0,0,0,Synthetic sample record generated for pipeline testing.,synthetic_fixture,False
SAMPLE-00175,2019-08-30,20:15,SAMPLE10,Sample Municipal Airport 10 (SYNTHETIC),SS,42.89279262923772,-102.54464691158849,Approach,345.0,95.0,Cessna,Model-853,Airplane,1,Turbofan,2,No Cloud,None,Common Kestrel,Falco tinnunculus,Small,2-10,2-10,N,,,Engine,,0.0,0.0,0,0,Synthetic sample record generated for pipeline testing.,synthetic_fixture,False
SAMPLE-00176,2020-01-12,16:01,SAMPLE21,Sample Regional Airport 21 (SYNTHETIC),,58.665040888325265,12.50840940148251,Climb,16.0,217.0,Embraer,Model-485,Airplane,1,Turbojet,2,No Cloud,Fog,Rock Pigeon,Columba livia,Medium,2-10,2-10,Y,S,Precautionary Landing,Fuselage,Windshield,12897.06,3084.64,0,0,Synthetic sample record generated for pipeline testing.,synthetic_fixture,False
SAMPLE-00177,2024-08-21,05:20,SAMPLE18,Sample Municipal Airport 18 (SYNTHETIC),,46.33547459850894,13.071250780978678,Take-off run,408.0,134.0,Embraer,Model-303,Airplane,3,Turbojet,2,No Cloud,None,Common Kestrel,Falco tinnunculus,Small,1,1,N,,,Engine,,0.0,0.0,0,0,Synthetic sample record generated for pipeline testing.,synthetic_fixture,False
SAMPLE-00178,2022-01-27,13:14,SAMPLE25,Sample Regional Airport 25 (SYNTHETIC),,53.753169323700384,11.266334139790368,Descent,1277.0,164.0,Cessna,Model-665,Airplane,5,Turboprop,2,No Cloud,None,Rock Pigeon,Columba livia,Small,11-100,11-100,UNK,,,Nose,,0.0,0.0,0,0,Synthetic sample record generated for pipeline testing.,synthetic_fixture,False
SAMPLE-00179,2022-05-05,06:14,SAMPLE07,Sample Regional Airport 07 (SYNTHETIC),SS,41.92484988806068,-76.47059514885778,Approach,851.0,82.0,Bombardier,Model-473,Airplane,4,Turboprop,2,Overcast,Rain,Great Black-backed Gull,Larus marinus,Small,1,1,N,,,Windshield,,0.0,0.0,0,0,Synthetic sample record generated for pipeline testing.,synthetic_fixture,False
SAMPLE-00180,2018-11-27,03:48,SAMPLE20,Sample Municipal Airport 20 (SYNTHETIC),,54.45563993246886,4.074181405571339,Take-off run,1132.0,247.0,Embraer,Model-442,Airplane,3,Turbojet,2,Some Cloud,None,Mallard,Anas platyrhynchos,Medium,1,1,Y,M,Precautionary Landing,Engine,,45733.47,756.43,0,0,Synthetic sample record generated for pipeline testing.,synthetic_fixture,False
SAMPLE-00181,2024-11-28,09:25,SAMPLE20,Sample Municipal Airport 20 (SYNTHETIC),,54.436054148112284,4.047611874669991,Approach,613.0,226.0,Boeing,Model-611,Airplane,5,Turbofan,2,No Cloud,Fog,Common Starling,Sturnus vulgaris,Small,2-10,2-10,N,,,Windshield,,0.0,0.0,0,0,Synthetic sample record generated for pipeline testing.,synthetic_fixture,False
SAMPLE-00182,2018-04-30,10:35,SAMPLE18,Sample Municipal Airport 18 (SYNTHETIC),,46.37162618253832,13.085564381530839,Descent,83.0,96.0,Cessna,Model-135,Airplane,3,Turbofan,2,Overcast,None,American Robin,Turdus migratorius,Medium,1,1,N,,,Engine,,0.0,0.0,0,0,Synthetic sample record generated for pipeline testing.,synthetic_fixture,False
SAMPLE-00183,2019-07-15,00:38,SAMPLE15,Sample Regional Airport 15 (SYNTHETIC),SS,33.41499438348635,-101.63141609682363,Descent,1196.0,206.0,Airbus,Model-292,Airplane,4,Turbofan,2,Overcast,Rain,American Robin,Turdus migratorius,Small,2-10,2-10,N,,,Wing,,0.0,0.0,0,0,Synthetic sample record generated for pipeline testing.,synthetic_fixture,False
SAMPLE-00184,2021-05-14,15:36,SAMPLE01,Sample Regional Airport 01 (SYNTHETIC),SS,42.408947747750005,-100.24859207651951,En Route,281.0,97.0,Boeing,Model-335,Airplane,4,Turbojet,2,No Cloud,None,Common Buzzard,Buteo buteo,Small,2-10,2-10,N,,,Windshield,,0.0,0.0,0,0,Synthetic sample record generated for pipeline testing.,synthetic_fixture,False
SAMPLE-00185,2020-08-17,18:36,SAMPLE13,Sample Regional Airport 13 (SYNTHETIC),SS,40.68711282864152,-98.85927900258484,Approach,941.0,247.0,Cessna,Model-634,Airplane,2,Turboprop,2,Overcast,None,Rock Pigeon,Columba livia,Medium,1,1,N,,,Wing,,0.0,0.0,0,0,Synthetic sample record generated for pipeline testing.,synthetic_fixture,False
SAMPLE-00186,2018-09-15,21:24,SAMPLE23,Sample Regional Airport 23 (SYNTHETIC),,51.81948308957133,0.039627660599365726,Landing Roll,2467.0,228.0,Bombardier,Model-791,Airplane,2,Turbojet,2,Overcast,Rain,Common Raven,Corvus corax,Large,1,1,UNK,,,Wing,,0.0,0.0,0,0,Synthetic sample record generated for pipeline testing.,synthetic_fixture,False
SAMPLE-00187,2024-05-14,01:15,SAMPLE21,Sample Regional Airport 21 (SYNTHETIC),,58.65995490136764,12.501011294363215,Landing Roll,760.0,112.0,Embraer,Model-171,Airplane,1,Turboprop,2,Overcast,None,Canada Goose,Branta canadensis,Medium,1,1,N,,,Windshield,,0.0,0.0,0,0,Synthetic sample record generated for pipeline testing.,synthetic_fixture,False
SAMPLE-00188,2020-11-14,15:35,,Sample Municipal Airport 06 (SYNTHETIC),SS,33.13710677580608,-98.97584255329271,Take-off run,791.0,81.0,Embraer,Model-582,Airplane,2,Turbojet,2,Some Cloud,Fog,Great Black-backed Gull,Larus marinus,Small,1,1,N,,,Fuselage,,0.0,0.0,0,0,Synthetic sample record generated for pipeline testing.,synthetic_fixture,False
SAMPLE-00189,2020-08-21,19:00,SAMPLE02,Sample Municipal Airport 02 (SYNTHETIC),SS,45.6031784806951,-85.76594632809153,Approach,791.0,131.0,Airbus,Model-249,Airplane,3,Turbojet,2,Some Cloud,Rain,Great Blue Heron,Ardea herodias,Small,1,1,N,,,Engine,,0.0,0.0,0,0,Synthetic sample record generated for pipeline testing.,synthetic_fixture,False
SAMPLE-00190,2019-07-27,19:11,SAMPLE09,Sample Regional Airport 09 (SYNTHETIC),SS,37.01683662002107,-82.50409522900135,Climb,449.0,186.0,Embraer,Model-444,Airplane,4,Turbojet,2,Some Cloud,None,Barn Swallow,Hirundo rustica,Small,1,1,N,,,Engine,,0.0,0.0,0,0,Synthetic sample record generated for pipeline testing.,synthetic_fixture,False
SAMPLE-00191,2023-08-06,04:00,SAMPLE16,Sample Municipal Airport 16 (SYNTHETIC),,49.22323130121854,2.296625056129034,Climb,545.0,197.0,Boeing,Model-630,Airplane,5,Turbofan,2,Overcast,None,Rock Pigeon,Columba livia,Small,2-10,2-10,N,,,Windshield,,0.0,0.0,0,0,Synthetic sample record generated for pipeline testing.,synthetic_fixture,False
SAMPLE-00192,2024-01-18,19:53,SAMPLE04,Sample Municipal Airport 04 (SYNTHETIC),SS,33.638802986813076,-95.0840408317414,Take-off run,249.0,209.0,Boeing,Model-555,Airplane,3,Turboprop,2,Some Cloud,Rain,Greylag Goose,Anser anser,Medium,1,1,N,,,Wing,,0.0,0.0,0,0,Synthetic sample record generated for pipeline testing.,synthetic_fixture,False
SAMPLE-00193,2023-09-01,11:53,SAMPLE20,Sample Municipal Airport 20 (SYNTHETIC),,54.44369634427609,4.060112674506217,Take-off run,264.0,188.0,Cessna,Model-608,Airplane,2,Turbofan,2,Overcast,None,Common Kestrel,Falco tinnunculus,Small,11-100,11-100,N,,,Windshield,,0.0,0.0,0,0,Synthetic sample record generated for pipeline testing.,synthetic_fixture,False
SAMPLE-00194,2018-09-30,18:17,SAMPLE11,Sample Regional Airport 11 (SYNTHETIC),SS,33.19956817599089,-119.65640276097572,Approach,337.0,198.0,Cessna,Model-761,Airplane,2,Turboprop,2,Some Cloud,None,American Crow,Corvus brachyrhynchos,Large,1,1,Y,M,Aborted Takeoff,Nose,Windshield,2132.49,550.59,0,0,Synthetic sample record generated for pipeline testing.,synthetic_fixture,False
SAMPLE-00195,2022-07-12,14:35,SAMPLE18,Sample Municipal Airport 18 (SYNTHETIC),,46.377235296036964,13.077001091715443,Descent,73.0,248.0,Airbus,Model-184,Airplane,3,Turbofan,2,Some Cloud,None,American Robin,Turdus migratorius,Small,1,1,N,,,Windshield,,0.0,0.0,0,0,Synthetic sample record generated for pipeline testing.,synthetic_fixture,False
SAMPLE-00196,2023-11-02,07:38,SAMPLE15,Sample Regional Airport 15 (SYNTHETIC),SS,33.44282740552688,-101.62980637324543,En Route,670.0,100.0,Boeing,Model-572,Airplane,5,Turbofan,2,Overcast,None,Great Black-backed Gull,Larus marinus,Medium,2-10,2-10,N,,,Windshield,,0.0,0.0,0,0,Synthetic sample record generated for pipeline testing.,synthetic_fixture,False
SAMPLE-00197,2020-02-22,11:49,SAMPLE23,Sample Regional Airport 23 (SYNTHETIC),,51.81296201510627,0.05404430671800178,En Route,1156.0,86.0,Embraer,Model-851,Airplane,3,Turboprop,2,Some Cloud,None,Common Starling,Sturnus vulgaris,Medium,1,1,N,,,Fuselage,,0.0,0.0,0,0,Synthetic sample record generated for pipeline testing.,synthetic_fixture,False
SAMPLE-00198,2020-12-25,20:42,SAMPLE01,Sample Regional Airport 01 (SYNTHETIC),SS,42.39889120107251,-100.2735981149875,Take-off run,1758.0,106.0,Boeing,Model-834,Airplane,2,Turbofan,2,Some Cloud,None,Mallard,Anas platyrhynchos,Medium,1,1,N,,,Windshield,,0.0,0.0,0,0,Synthetic sample record generated for pipeline testing.,synthetic_fixture,False
SAMPLE-00199,2018-10-13,06:35,SAMPLE21,Sample Regional Airport 21 (SYNTHETIC),,58.58372092675525,12.456620827052353,Descent,170.0,83.0,Airbus,Model-879,Airplane,2,Turboprop,2,Overcast,None,Bald Eagle,Haliaeetus leucocephalus,Large,1,1,Y,M,None,Nose,,601.21,1084.48,0,0,Synthetic sample record generated for pipeline testing.,synthetic_fixture,False
SAMPLE-00200,2020-09-20,09:31,SAMPLE05,Sample Regional Airport 05 (SYNTHETIC),SS,42.09809151547674,-104.05506605808847,Take-off run,2379.0,153.0,Airbus,Model-829,Airplane,5,Turbofan,2,Overcast,Rain,Barn Swallow,Hirundo rustica,Large,2-10,2-10,N,,,Windshield,,0.0,0.0,0,0,Synthetic sample record generated for pipeline testing.,synthetic_fixture,False
SAMPLE-00201,2018-11-29,21:42,SAMPLE07,Sample Regional Airport 07 (SYNTHETIC),SS,41.897740066508085,-76.46203082881237,Take-off run,521.0,83.0,Embraer,Model-131,Airplane,3,Turbojet,2,Overcast,Fog,Canada Goose,Branta canadensis,Medium,1,1,N,,,Nose,,0.0,0.0,0,0,Synthetic sample record generated for pipeline testing.,synthetic_fixture,False
SAMPLE-00202,2018-10-28,03:53,SAMPLE23,Sample Regional Airport 23 (SYNTHETIC),,51.87506728932266,0.0628380891300413,Take-off run,476.0,112.0,Airbus,Model-856,Airplane,3,Turbojet,2,Some Cloud,Fog,Herring Gull,Larus argentatus,Small,2-10,2-10,N,,,Nose,,0.0,0.0,0,0,Synthetic sample record generated for pipeline testing.,synthetic_fixture,False
SAMPLE-00203,2020-11-15,02:36,SAMPLE10,Sample Municipal Airport 10 (SYNTHETIC),SS,42.85207599323324,-102.56612674563891,Landing Roll,129.0,112.0,Bombardier,Model-114,Airplane,4,Turbojet,2,No Cloud,None,Grey Heron,Ardea cinerea,Small,1,1,N,,,Nose,,0.0,0.0,0,0,Synthetic sample record generated for pipeline testing.,synthetic_fixture,False
SAMPLE-00204,2018-09-04,00:25,SAMPLE08,Sample Municipal Airport 08 (SYNTHETIC),SS,33.05495588644419,-114.1613192218466,En Route,411.0,224.0,Airbus,Model-812,Airplane,4,Turbofan,2,Some Cloud,None,Canada Goose,Branta canadensis,Medium,1,1,N,,,Windshield,,0.0,0.0,0,0,Synthetic sample record generated for pipeline testing.,synthetic_fixture,False
SAMPLE-00205,2023-10-18,08:06,SAMPLE06,Sample Municipal Airport 06 (SYNTHETIC),SS,33.11030941433342,-98.9954784919264,Landing Roll,252.0,94.0,Cessna,Model-869,Airplane,1,Turboprop,2,Some Cloud,None,Great Black-backed Gull,Larus marinus,Small,2-10,2-10,N,,,Fuselage,,0.0,0.0,0,0,Synthetic sample record generated for pipeline testing.,synthetic_fixture,False
SAMPLE-00206,2023-06-21,15:16,,Sample Regional Airport 23 (SYNTHETIC),,51.814825592432825,0.0639203151450592,En Route,170.0,209.0,Airbus,Model-716,Airplane,3,Turbojet,2,No Cloud,Rain,Greylag Goose,Anser anser,Medium,1,1,N,,,Wing,,0.0,0.0,1,0,Synthetic sample record generated for pipeline testing.,synthetic_fixture,False
SAMPLE-00207,2018-12-19,22:50,SAMPLE16,Sample Municipal Airport 16 (SYNTHETIC),,49.217315921167895,2.3547178994513183,Landing Roll,1390.0,227.0,Embraer,Model-698,Airplane,3,Turboprop,2,Some Cloud,None,American Robin,Turdus migratorius,Small,11-100,11-100,Y,M,Aborted Takeoff,Nose,Windshield,7681.07,2194.11,0,0,Synthetic sample record generated for pipeline testing.,synthetic_fixture,False
SAMPLE-00208,2023-09-21,07:14,SAMPLE06,Sample Municipal Airport 06 (SYNTHETIC),SS,33.10214380138397,-99.0061130474655,Climb,715.0,192.0,Embraer,Model-705,Airplane,3,Turboprop,2,No Cloud,Fog,Mute Swan,Cygnus olor,Small,1,1,N,,,Fuselage,,0.0,0.0,0,0,Synthetic sample record generated for pipeline testing.,synthetic_fixture,False
SAMPLE-00209,2018-02-27,16:01,SAMPLE02,Sample Municipal Airport 02 (SYNTHETIC),SS,45.634116925865506,-85.73125662771477,Approach,703.0,239.0,Cessna,Model-379,Airplane,3,Turboprop,2,Overcast,None,Greylag Goose,Anser anser,Small,1,1,N,,,Nose,,0.0,0.0,0,0,Synthetic sample record generated for pipeline testing.,synthetic_fixture,False
SAMPLE-00210,2019-02-10,11:39,SAMPLE03,Sample Regional Airport 03 (SYNTHETIC),SS,35.93678034673615,-78.28124970315861,Take-off run,832.0,91.0,Airbus,Model-848,Airplane,4,Turbojet,2,No Cloud,None,Common Starling,Sturnus vulgaris,Small,1,1,N,,,Wing,,0.0,0.0,0,0,Synthetic sample record generated for pipeline testing.,synthetic_fixture,False
SAMPLE-00211,2024-03-07,16:38,SAMPLE22,Sample Municipal Airport 22 (SYNTHETIC),,55.73549844939717,6.290053098910396,Landing Roll,646.0,229.0,Cessna,Model-615,Airplane,4,Turbojet,2,Overcast,None,Great Blue Heron,Ardea herodias,Large,1,1,N,,,Windshield,,0.0,0.0,0,0,Synthetic sample record generated for pipeline testing.,synthetic_fixture,False
SAMPLE-00212,2019-11-16,05:01,SAMPLE14,Sample Municipal Airport 14 (SYNTHETIC),SS,38.84902267120285,-94.80238970412785,Landing Roll,655.0,209.0,Cessna,Model-544,Airplane,5,Turbofan,2,No Cloud,None,Common Buzzard,Buteo buteo,Medium,1,1,Y,M,Other,Wing,,11941.45,217.38,0,0,Synthetic sample record generated for pipeline testing.,synthetic_fixture,False
SAMPLE-00213,2018-02-21,20:23,SAMPLE16,Sample Municipal Airport 16 (SYNTHETIC),,49.201823177896856,2.3474276639206297,Approach,225.0,213.0,Boeing,Model-486,Airplane,1,Turbojet,2,Overcast,None,Common Buzzard,Buteo buteo,Medium,1,1,Y,S,Other,Wing,Engine,11084.37,661.55,0,0,Synthetic sample record generated for pipeline testing.,synthetic_fixture,False
SAMPLE-00214,2021-03-05,15:43,SAMPLE03,Sample Regional Airport 03 (SYNTHETIC),SS,35.92062743479421,-78.2326378334923,Take-off run,641.0,132.0,Cessna,Model-221,Airplane,4,Turboprop,2,Some Cloud,Fog,Grey Heron,Ardea cinerea,Small,1,1,N,,,Engine,,0.0,0.0,0,0,Synthetic sample record generated for pipeline testing.,synthetic_fixture,False
SAMPLE-00215,2022-07-11,04:47,SAMPLE18,Sample Municipal Airport 18 (SYNTHETIC),,46.353372235915586,13.003986133889553,Take-off run,2799.0,101.0,Embraer,Model-643,Airplane,4,Turboprop,2,Some Cloud,None,Great Cormorant,Phalacrocorax carbo,Medium,1,1,N/A,,,Engine,,0.0,0.0,0,0,Synthetic sample record generated for pipeline testing.,synthetic_fixture,False
SAMPLE-00216,2018-03-12,02:16,SAMPLE16,Sample Municipal Airport 16 (SYNTHETIC),,49.232330476768645,2.3047162672896273,Take-off run,1094.0,122.0,Embraer,Model-235,Airplane,4,Turbofan,4,No Cloud,Snow,Common Ringed Plover,Charadrius hiaticula,Medium,2-10,2-10,N,,,Windshield,,0.0,0.0,0,0,Synthetic sample record generated for pipeline testing.,synthetic_fixture,False
SAMPLE-00217,2020-08-17,15:51,SAMPLE23,Sample Regional Airport 23 (SYNTHETIC),,51.849449032921385,0.06036328650341563,En Route,1691.0,158.0,Boeing,Model-846,Airplane,2,Turbofan,2,Some Cloud,None,American Robin,Turdus migratorius,Small,1,1,N,,,Nose,,0.0,0.0,0,0,Synthetic sample record generated for pipeline testing.,synthetic_fixture,False
SAMPLE-00218,2023-12-03,04:13,SAMPLE17,Sample Regional Airport 17 (SYNTHETIC),,54.97575660330754,5.207990835073946,Landing Roll,528.0,100.0,Airbus,Model-108,Airplane,3,Turbojet,2,Some Cloud,None,Great Blue Heron,Ardea herodias,Small,2-10,2-10,Y,S,Other,Nose,,29619.94,1613.63,0,0,Synthetic sample record generated for pipeline testing.,synthetic_fixture,False
SAMPLE-00219,2022-11-15,05:15,SAMPLE24,Sample Municipal Airport 24 (SYNTHETIC),,57.852642872065346,13.969280998529925,Climb,287.0,233.0,Embraer,Model-264,Airplane,5,Turbofan,2,Some Cloud,Rain,Herring Gull,Larus argentatus,Medium,1,1,N,,,Wing,,0.0,0.0,0,0,Synthetic sample record generated for pipeline testing.,synthetic_fixture,False
SAMPLE-00220,2022-01-21,07:48,SAMPLE15,Sample Regional Airport 15 (SYNTHETIC),SS,33.40783999880981,-101.57668127843498,Approach,232.0,213.0,Embraer,Model-254,Airplane,2,Turbojet,2,No Cloud,None,Grey Heron,Ardea cinerea,Medium,2-10,2-10,N,,,Engine,,0.0,0.0,0,0,Synthetic sample record generated for pipeline testing.,synthetic_fixture,False
SAMPLE-00221,2022-08-03,09:43,SAMPLE10,Sample Municipal Airport 10 (SYNTHETIC),SS,42.855692795229494,-102.55482318897627,Take-off run,1312.0,160.0,Boeing,Model-406,Airplane,2,Turboprop,4,Overcast,None,Barn Swallow,Hirundo rustica,Medium,1,1,N,,,Nose,,0.0,0.0,0,0,Synthetic sample record generated for pipeline testing.,synthetic_fixture,False
SAMPLE-00222,2024-04-16,18:42,SAMPLE06,Sample Municipal Airport 06 (SYNTHETIC),SS,33.054438769540866,-98.9845045462467,Approach,473.0,104.0,Boeing,Model-184,Airplane,2,Turbojet,2,Overcast,Rain,Common Raven,Corvus corax,Small,1,1,N,,,Windshield,,0.0,0.0,0,0,Synthetic sample record generated for pipeline testing.,synthetic_fixture,False
SAMPLE-00223,2021-02-07,13:44,SAMPLE19,Sample Regional Airport 19 (SYNTHETIC),,47.29598240732661,12.389000557319415,Climb,27.0,204.0,Cessna,Model-153,Airplane,4,Turboprop,2,No Cloud,None,Rock Pigeon,Columba livia,Medium,1,1,N,,,Nose,,0.0,0.0,0,0,Synthetic sample record generated for pipeline testing.,synthetic_fixture,False
SAMPLE-00224,2022-05-30,00:13,SAMPLE05,Sample Regional Airport 05 (SYNTHETIC),SS,42.10865847978111,-104.03304689938882,Landing Roll,1629.0,221.0,Boeing,Model-581,Airplane,3,Turbojet,2,No Cloud,None,Greylag Goose,Anser anser,Small,1,1,N,,,Wing,,0.0,0.0,0,0,Synthetic sample record generated for pipeline testing.,synthetic_fixture,False
SAMPLE-00225,2019-12-22,05:30,SAMPLE22,Sample Municipal Airport 22 (SYNTHETIC),,55.7668194976171,6.20896151438703,Descent,450.0,91.0,Boeing,Model-836,Airplane,1,Turbofan,2,Some Cloud,Fog,American Robin,Turdus migratorius,Medium,1,1,N,,,Windshield,,0.0,0.0,0,0,Synthetic sample record generated for pipeline testing.,synthetic_fixture,False
SAMPLE-00226,2019-11-21,08:06,SAMPLE19,Sample Regional Airport 19 (SYNTHETIC),,47.29583236447879,12.40772573900322,Climb,528.0,115.0,Airbus,Model-413,Airplane,1,Turboprop,4,Overcast,Rain,Common Ringed Plover,Charadrius hiaticula,Small,1,1,N,,,Fuselage,,0.0,0.0,0,0,Synthetic sample record generated for pipeline testing.,synthetic_fixture,False
SAMPLE-00227,2020-12-31,10:42,SAMPLE14,Sample Municipal Airport 14 (SYNTHETIC),SS,38.84305738379263,-94.81070893409193,Landing Roll,82.0,162.0,Cessna,Model-605,Airplane,4,Turbojet,2,Overcast,Snow,Common Ringed Plover,Charadrius hiaticula,Small,1,1,N,,,Wing,,0.0,0.0,0,0,Synthetic sample record generated for pipeline testing.,synthetic_fixture,False
SAMPLE-00228,2018-06-04,17:59,SAMPLE06,Sample Municipal Airport 06 (SYNTHETIC),SS,33.10965508111338,-99.01740734935666,Climb,534.0,170.0,Airbus,Model-191,Airplane,2,Turboprop,2,Some Cloud,None,Common Kestrel,Falco tinnunculus,Medium,1,1,N,,,Engine,,0.0,0.0,0,0,Synthetic sample record generated for pipeline testing.,synthetic_fixture,False
SAMPLE-00229,2022-03-20,13:59,SAMPLE17,Sample Regional Airport 17 (SYNTHETIC),,54.97022284279558,5.1420901596111355,Approach,79.0,151.0,Cessna,Model-149,Airplane,2,Turbofan,2,Some Cloud,None,Black-headed Gull,Chroicocephalus ridibundus,Small,1,1,N,,,Nose,,0.0,0.0,1,0,Synthetic sample record generated for pipeline testing.,synthetic_fixture,False
SAMPLE-00230,2024-03-17,17:57,SAMPLE24,Sample Municipal Airport 24 (SYNTHETIC),,57.82614024561053,13.950719010919508,Approach,951.0,177.0,Boeing,Model-125,Airplane,5,Turbofan,2,Overcast,Rain,Mute Swan,Cygnus olor,Large,11-100,11-100,UNK,,,Engine,,0.0,0.0,0,0,Synthetic sample record generated for pipeline testing.,synthetic_fixture,False
SAMPLE-00231,2021-11-12,23:57,SAMPLE02,Sample Municipal Airport 02 (SYNTHETIC),SS,45.616004362679874,-85.75354878675829,Approach,600.0,113.0,Boeing,Model-494,Airplane,3,Turbofan,2,Overcast,None,Mallard,Anas platyrhynchos,Small,1,1,N,,,Fuselage,,0.0,0.0,0,0,Synthetic sample record generated for pipeline testing.,synthetic_fixture,False
SAMPLE-00232,2019-03-20,07:33,SAMPLE22,Sample Municipal Airport 22 (SYNTHETIC),,55.71260394076393,6.240617330367153,Approach,32.0,241.0,Cessna,Model-303,Airplane,4,Turboprop,2,Overcast,None,Common Ringed Plover,Charadrius hiaticula,Small,2-10,2-10,N,,,Fuselage,,0.0,0.0,0,0,Synthetic sample record generated for pipeline testing.,synthetic_fixture,False
SAMPLE-00233,2020-08-02,06:24,SAMPLE14,Sample Municipal Airport 14 (SYNTHETIC),SS,38.84478665735616,-94.83515553716875,Landing Roll,62.0,125.0,Embraer,Model-856,Airplane,1,Turboprop,2,Overcast,Snow,Canada Goose,Branta canadensis,Medium,1,1,N,,,Fuselage,,0.0,0.0,0,0,Synthetic sample record generated for pipeline testing.,synthetic_fixture,False
SAMPLE-00234,2022-09-29,09:28,SAMPLE22,Sample Municipal Airport 22 (SYNTHETIC),,55.747370612366964,6.240904363397317,Approach,948.0,181.0,Cessna,Model-597,Airplane,3,Turboprop,2,Some Cloud,None,Grey Heron,Ardea cinerea,Medium,2-10,2-10,N,,,Wing,,0.0,0.0,0,0,Synthetic sample record generated for pipeline testing.,synthetic_fixture,False
SAMPLE-00235,2024-04-12,14:41,SAMPLE12,Sample Municipal Airport 12 (SYNTHETIC),SS,42.46455255891308,-99.35623158864809,Descent,578.0,108.0,Cessna,Model-197,Airplane,3,Turbojet,2,Some Cloud,None,Greylag Goose,Anser anser,Large,1,1,Y,S,Other,Wing,,9186.21,5315.21,0,0,Synthetic sample record generated for pipeline testing.,synthetic_fixture,False
SAMPLE-00236,2022-08-03,14:27,SAMPLE22,Sample Municipal Airport 22 (SYNTHETIC),,55.75486202424541,6.234840599863917,Take-off run,150.0,201.0,Cessna,Model-725,Airplane,1,Turbofan,4,No Cloud,Rain,Common Raven,Corvus corax,Medium,11-100,11-100,N,,,Fuselage,,0.0,0.0,0,0,Synthetic sample record generated for pipeline testing.,synthetic_fixture,False
SAMPLE-00237,2022-05-22,07:50,SAMPLE11,Sample Regional Airport 11 (SYNTHETIC),SS,33.17445951525723,-119.65808281015796,Descent,103.0,179.0,Airbus,Model-581,Airplane,3,Turbojet,2,No Cloud,None,Bald Eagle,Haliaeetus leucocephalus,Small,1,1,N,,,Engine,,0.0,0.0,0,0,Synthetic sample record generated for pipeline testing.,synthetic_fixture,False
SAMPLE-00238,2020-03-28,02:28,SAMPLE18,Sample Municipal Airport 18 (SYNTHETIC),,46.34531035324523,13.042306680819557,Landing Roll,98.0,145.0,Bombardier,Model-282,Airplane,4,Turboprop,2,Overcast,Rain,Common Kestrel,Falco tinnunculus,Small,11-100,11-100,N,,,Engine,,0.0,0.0,0,0,Synthetic sample record generated for pipeline testing.,synthetic_fixture,False
SAMPLE-00239,2022-04-03,10:57,SAMPLE21,Sample Regional Airport 21 (SYNTHETIC),,58.64716994184776,12.497989189075216,Approach,1543.0,227.0,Boeing,Model-400,Airplane,3,Turbofan,4,Overcast,None,Black-headed Gull,Chroicocephalus ridibundus,Small,2-10,2-10,N,,,Wing,,0.0,0.0,0,0,Synthetic sample record generated for pipeline testing.,synthetic_fixture,False
SAMPLE-00240,2019-03-18,01:03,SAMPLE25,Sample Regional Airport 25 (SYNTHETIC),,53.73605768325631,11.242560325304234,Take-off run,208.0,97.0,Airbus,Model-700,Airplane,4,Turbojet,2,Overcast,None,Common Ringed Plover,Charadrius hiaticula,Medium,2-10,2-10,Y,S,Aborted Takeoff,Fuselage,,11567.58,2669.33,0,0,Synthetic sample record generated for pipeline testing.,synthetic_fixture,False
SAMPLE-00241,2023-01-22,12:35,SAMPLE04,Sample Municipal Airport 04 (SYNTHETIC),SS,33.64562880589531,-95.01931581061801,En Route,189.0,155.0,Cessna,Model-536,Airplane,1,Turbofan,2,No Cloud,None,Barn Swallow,Hirundo rustica,Large,1,1,N,,,Wing,,0.0,0.0,0,0,Synthetic sample record generated for pipeline testing.,synthetic_fixture,False
SAMPLE-00242,2019-08-15,03:30,SAMPLE14,Sample Municipal Airport 14 (SYNTHETIC),SS,38.8483488279015,-94.84004261326191,En Route,89.0,96.0,Airbus,Model-251,Airplane,5,Turbofan,2,Some Cloud,None,Eurasian Sparrowhawk,Accipiter nisus,Medium,11-100,11-100,N,,,Fuselage,,0.0,0.0,0,0,Synthetic sample record generated for pipeline testing.,synthetic_fixture,False
SAMPLE-00243,2021-09-14,22:17,SAMPLE24,Sample Municipal Airport 24 (SYNTHETIC),,57.8230196908205,13.962984788955971,Approach,106.0,158.0,Bombardier,Model-829,Airplane,2,Turbofan,2,Overcast,None,Grey Heron,Ardea cinerea,Small,1,1,Y,S,None,Engine,Windshield,7914.02,803.0,0,0,Synthetic sample record generated for pipeline testing.,synthetic_fixture,False
SAMPLE-00244,2021-02-21,05:34,SAMPLE15,Sample Regional Airport 15 (SYNTHETIC),SS,33.38263942043235,-101.62382725608825,Climb,26.0,165.0,Bombardier,Model-357,Airplane,2,Turboprop,2,No Cloud,None,Black-headed Gull,Chroicocephalus ridibundus,Medium,1,1,Y,M,None,Wing,,1362.18,1494.64,0,0,Synthetic sample record generated for pipeline testing.,synthetic_fixture,False
SAMPLE-00245,2021-11-05,23:03,SAMPLE08,Sample Municipal Airport 08 (SYNTHETIC),SS,33.02452039102572,-114.1529156543047,Landing Roll,2043.0,220.0,Cessna,Model-839,Airplane,1,Turboprop,2,No Cloud,None,Eurasian Sparrowhawk,Accipiter nisus,Small,11-100,11-100,N,,,Windshield,,0.0,0.0,0,0,Synthetic sample record generated for pipeline testing.,synthetic_fixture,False
SAMPLE-00246,2019-03-23,11:22,SAMPLE18,Sample Municipal Airport 18 (SYNTHETIC),,46.36990632151938,13.080737359455444,Descent,1116.0,142.0,Embraer,Model-361,Airplane,5,Turbofan,2,No Cloud,None,Eurasian Sparrowhawk,Accipiter nisus,Medium,1,1,Y,M,None,Nose,Engine,8795.02,987.93,0,0,Synthetic sample record generated for pipeline testing.,synthetic_fixture,False
SAMPLE-00247,2019-11-30,23:50,SAMPLE18,Sample Municipal Airport 18 (SYNTHETIC),,46.37506023507695,13.01959669683964,Approach,17.0,164.0,Cessna,Model-616,Airplane,5,Turbojet,2,Overcast,None,American Robin,Turdus migratorius,Small,1,1,N,,,Fuselage,,0.0,0.0,0,0,Synthetic sample record generated for pipeline testing.,synthetic_fixture,False
SAMPLE-00248,2021-01-26,06:05,SAMPLE14,Sample Municipal Airport 14 (SYNTHETIC),SS,38.86738052657527,-94.85563870791987,Descent,832.0,221.0,Embraer,Model-480,Airplane,1,Turbojet,2,Some Cloud,None,Great Cormorant,Phalacrocorax carbo,Small,1,1,N,,,Windshield,,0.0,0.0,0,0,Synthetic sample record generated for pipeline testing.,synthetic_fixture,False
SAMPLE-00249,2022-04-06,18:04,SAMPLE09,Sample Regional Airport 09 (SYNTHETIC),SS,37.00210478136153,-82.56179530522037,Approach,1052.0,208.0,Airbus,Model-356,Airplane,2,Turboprop,2,No Cloud,Rain,Mallard,Anas platyrhynchos,Small,1,1,N,,,Windshield,,0.0,0.0,0,0,Synthetic sample record generated for pipeline testing.,synthetic_fixture,False
SAMPLE-00250,2018-06-28,10:30,SAMPLE20,Sample Municipal Airport 20 (SYNTHETIC),,54.4592795401476,4.079389775162758,Take-off run,1879.0,146.0,Cessna,Model-841,Airplane,4,Turboprop,2,Overcast,Rain,Mute Swan,Cygnus olor,Medium,1,1,N,,,Windshield,,0.0,0.0,0,0,Synthetic sample record generated for pipeline testing.,synthetic_fixture,False
SAMPLE-00251,2024-11-08,11:00,SAMPLE20,Sample Municipal Airport 20 (SYNTHETIC),,54.4613877026525,4.047018408164127,En Route,1061.0,151.0,Airbus,Model-366,Airplane,4,Turboprop,2,Overcast,None,Canada Goose,Branta canadensis,Medium,1,1,Y,M,Precautionary Landing,Wing,Windshield,4344.19,2555.81,0,0,Synthetic sample record generated for pipeline testing.,synthetic_fixture,False
SAMPLE-00252,2018-01-25,19:09,SAMPLE06,Sample Municipal Airport 06 (SYNTHETIC),SS,33.09333306867223,-99.00074524641451,En Route,2.0,152.0,Airbus,Model-861,Airplane,5,Turbojet,2,Some Cloud,Fog,Mallard,Anas platyrhynchos,Small,11-100,11-100,N,,,Engine,,0.0,0.0,0,0,Synthetic sample record generated for pipeline testing.,synthetic_fixture,False
SAMPLE-00253,2018-09-07,08:33,SAMPLE06,Sample Municipal Airport 06 (SYNTHETIC),SS,33.12332037215364,-98.96476687538052,Take-off run,510.0,153.0,Bombardier,Model-527,Airplane,3,Turbofan,2,Some Cloud,None,Common Buzzard,Buteo buteo,Small,11-100,11-100,N,,,Fuselage,,0.0,0.0,0,0,Synthetic sample record generated for pipeline testing.,synthetic_fixture,False
SAMPLE-00254,2023-10-17,16:38,,Sample Municipal Airport 24 (SYNTHETIC),,57.84424854062251,13.975637045105225,Take-off run,411.0,109.0,Boeing,Model-404,Airplane,2,Turboprop,2,No Cloud,None,Herring Gull,Larus argentatus,Small,1,1,N,,,Engine,,0.0,0.0,0,0,Synthetic sample record generated for pipeline testing.,synthetic_fixture,False
SAMPLE-00255,2019-10-26,03:34,SAMPLE07,Sample Regional Airport 07 (SYNTHETIC),SS,41.93099291307411,-76.43770820943838,Take-off run,5278.0,244.0,Airbus,Model-252,Airplane,3,Turboprop,2,No Cloud,None,Mute Swan,Cygnus olor,Small,1,1,N,,,Nose,,0.0,0.0,0,0,Synthetic sample record generated for pipeline testing.,synthetic_fixture,False
SAMPLE-00256,2018-02-09,19:51,SAMPLE18,Sample Municipal Airport 18 (SYNTHETIC),,46.32042397916527,13.054051859792644,Take-off run,57.0,195.0,Airbus,Model-796,Airplane,5,Turbofan,2,No Cloud,None,Bald Eagle,Haliaeetus leucocephalus,Medium,1,1,Y,M,Other,Fuselage,Wing,1789.51,2547.27,0,0,Synthetic sample record generated for pipeline testing.,synthetic_fixture,False
SAMPLE-00257,2022-08-07,07:43,SAMPLE13,Sample Regional Airport 13 (SYNTHETIC),SS,40.73053666546187,-98.78936780431088,Approach,95.0,112.0,Boeing,Model-111,Airplane,3,Turboprop,2,Overcast,None,Mallard,Anas platyrhynchos,Large,1,1,Y,S,None,Windshield,Engine,11177.99,180.81,0,0,Synthetic sample record generated for pipeline testing.,synthetic_fixture,False
SAMPLE-00258,2022-09-18,03:55,SAMPLE06,Sample Municipal Airport 06 (SYNTHETIC),SS,33.12235510935144,-98.94051197228282,Approach,783.0,184.0,Embraer,Model-507,Airplane,4,Turbofan,2,Overcast,None,Grey Heron,Ardea cinerea,Small,11-100,11-100,Y,M,None,Windshield,Wing,4028.39,5344.74,0,0,Synthetic sample record generated for pipeline testing.,synthetic_fixture,False
SAMPLE-00259,2019-10-27,04:01,SAMPLE15,Sample Regional Airport 15 (SYNTHETIC),SS,33.420831438488236,-101.6281145065076,En Route,7.0,125.0,Boeing,Model-669,Airplane,1,Turboprop,2,No Cloud,None,Canada Goose,Branta canadensis,Small,1,1,N,,,Fuselage,,0.0,0.0,0,0,Synthetic sample record generated for pipeline testing.,synthetic_fixture,False
SAMPLE-00260,2023-03-17,09:30,SAMPLE25,Sample Regional Airport 25 (SYNTHETIC),,53.757939934206874,11.243136601370402,En Route,1149.0,165.0,Embraer,Model-237,Airplane,4,Turbofan,2,Overcast,Rain,Black-headed Gull,Chroicocephalus ridibundus,Small,1,1,Y,M,None,Wing,,856.68,463.43,0,0,Synthetic sample record generated for pipeline testing.,synthetic_fixture,False
SAMPLE-00261,2019-06-01,19:35,SAMPLE09,Sample Regional Airport 09 (SYNTHETIC),SS,36.99071290506786,-82.53005170727009,Landing Roll,888.0,121.0,Bombardier,Model-863,Airplane,2,Turbojet,2,Overcast,Rain,Rock Pigeon,Columba livia,Small,1,1,N,,,Nose,,0.0,0.0,0,0,Synthetic sample record generated for pipeline testing.,synthetic_fixture,False
SAMPLE-00262,2019-03-09,17:11,SAMPLE03,Sample Regional Airport 03 (SYNTHETIC),SS,35.88182825038228,-78.28605980271499,En Route,1635.0,122.0,Airbus,Model-474,Airplane,3,Turbojet,2,No Cloud,Rain,Canada Goose,Branta canadensis,Small,2-10,2-10,N,,,Engine,,0.0,0.0,0,0,Synthetic sample record generated for pipeline testing.,synthetic_fixture,False
SAMPLE-00263,2021-06-14,20:35,SAMPLE15,Sample Regional Airport 15 (SYNTHETIC),SS,33.44429626565879,-101.65127045583155,Take-off run,903.0,110.0,Airbus,Model-675,Airplane,1,Turboprop,2,Overcast,Snow,Bald Eagle,Haliaeetus leucocephalus,Small,1,1,N,,,Wing,,0.0,0.0,0,0,Synthetic sample record generated for pipeline testing.,synthetic_fixture,False
SAMPLE-00264,2021-08-24,04:33,SAMPLE16,Sample Municipal Airport 16 (SYNTHETIC),,49.227570011089085,2.3399075156330964,Landing Roll,828.0,211.0,Cessna,Model-876,Airplane,1,Turboprop,2,Some Cloud,Snow,Great Blue Heron,Ardea herodias,Small,2-10,2-10,UNK,,,Windshield,,0.0,0.0,0,0,Synthetic sample record generated for pipeline testing.,synthetic_fixture,False
SAMPLE-00265,2019-07-09,07:47,SAMPLE16,Sample Municipal Airport 16 (SYNTHETIC),,49.23844467794559,2.3537108976711614,En Route,2591.0,179.0,Cessna,Model-489,Airplane,4,Turbofan,4,Overcast,Rain,Great Black-backed Gull,Larus marinus,Medium,1,1,N,,,Engine,,0.0,0.0,0,0,Synthetic sample record generated for pipeline testing.,synthetic_fixture,False
SAMPLE-00266,2018-07-16,16:30,SAMPLE20,Sample Municipal Airport 20 (SYNTHETIC),,54.446682549229934,4.067008324965002,Approach,88.0,167.0,Airbus,Model-563,Airplane,1,Turboprop,2,Some Cloud,None,Mallard,Anas platyrhynchos,Small,1,1,N,,,Nose,,0.0,0.0,0,0,Synthetic sample record generated for pipeline testing.,synthetic_fixture,False
SAMPLE-00267,2023-10-15,23:21,SAMPLE20,Sample Municipal Airport 20 (SYNTHETIC),,54.45417265242497,4.028619621599586,Climb,369.0,205.0,Cessna,Model-602,Airplane,2,Turboprop,2,Overcast,None,Black-headed Gull,Chroicocephalus ridibundus,Medium,1,1,N,,,Engine,,0.0,0.0,0,0,Synthetic sample record generated for pipeline testing.,synthetic_fixture,False
SAMPLE-00268,2023-07-04,02:42,SAMPLE08,Sample Municipal Airport 08 (SYNTHETIC),SS,33.05925220809271,-114.15915332002842,En Route,832.0,145.0,Airbus,Model-662,Airplane,3,Turboprop,4,Some Cloud,None,Greylag Goose,Anser anser,Small,2-10,2-10,N,,,Fuselage,,0.0,0.0,0,0,Synthetic sample record generated for pipeline testing.,synthetic_fixture,False
SAMPLE-00269,2020-09-18,00:41,SAMPLE23,Sample Regional Airport 23 (SYNTHETIC),,51.802320032444676,0.0836753982424393,En Route,145.0,212.0,Boeing,Model-864,Airplane,4,Turboprop,2,No Cloud,None,Common Buzzard,Buteo buteo,Small,1,1,N,,,Engine,,0.0,0.0,0,0,Synthetic sample record generated for pipeline testing.,synthetic_fixture,False
SAMPLE-00270,2019-05-14,14:43,SAMPLE14,Sample Municipal Airport 14 (SYNTHETIC),SS,38.853092148611445,-94.8304627410526,Landing Roll,222.0,122.0,Embraer,Model-328,Airplane,3,Turboprop,2,No Cloud,Rain,Eurasian Sparrowhawk,Accipiter nisus,Large,2-10,2-10,Y,M,None,Fuselage,,12193.74,1190.42,0,0,Synthetic sample record generated for pipeline testing.,synthetic_fixture,False
SAMPLE-00271,2021-06-04,12:56,SAMPLE13,Sample Regional Airport 13 (SYNTHETIC),SS,40.69310261963287,-98.85365491933051,Approach,224.0,120.0,Bombardier,Model-451,Airplane,1,Turboprop,2,Overcast,None,Bald Eagle,Haliaeetus leucocephalus,Small,1,1,N,,,Engine,,0.0,0.0,0,0,Synthetic sample record generated for pipeline testing.,synthetic_fixture,False
SAMPLE-00272,2024-11-06,08:35,SAMPLE07,Sample Regional Airport 07 (SYNTHETIC),SS,41.93324432200546,-76.47010095642837,En Route,3112.0,119.0,Embraer,Model-119,Airplane,3,Turboprop,4,Some Cloud,Snow,Canada Goose,Branta canadensis,Medium,1,1,N,,,Engine,,0.0,0.0,0,0,Synthetic sample record generated for pipeline testing.,synthetic_fixture,False
SAMPLE-00273,2021-08-18,00:57,SAMPLE17,Sample Regional Airport 17 (SYNTHETIC),,54.96053990634921,5.1602296877881795,Approach,652.0,211.0,Embraer,Model-739,Airplane,5,Turbofan,2,Some Cloud,None,Mallard,Anas platyrhynchos,Small,1,1,N,,,Wing,,0.0,0.0,0,0,Synthetic sample record generated for pipeline testing.,synthetic_fixture,False
SAMPLE-00274,2020-03-28,22:04,SAMPLE14,Sample Municipal Airport 14 (SYNTHETIC),SS,38.86915364991814,-94.84046316682688,Take-off run,576.0,87.0,Airbus,Model-812,Airplane,4,Turbojet,2,Some Cloud,None,Great Cormorant,Phalacrocorax carbo,Medium,1,1,N,,,Nose,,0.0,0.0,0,0,Synthetic sample record generated for pipeline testing.,synthetic_fixture,False
SAMPLE-00275,2018-12-10,20:22,SAMPLE10,Sample Municipal Airport 10 (SYNTHETIC),SS,42.86973397810332,-102.54704915769504,En Route,202.0,187.0,Cessna,Model-165,Airplane,4,Turbofan,2,No Cloud,None,Rock Pigeon,Columba livia,Small,1,1,N,,,Nose,,0.0,0.0,0,0,Synthetic sample record generated for pipeline testing.,synthetic_fixture,False
SAMPLE-00276,2023-05-11,18:19,SAMPLE05,Sample Regional Airport 05 (SYNTHETIC),SS,42.13400264767228,-104.0318517293475,Take-off run,2133.0,100.0,Cessna,Model-609,Airplane,1,Turboprop,2,Some Cloud,None,Canada Goose,Branta canadensis,Small,1,1,N,,,Wing,,0.0,0.0,0,0,Synthetic sample record generated for pipeline testing.,synthetic_fixture,False
SAMPLE-00277,2024-06-30,13:13,SAMPLE04,Sample Municipal Airport 04 (SYNTHETIC),SS,33.64098975296159,-95.06035396036711,Landing Roll,43.0,106.0,Embraer,Model-853,Airplane,5,Turbojet,2,Some Cloud,None,Great Blue Heron,Ardea herodias,Small,1,1,N,,,Windshield,,0.0,0.0,0,0,Synthetic sample record generated for pipeline testing.,synthetic_fixture,False
SAMPLE-00278,2021-04-30,02:03,SAMPLE10,Sample Municipal Airport 10 (SYNTHETIC),SS,42.87332018591297,-102.56453272063213,Climb,423.0,224.0,Airbus,Model-186,Airplane,3,Turbofan,2,No Cloud,Fog,Common Kestrel,Falco tinnunculus,Large,1,1,Y,M,None,Wing,Wing,3764.28,245.42,0,0,Synthetic sample record generated for pipeline testing.,synthetic_fixture,False
SAMPLE-00279,2023-01-15,03:02,SAMPLE12,Sample Municipal Airport 12 (SYNTHETIC),SS,42.487256660010246,-99.34488608836996,Climb,932.0,116.0,Embraer,Model-154,Airplane,1,Turbojet,4,Overcast,None,Common Ringed Plover,Charadrius hiaticula,Large,1,1,N,,,Nose,,0.0,0.0,0,0,Synthetic sample record generated for pipeline testing.,synthetic_fixture,False
SAMPLE-00280,2020-08-10,03:37,SAMPLE12,Sample Municipal Airport 12 (SYNTHETIC),SS,42.48030695259038,-99.35075282385165,Approach,2025.0,143.0,Cessna,Model-899,Airplane,3,Turbofan,2,Overcast,Rain,Canada Goose,Branta canadensis,Medium,1,1,N,,,Engine,,0.0,0.0,0,0,Synthetic sample record generated for pipeline testing.,synthetic_fixture,False
SAMPLE-00281,2023-07-22,10:54,SAMPLE10,Sample Municipal Airport 10 (SYNTHETIC),SS,42.8641905754971,-102.52886397827808,Descent,437.0,195.0,Bombardier,Model-870,Airplane,2,Turboprop,2,Some Cloud,None,Herring Gull,Larus argentatus,Medium,1,1,Y,S,Precautionary Landing,Windshield,Wing,7439.83,132.19,0,0,Synthetic sample record generated for pipeline testing.,synthetic_fixture,False
SAMPLE-00282,2019-02-10,09:25,SAMPLE07,Sample Regional Airport 07 (SYNTHETIC),SS,41.92837159388202,-76.485471115221,Take-off run,1912.0,167.0,Boeing,Model-784,Airplane,3,Turboprop,2,Overcast,Fog,Greylag Goose,Anser anser,Medium,1,1,N,,,Fuselage,,0.0,0.0,0,0,Synthetic sample record generated for pipeline testing.,synthetic_fixture,False
SAMPLE-00283,2018-12-12,02:29,SAMPLE14,Sample Municipal Airport 14 (SYNTHETIC),SS,38.86977074386883,-94.85040095337257,En Route,1307.0,159.0,Cessna,Model-528,Airplane,3,Turbofan,2,No Cloud,None,Herring Gull,Larus argentatus,Small,1,1,Y,M,Aborted Takeoff,Windshield,Wing,9773.28,1259.17,0,0,Synthetic sample record generated for pipeline testing.,synthetic_fixture,False
SAMPLE-00284,2023-04-28,16:14,SAMPLE02,Sample Municipal Airport 02 (SYNTHETIC),SS,45.582752271696435,-85.73426209495813,Take-off run,1197.0,145.0,Boeing,Model-554,Airplane,4,Turbofan,2,Overcast,None,Rock Pigeon,Columba livia,Small,1,1,N,,,Engine,,0.0,0.0,0,0,Synthetic sample record generated for pipeline testing.,synthetic_fixture,False
SAMPLE-00285,2022-12-21,06:36,SAMPLE03,Sample Regional Airport 03 (SYNTHETIC),SS,35.93852976725562,-78.3237068758622,Take-off run,862.0,91.0,Embraer,Model-147,Airplane,3,Turbojet,2,Overcast,None,Mallard,Anas platyrhynchos,Small,1,1,N,,,Engine,,0.0,0.0,0,0,Synthetic sample record generated for pipeline testing.,synthetic_fixture,False
SAMPLE-00286,2022-06-09,23:08,SAMPLE21,Sample Regional Airport 21 (SYNTHETIC),,58.61722170373185,12.48058456333971,Take-off run,607.0,225.0,Embraer,Model-116,Airplane,5,Turbojet,2,Some Cloud,None,Common Buzzard,Buteo buteo,Small,1,1,N,,,Wing,,0.0,0.0,0,0,Synthetic sample record generated for pipeline testing.,synthetic_fixture,False
SAMPLE-00287,2021-06-12,15:44,SAMPLE06,Sample Municipal Airport 06 (SYNTHETIC),SS,33.12444555589706,-99.01524980528822,Take-off run,78.0,126.0,Bombardier,Model-683,Airplane,3,Turboprop,2,No Cloud,None,Common Starling,Sturnus vulgaris,Small,1,1,N,,,Windshield,,0.0,0.0,1,0,Synthetic sample record generated for pipeline testing.,synthetic_fixture,False
SAMPLE-00288,2023-04-22,19:44,SAMPLE05,Sample Regional Airport 05 (SYNTHETIC),SS,42.11698692161541,-104.05348398433101,Landing Roll,1055.0,239.0,Bombardier,Model-358,Airplane,3,Turboprop,2,Some Cloud,Rain,American Robin,Turdus migratorius,Medium,2-10,2-10,N,,,Wing,,0.0,0.0,0,0,Synthetic sample record generated for pipeline testing.,synthetic_fixture,False
SAMPLE-00289,2019-12-22,00:32,SAMPLE03,Sample Regional Airport 03 (SYNTHETIC),SS,35.90907237293572,-78.3239070080519,Take-off run,336.0,124.0,Boeing,Model-506,Airplane,3,Turbofan,2,No Cloud,None,Great Blue Heron,Ardea herodias,Small,1,1,N,,,Wing,,0.0,0.0,0,0,Synthetic sample record generated for pipeline testing.,synthetic_fixture,False
SAMPLE-00290,2024-05-03,20:38,SAMPLE04,Sample Municipal Airport 04 (SYNTHETIC),SS,33.663794232236164,-95.02269732706017,Climb,1411.0,196.0,Airbus,Model-802,Airplane,5,Turbojet,2,Overcast,Rain,American Crow,Corvus brachyrhynchos,Small,2-10,2-10,Y,M,None,Wing,Wing,810.45,2369.65,0,0,Synthetic sample record generated for pipeline testing.,synthetic_fixture,False
SAMPLE-00291,2020-10-03,23:52,SAMPLE04,Sample Municipal Airport 04 (SYNTHETIC),SS,33.62357065103457,-95.03871267956984,Descent,127.0,104.0,Bombardier,Model-543,Airplane,5,Turbojet,2,Some Cloud,None,Common Kestrel,Falco tinnunculus,Small,1,1,N,,,Fuselage,,0.0,0.0,0,0,Synthetic sample record generated for pipeline testing.,synthetic_fixture,False
SAMPLE-00292,2023-10-10,01:39,SAMPLE21,Sample Regional Airport 21 (SYNTHETIC),,58.63224040808587,12.48891148667529,Approach,1281.0,225.0,Bombardier,Model-567,Airplane,3,Turbofan,2,Overcast,None,Bald Eagle,Haliaeetus leucocephalus,Small,1,1,N,,,Nose,,0.0,0.0,0,0,Synthetic sample record generated for pipeline testing.,synthetic_fixture,False
SAMPLE-00293,2018-11-03,03:50,SAMPLE24,Sample Municipal Airport 24 (SYNTHETIC),,57.87809539359535,13.936937887166627,Descent,338.0,233.0,Embraer,Model-804,Airplane,3,Turbofan,2,Overcast,None,Common Buzzard,Buteo buteo,Small,1,1,N,,,Engine,,0.0,0.0,0,0,Synthetic sample record generated for pipeline testing.,synthetic_fixture,False
SAMPLE-00294,2020-08-02,16:58,SAMPLE17,Sample Regional Airport 17 (SYNTHETIC),,55.00437986127929,5.17209942873523,Landing Roll,82.0,211.0,Embraer,Model-708,Airplane,4,Turbofan,2,Overcast,Snow,Great Blue Heron,Ardea herodias,Medium,11-100,11-100,Y,S,None,Nose,,6834.86,1129.88,0,0,Synthetic sample record generated for pipeline testing.,synthetic_fixture,False
SAMPLE-00295,2021-04-25,18:18,SAMPLE20,Sample Municipal Airport 20 (SYNTHETIC),,54.43812323076259,4.059822245775286,En Route,1322.0,112.0,Cessna,Model-348,Airplane,2,Turboprop,2,No Cloud,None,Mute Swan,Cygnus olor,Small,1,1,Y,M,Aborted Takeoff,Engine,Wing,14596.3,194.95,0,0,Synthetic sample record generated for pipeline testing.,synthetic_fixture,False
SAMPLE-00296,2019-06-08,23:34,SAMPLE14,Sample Municipal Airport 14 (SYNTHETIC),SS,38.830176401617074,-94.82511610998463,Approach,227.0,100.0,Bombardier,Model-773,Airplane,3,Turboprop,2,Some Cloud,None,Mallard,Anas platyrhynchos,Medium,1,1,N,,,Wing,,0.0,0.0,0,0,Synthetic sample record generated for pipeline testing.,synthetic_fixture,False
SAMPLE-00297,2021-12-02,06:15,SAMPLE24,Sample Municipal Airport 24 (SYNTHETIC),,57.825281171468056,13.990250827777118,Approach,2033.0,221.0,Boeing,Model-833,Airplane,2,Turbofan,2,Some Cloud,None,Great Cormorant,Phalacrocorax carbo,Small,2-10,2-10,N,,,Engine,,0.0,0.0,0,0,Synthetic sample record generated for pipeline testing.,synthetic_fixture,False
SAMPLE-00298,2023-06-16,01:52,SAMPLE18,Sample Municipal Airport 18 (SYNTHETIC),,46.34944692795169,13.074924932105235,En Route,951.0,113.0,Boeing,Model-370,Airplane,4,Turboprop,2,Overcast,None,Great Blue Heron,Ardea herodias,Small,1,1,N,,,Engine,,0.0,0.0,0,0,Synthetic sample record generated for pipeline testing.,synthetic_fixture,False
SAMPLE-00299,2024-02-03,12:19,,Sample Regional Airport 17 (SYNTHETIC),,54.980442042485606,5.167662841836783,Landing Roll,110.0,105.0,Airbus,Model-888,Airplane,4,Turbofan,2,Some Cloud,None,Great Black-backed Gull,Larus marinus,Small,1,1,N,,,Fuselage,,0.0,0.0,0,0,Synthetic sample record generated for pipeline testing.,synthetic_fixture,False
SAMPLE-00300,2020-03-22,16:51,SAMPLE22,Sample Municipal Airport 22 (SYNTHETIC),,55.73462951912545,6.272486568369156,Climb,50.0,202.0,Cessna,Model-244,Airplane,2,Turbofan,2,Overcast,None,Common Raven,Corvus corax,Medium,2-10,2-10,N,,,Fuselage,,0.0,0.0,0,0,Synthetic sample record generated for pipeline testing.,synthetic_fixture,False
SAMPLE-00301,2020-11-14,11:00,SAMPLE06,Sample Municipal Airport 06 (SYNTHETIC),SS,33.076478518900835,-98.98088691061999,Approach,722.0,93.0,Cessna,Model-819,Airplane,4,Turbojet,2,Overcast,None,Great Cormorant,Phalacrocorax carbo,Small,11-100,11-100,N,,,Nose,,0.0,0.0,0,0,Synthetic sample record generated for pipeline testing.,synthetic_fixture,False
SAMPLE-00302,2019-07-10,07:07,SAMPLE18,Sample Municipal Airport 18 (SYNTHETIC),,46.34966958448128,13.06993026853326,Climb,1284.0,215.0,Airbus,Model-590,Airplane,5,Turbojet,2,No Cloud,None,Common Ringed Plover,Charadrius hiaticula,Small,1,1,N,,,Wing,,0.0,0.0,0,0,Synthetic sample record generated for pipeline testing.,synthetic_fixture,False
SAMPLE-00303,2022-11-24,08:18,SAMPLE02,Sample Municipal Airport 02 (SYNTHETIC),SS,45.61091655801163,-85.7703688618774,Landing Roll,1104.0,229.0,Cessna,Model-241,Airplane,1,Turbojet,4,Overcast,None,Mallard,Anas platyrhynchos,Small,1,1,N,,,Engine,,0.0,0.0,0,0,Synthetic sample record generated for pipeline testing.,synthetic_fixture,False
SAMPLE-00304,2024-09-18,14:12,,Sample Regional Airport 03 (SYNTHETIC),SS,35.89664800210988,-78.28986567742395,Approach,1961.0,119.0,Bombardier,Model-640,Airplane,4,Turbofan,2,No Cloud,None,Great Blue Heron,Ardea herodias,Medium,1,1,N,,,Nose,,0.0,0.0,0,0,Synthetic sample record generated for pipeline testing.,synthetic_fixture,False
SAMPLE-00305,2018-06-06,10:25,SAMPLE01,Sample Regional Airport 01 (SYNTHETIC),SS,42.38253540880848,-100.27071138702281,Climb,513.0,188.0,Cessna,Model-753,Airplane,4,Turboprop,2,No Cloud,Rain,American Crow,Corvus brachyrhynchos,Small,1,1,N,,,Engine,,0.0,0.0,0,0,Synthetic sample record generated for pipeline testing.,synthetic_fixture,False
SAMPLE-00306,2021-02-25,17:02,SAMPLE02,Sample Municipal Airport 02 (SYNTHETIC),SS,45.60490653392599,-85.73515640480609,Climb,111.0,183.0,Bombardier,Model-588,Airplane,1,Turboprop,2,No Cloud,None,Common Raven,Corvus corax,Medium,1,1,Y,S,None,Wing,Engine,13204.17,1149.17,0,0,Synthetic sample record generated for pipeline testing.,synthetic_fixture,False
SAMPLE-00307,2024-07-18,06:26,SAMPLE16,Sample Municipal Airport 16 (SYNTHETIC),,49.20337195041207,2.3290008239529465,Take-off run,360.0,83.0,Boeing,Model-471,Airplane,4,Turboprop,2,Some Cloud,Rain,Grey Heron,Ardea cinerea,Small,1,1,N,,,Wing,,0.0,0.0,0,0,Synthetic sample record generated for pipeline testing.,synthetic_fixture,False
SAMPLE-00308,2020-05-28,15:26,SAMPLE11,Sample Regional Airport 11 (SYNTHETIC),SS,33.166344507747276,-119.67379107674103,Approach,325.0,144.0,Boeing,Model-342,Airplane,2,Turboprop,2,Some Cloud,None,Common Raven,Corvus corax,Medium,1,1,N,,,Wing,,0.0,0.0,0,0,Synthetic sample record generated for pipeline testing.,synthetic_fixture,False
SAMPLE-00309,2021-02-25,05:56,SAMPLE21,Sample Regional Airport 21 (SYNTHETIC),,58.66259563223641,12.504731207649941,Descent,282.0,102.0,Boeing,Model-508,Airplane,4,Turbojet,2,No Cloud,None,Common Kestrel,Falco tinnunculus,Large,2-10,2-10,Y,M,Precautionary Landing,Fuselage,Windshield,202.16,7324.61,0,0,Synthetic sample record generated for pipeline testing.,synthetic_fixture,False
SAMPLE-00310,2024-06-14,20:44,SAMPLE25,Sample Regional Airport 25 (SYNTHETIC),,53.77260834108257,11.23434144393003,Take-off run,3.0,102.0,Airbus,Model-189,Airplane,2,Turboprop,2,Overcast,None,Common Buzzard,Buteo buteo,Medium,11-100,11-100,Y,M,Aborted Takeoff,Fuselage,,1595.18,1083.56,0,0,Synthetic sample record generated for pipeline testing.,synthetic_fixture,False
SAMPLE-00311,2021-10-22,15:33,SAMPLE23,Sample Regional Airport 23 (SYNTHETIC),,51.85392684412982,0.03317836436116389,Approach,230.0,92.0,Embraer,Model-452,Airplane,2,Turbofan,2,No Cloud,None,Common Starling,Sturnus vulgaris,Large,1,1,Y,M,Precautionary Landing,Engine,,19083.34,1405.56,0,0,Synthetic sample record generated for pipeline testing.,synthetic_fixture,False
SAMPLE-00312,2022-06-25,17:41,SAMPLE08,Sample Municipal Airport 08 (SYNTHETIC),SS,33.048053309331074,-114.15209737293097,En Route,84.0,96.0,Embraer,Model-804,Airplane,4,Turboprop,2,Overcast,None,American Robin,Turdus migratorius,Medium,1,1,N,,,Nose,,0.0,0.0,0,0,Synthetic sample record generated for pipeline testing.,synthetic_fixture,False
SAMPLE-00313,2020-02-06,16:33,SAMPLE22,Sample Municipal Airport 22 (SYNTHETIC),,55.73878284941661,6.1810605751239915,Approach,51.0,201.0,Bombardier,Model-149,Airplane,2,Turboprop,2,Some Cloud,None,Common Starling,Sturnus vulgaris,Medium,1,1,Y,M,None,Wing,Wing,3069.38,10448.05,0,0,Synthetic sample record generated for pipeline testing.,synthetic_fixture,False
SAMPLE-00314,2020-10-12,16:33,SAMPLE25,Sample Regional Airport 25 (SYNTHETIC),,53.779806951690084,11.236728809060882,Approach,616.0,100.0,Cessna,Model-659,Airplane,4,Turbofan,2,Some Cloud,None,Common Raven,Corvus corax,Small,1,1,N/A,,,Engine,,0.0,0.0,0,0,Synthetic sample record generated for pipeline testing.,synthetic_fixture,False
SAMPLE-00315,2020-01-03,13:00,,Sample Municipal Airport 22 (SYNTHETIC),,55.78460991914742,6.246259933557462,En Route,803.0,142.0,Cessna,Model-251,Airplane,4,Turbojet,2,Overcast,None,Eurasian Sparrowhawk,Accipiter nisus,Large,2-10,2-10,Y,S,Precautionary Landing,Fuselage,,23891.3,1650.35,0,0,Synthetic sample record generated for pipeline testing.,synthetic_fixture,False
SAMPLE-00316,2020-05-13,02:12,SAMPLE12,Sample Municipal Airport 12 (SYNTHETIC),SS,42.50901080510851,-99.34202783637797,Climb,45.0,158.0,Embraer,Model-340,Airplane,5,Turboprop,2,Some Cloud,None,Common Buzzard,Buteo buteo,Small,2-10,2-10,N,,,Windshield,,0.0,0.0,0,0,Synthetic sample record generated for pipeline testing.,synthetic_fixture,False
SAMPLE-00317,2024-05-18,03:29,SAMPLE13,Sample Regional Airport 13 (SYNTHETIC),SS,40.69673690987099,-98.79582425880136,Take-off run,1378.0,229.0,Boeing,Model-368,Airplane,5,Turbojet,2,Overcast,None,American Robin,Turdus migratorius,Medium,1,1,N,,,Engine,,0.0,0.0,0,0,Synthetic sample record generated for pipeline testing.,synthetic_fixture,False
SAMPLE-00318,2024-02-10,17:34,SAMPLE18,Sample Municipal Airport 18 (SYNTHETIC),,46.35044682805781,13.03984119058481,Climb,1135.0,237.0,Cessna,Model-219,Airplane,3,Turbojet,2,No Cloud,None,Greylag Goose,Anser anser,Small,1,1,N,,,Engine,,0.0,0.0,0,0,Synthetic sample record generated for pipeline testing.,synthetic_fixture,False
SAMPLE-00319,2021-02-22,15:27,SAMPLE12,Sample Municipal Airport 12 (SYNTHETIC),SS,42.49211537992026,-99.35560934286588,Approach,431.0,156.0,Airbus,Model-726,Airplane,2,Turboprop,2,Overcast,Rain,Black-headed Gull,Chroicocephalus ridibundus,Small,1,1,Y,M,None,Fuselage,Wing,7179.14,789.59,0,0,Synthetic sample record generated for pipeline testing.,synthetic_fixture,False
SAMPLE-00320,2018-12-31,09:07,SAMPLE13,Sample Regional Airport 13 (SYNTHETIC),SS,40.70159134689993,-98.77731559681382,Landing Roll,423.0,217.0,Bombardier,Model-651,Airplane,1,Turbofan,2,Overcast,None,Bald Eagle,Haliaeetus leucocephalus,Large,1,1,N,,,Nose,,0.0,0.0,0,0,Synthetic sample record generated for pipeline testing.,synthetic_fixture,False
SAMPLE-00321,2020-09-21,06:10,SAMPLE25,Sample Regional Airport 25 (SYNTHETIC),,53.77856454700271,11.238593662959563,Descent,192.0,177.0,Bombardier,Model-831,Airplane,2,Turboprop,2,Some Cloud,None,Common Kestrel,Falco tinnunculus,Large,2-10,2-10,Y,M,Other,Windshield,,11445.85,948.62,0,0,Synthetic sample record generated for pipeline testing.,synthetic_fixture,False
SAMPLE-00322,2020-09-29,03:58,SAMPLE16,Sample Municipal Airport 16 (SYNTHETIC),,49.24955405975044,2.3282464551041397,En Route,354.0,125.0,Bombardier,Model-826,Airplane,1,Turbofan,2,Overcast,None,Common Starling,Sturnus vulgaris,Medium,11-100,11-100,N,,,Fuselage,,0.0,0.0,0,0,Synthetic sample record generated for pipeline testing.,synthetic_fixture,False
SAMPLE-00323,2019-02-28,00:58,,Sample Regional Airport 13 (SYNTHETIC),SS,40.742039959725766,-98.77223520341335,Descent,59.0,216.0,Bombardier,Model-662,Airplane,3,Turbojet,2,Some Cloud,Fog,Common Buzzard,Buteo buteo,Medium,2-10,2-10,N,,,Engine,,0.0,0.0,0,0,Synthetic sample record generated for pipeline testing.,synthetic_fixture,False
SAMPLE-00324,2022-07-03,08:07,SAMPLE21,Sample Regional Airport 21 (SYNTHETIC),,58.59875122463683,12.48119745481806,Take-off run,952.0,241.0,Boeing,Model-538,Airplane,4,Turbojet,4,Overcast,None,Eurasian Sparrowhawk,Accipiter nisus,Small,11-100,11-100,N,,,Nose,,0.0,0.0,0,0,Synthetic sample record generated for pipeline testing.,synthetic_fixture,False
SAMPLE-00325,2019-11-18,16:25,SAMPLE19,Sample Regional Airport 19 (SYNTHETIC),,47.29382641700267,12.412480680168791,Approach,1423.0,129.0,Bombardier,Model-719,Airplane,2,Turbofan,2,No Cloud,None,Common Kestrel,Falco tinnunculus,Small,1,1,N,,,Engine,,0.0,0.0,0,0,Synthetic sample record generated for pipeline testing.,synthetic_fixture,False
SAMPLE-00326,2019-06-09,03:47,SAMPLE23,Sample Regional Airport 23 (SYNTHETIC),,51.787556697338225,0.06712397570783922,Take-off run,2366.0,220.0,Bombardier,Model-408,Airplane,4,Turbofan,2,Overcast,None,American Crow,Corvus brachyrhynchos,Small,2-10,2-10,Y,M,Precautionary Landing,Windshield,Engine,1891.09,1951.47,0,0,Synthetic sample record generated for pipeline testing.,synthetic_fixture,False
SAMPLE-00327,2019-11-05,16:45,SAMPLE21,Sample Regional Airport 21 (SYNTHETIC),,58.663060716127696,12.518957118818657,Landing Roll,189.0,209.0,Airbus,Model-475,Airplane,3,Turbofan,2,Some Cloud,None,Rock Pigeon,Columba livia,Small,1,1,N,,,Engine,,0.0,0.0,0,0,Synthetic sample record generated for pipeline testing.,synthetic_fixture,False
SAMPLE-00328,2018-01-13,19:00,SAMPLE18,Sample Municipal Airport 18 (SYNTHETIC),,46.373591298253295,13.059400298871447,Climb,586.0,119.0,Bombardier,Model-630,Airplane,3,Turbofan,2,Some Cloud,None,Common Raven,Corvus corax,Medium,1,1,UNK,,,Fuselage,,0.0,0.0,0,0,Synthetic sample record generated for pipeline testing.,synthetic_fixture,False
SAMPLE-00329,2023-06-20,17:59,SAMPLE13,Sample Regional Airport 13 (SYNTHETIC),SS,40.711138564595466,-98.81053964367057,Approach,65.0,185.0,Airbus,Model-398,Airplane,3,Turbojet,2,Overcast,None,Great Cormorant,Phalacrocorax carbo,Small,1,1,N,,,Nose,,0.0,0.0,0,0,Synthetic sample record generated for pipeline testing.,synthetic_fixture,False
SAMPLE-00330,2021-01-10,03:27,SAMPLE07,Sample Regional Airport 07 (SYNTHETIC),SS,41.93934039194322,-76.46566559109112,Take-off run,803.0,250.0,Airbus,Model-387,Airplane,5,Turbofan,2,No Cloud,None,Common Raven,Corvus corax,Large,1,1,N,,,Nose,,0.0,0.0,0,0,Synthetic sample record generated for pipeline testing.,synthetic_fixture,False
SAMPLE-00331,2022-03-02,21:30,,Sample Regional Airport 05 (SYNTHETIC),SS,42.13596323216457,-104.03887368739913,Landing Roll,106.0,113.0,Cessna,Model-802,Airplane,1,Turbojet,2,Some Cloud,None,Great Cormorant,Phalacrocorax carbo,Small,2-10,2-10,N,,,Wing,,0.0,0.0,0,0,Synthetic sample record generated for pipeline testing.,synthetic_fixture,False
SAMPLE-00332,2023-12-12,09:10,SAMPLE19,Sample Regional Airport 19 (SYNTHETIC),,47.261889372184186,12.422860620307588,Approach,600.0,155.0,Airbus,Model-718,Airplane,2,Turboprop,2,Some Cloud,Rain,Great Blue Heron,Ardea herodias,Small,2-10,2-10,,,,Wing,,0.0,0.0,0,0,Synthetic sample record generated for pipeline testing.,synthetic_fixture,False
SAMPLE-00333,2024-03-19,03:39,SAMPLE21,Sample Regional Airport 21 (SYNTHETIC),,58.64753050429773,12.466690025237892,Landing Roll,1052.0,207.0,Airbus,Model-612,Airplane,3,Turboprop,2,Some Cloud,Rain,Great Blue Heron,Ardea herodias,Small,1,1,N/A,,,Engine,,0.0,0.0,0,0,Synthetic sample record generated for pipeline testing.,synthetic_fixture,False
SAMPLE-00334,2019-01-20,14:10,SAMPLE05,Sample Regional Airport 05 (SYNTHETIC),SS,42.10693820192671,-104.03948990905795,En Route,2366.0,122.0,Bombardier,Model-691,Airplane,4,Turbofan,2,Overcast,None,Common Kestrel,Falco tinnunculus,Medium,1,1,N,,,Wing,,0.0,0.0,0,0,Synthetic sample record generated for pipeline testing.,synthetic_fixture,False
SAMPLE-00335,2024-05-29,06:26,SAMPLE22,Sample Municipal Airport 22 (SYNTHETIC),,55.73417806469029,6.23736563220513,Approach,564.0,87.0,Airbus,Model-226,Airplane,1,Turbofan,2,Overcast,None,Herring Gull,Larus argentatus,Medium,1,1,N,,,Engine,,0.0,0.0,0,0,Synthetic sample record generated for pipeline testing.,synthetic_fixture,False
SAMPLE-00336,2019-10-04,14:35,SAMPLE23,Sample Regional Airport 23 (SYNTHETIC),,51.823364540617135,0.08347235530092267,Landing Roll,974.0,99.0,Airbus,Model-530,Airplane,2,Turbofan,2,Some Cloud,Snow,Rock Pigeon,Columba livia,Medium,1,1,N,,,Windshield,,0.0,0.0,0,0,Synthetic sample record generated for pipeline testing.,synthetic_fixture,False
SAMPLE-00337,2021-01-12,17:08,SAMPLE19,Sample Regional Airport 19 (SYNTHETIC),,47.28325245702262,12.409465999363505,Landing Roll,364.0,82.0,Airbus,Model-201,Airplane,3,Turbojet,2,No Cloud,None,American Robin,Turdus migratorius,Small,11-100,11-100,N,,,Nose,,0.0,0.0,0,0,Synthetic sample record generated for pipeline testing.,synthetic_fixture,False
SAMPLE-00338,2019-11-30,22:47,SAMPLE18,Sample Municipal Airport 18 (SYNTHETIC),,46.34550898394483,13.053728184585987,Landing Roll,631.0,150.0,Boeing,Model-270,Airplane,1,Turbojet,2,Overcast,None,Common Starling,Sturnus vulgaris,Small,1,1,N,,,Fuselage,,0.0,0.0,0,0,Synthetic sample record generated for pipeline testing.,synthetic_fixture,False
SAMPLE-00339,2022-05-20,17:45,SAMPLE06,Sample Municipal Airport 06 (SYNTHETIC),SS,33.099133209425965,-98.98805336469613,Take-off run,962.0,156.0,Boeing,Model-280,Airplane,4,Turboprop,2,No Cloud,None,Common Buzzard,Buteo buteo,Large,1,1,Y,M,Precautionary Landing,Engine,Windshield,15933.09,350.0,0,0,Synthetic sample record generated for pipeline testing.,synthetic_fixture,False
SAMPLE-00340,2019-09-09,03:51,SAMPLE11,Sample Regional Airport 11 (SYNTHETIC),SS,33.173747706170346,-119.70037516905009,Climb,1834.0,163.0,Cessna,Model-305,Airplane,2,Turboprop,2,No Cloud,None,Mallard,Anas platyrhynchos,Medium,2-10,2-10,Y,M,Aborted Takeoff,Nose,Wing,6436.73,250.68,0,0,Synthetic sample record generated for pipeline testing.,synthetic_fixture,False
SAMPLE-00341,2019-10-01,03:00,SAMPLE22,Sample Municipal Airport 22 (SYNTHETIC),,55.716587886442746,6.206632736403926,En Route,27.0,223.0,Boeing,Model-696,Airplane,2,Turboprop,2,No Cloud,None,Black-headed Gull,Chroicocephalus ridibundus,Medium,1,1,Y,M,None,Fuselage,Engine,42128.18,1327.79,0,0,Synthetic sample record generated for pipeline testing.,synthetic_fixture,False
SAMPLE-00342,2023-06-22,21:59,SAMPLE23,Sample Regional Airport 23 (SYNTHETIC),,51.830390800339586,0.06074839510162054,Climb,618.0,107.0,Airbus,Model-571,Airplane,3,Turbofan,2,No Cloud,None,Common Raven,Corvus corax,Small,1,1,N,,,Nose,,0.0,0.0,0,0,Synthetic sample record generated for pipeline testing.,synthetic_fixture,False
SAMPLE-00343,2022-11-10,12:46,SAMPLE24,Sample Municipal Airport 24 (SYNTHETIC),,57.842002202973006,13.972580339575451,Climb,139.0,106.0,Cessna,Model-552,Airplane,3,Turbojet,2,Some Cloud,Rain,Great Black-backed Gull,Larus marinus,Medium,1,1,,,,Wing,,0.0,0.0,0,0,Synthetic sample record generated for pipeline testing.,synthetic_fixture,False
SAMPLE-00344,2023-03-19,12:55,SAMPLE11,Sample Regional Airport 11 (SYNTHETIC),SS,33.205317717908784,-119.68225760676924,En Route,669.0,107.0,Boeing,Model-485,Airplane,3,Turboprop,2,Overcast,None,Great Cormorant,Phalacrocorax carbo,Small,1,1,N,,,Nose,,0.0,0.0,0,0,Synthetic sample record generated for pipeline testing.,synthetic_fixture,False
SAMPLE-00345,2018-09-22,21:46,SAMPLE04,Sample Municipal Airport 04 (SYNTHETIC),SS,33.647835831940256,-95.02795660371989,Descent,1279.0,173.0,Cessna,Model-865,Airplane,2,Turbojet,2,No Cloud,None,Common Kestrel,Falco tinnunculus,Small,1,1,N,,,Windshield,,0.0,0.0,0,0,Synthetic sample record generated for pipeline testing.,synthetic_fixture,False
SAMPLE-00346,2022-10-08,04:50,SAMPLE06,Sample Municipal Airport 06 (SYNTHETIC),SS,33.149283604743296,-98.99754345299394,Take-off run,20.0,219.0,Airbus,Model-764,Airplane,4,Turbofan,2,No Cloud,None,Common Kestrel,Falco tinnunculus,Large,1,1,N,,,Engine,,0.0,0.0,0,0,Synthetic sample record generated for pipeline testing.,synthetic_fixture,False
SAMPLE-00347,2024-06-22,01:58,SAMPLE05,Sample Regional Airport 05 (SYNTHETIC),SS,42.16062226920217,-104.05424469908542,Landing Roll,348.0,201.0,Boeing,Model-676,Airplane,2,Turbofan,2,No Cloud,None,Great Blue Heron,Ardea herodias,Large,1,1,N,,,Wing,,0.0,0.0,0,0,Synthetic sample record generated for pipeline testing.,synthetic_fixture,False
SAMPLE-00348,2019-03-12,15:48,SAMPLE13,Sample Regional Airport 13 (SYNTHETIC),SS,40.673125946094665,-98.76866071204648,Approach,575.0,206.0,Embraer,Model-511,Airplane,1,Turbojet,2,Overcast,None,Common Starling,Sturnus vulgaris,Large,1,1,N,,,Fuselage,,0.0,0.0,0,0,Synthetic sample record generated for pipeline testing.,synthetic_fixture,False
SAMPLE-00349,2020-02-15,06:07,SAMPLE19,Sample Regional Airport 19 (SYNTHETIC),,47.32794975584187,12.40714578513878,Climb,624.0,148.0,Bombardier,Model-105,Airplane,2,Turbojet,2,Some Cloud,None,Great Cormorant,Phalacrocorax carbo,Small,1,1,N,,,Engine,,0.0,0.0,0,0,Synthetic sample record generated for pipeline testing.,synthetic_fixture,False
SAMPLE-00350,2021-07-29,01:44,SAMPLE22,Sample Municipal Airport 22 (SYNTHETIC),,55.73066481408496,6.231056065364119,Approach,2722.0,139.0,Boeing,Model-507,Airplane,1,Turbojet,2,No Cloud,None,Eurasian Sparrowhawk,Accipiter nisus,Large,1,1,N,,,Windshield,,0.0,0.0,0,0,Synthetic sample record generated for pipeline testing.,synthetic_fixture,False
SAMPLE-00351,2019-06-02,09:22,SAMPLE18,Sample Municipal Airport 18 (SYNTHETIC),,46.37112471058504,13.053488486368414,Landing Roll,178.0,162.0,Cessna,Model-322,Airplane,1,Turbojet,2,Overcast,Rain,American Crow,Corvus brachyrhynchos,Small,1,1,Y,M,None,Nose,Windshield,15189.43,2611.57,0,0,Synthetic sample record generated for pipeline testing.,synthetic_fixture,False
SAMPLE-00352,2018-06-25,22:21,SAMPLE22,Sample Municipal Airport 22 (SYNTHETIC),,55.7382579118811,6.2673547628603,Landing Roll,1776.0,123.0,Boeing,Model-686,Airplane,5,Turbojet,2,Overcast,None,American Robin,Turdus migratorius,Medium,1,1,N,,,Wing,,0.0,0.0,0,0,Synthetic sample record generated for pipeline testing.,synthetic_fixture,False
SAMPLE-00353,2021-10-01,13:18,SAMPLE10,Sample Municipal Airport 10 (SYNTHETIC),SS,42.83457809247152,-102.53344914739937,Take-off run,731.0,182.0,Cessna,Model-891,Airplane,3,Turboprop,2,Some Cloud,None,Rock Pigeon,Columba livia,Small,1,1,N,,,Windshield,,0.0,0.0,0,0,Synthetic sample record generated for pipeline testing.,synthetic_fixture,False
SAMPLE-00354,2019-05-03,15:46,SAMPLE20,Sample Municipal Airport 20 (SYNTHETIC),,54.46008225118925,4.029106275321638,Approach,583.0,159.0,Cessna,Model-755,Airplane,3,Turbofan,2,Overcast,Fog,Great Black-backed Gull,Larus marinus,Medium,1,1,Y,M,None,Windshield,Wing,7541.3,3563.65,0,0,Synthetic sample record generated for pipeline testing.,synthetic_fixture,False
SAMPLE-00355,2022-03-20,05:08,SAMPLE18,Sample Municipal Airport 18 (SYNTHETIC),,46.35538339940745,13.035515150702535,Approach,50.0,154.0,Boeing,Model-800,Airplane,1,Turboprop,2,Overcast,None,Great Cormorant,Phalacrocorax carbo,Small,1,1,N,,,Windshield,,0.0,0.0,0,0,Synthetic sample record generated for pipeline testing.,synthetic_fixture,False
SAMPLE-00356,2024-12-20,01:48,SAMPLE05,Sample Regional Airport 05 (SYNTHETIC),SS,42.12352416372045,-104.06232652269989,En Route,93.0,136.0,Cessna,Model-157,Airplane,2,Turbojet,2,Overcast,None,Common Buzzard,Buteo buteo,Medium,1,1,N,,,Engine,,0.0,0.0,0,0,Synthetic sample record generated for pipeline testing.,synthetic_fixture,False
SAMPLE-00357,2021-12-12,04:05,SAMPLE12,Sample Municipal Airport 12 (SYNTHETIC),SS,42.45603014307397,-99.36969977565454,Take-off run,557.0,159.0,Bombardier,Model-338,Airplane,5,Turboprop,2,No Cloud,None,Eurasian Sparrowhawk,Accipiter nisus,Small,1,1,N,,,Wing,,0.0,0.0,0,0,Synthetic sample record generated for pipeline testing.,synthetic_fixture,False
SAMPLE-00358,2024-03-24,21:17,SAMPLE15,Sample Regional Airport 15 (SYNTHETIC),SS,33.41596841541819,-101.58429113874655,En Route,2641.0,235.0,Airbus,Model-295,Airplane,5,Turbofan,4,Some Cloud,None,Common Kestrel,Falco tinnunculus,Large,11-100,11-100,N,,,Nose,,0.0,0.0,0,0,Synthetic sample record generated for pipeline testing.,synthetic_fixture,False
SAMPLE-00359,2019-08-29,18:24,SAMPLE10,Sample Municipal Airport 10 (SYNTHETIC),SS,42.85758913141371,-102.56442793722361,Approach,1823.0,180.0,Cessna,Model-136,Airplane,3,Turbofan,4,No Cloud,Fog,Herring Gull,Larus argentatus,Medium,1,1,N,,,Engine,,0.0,0.0,0,0,Synthetic sample record generated for pipeline testing.,synthetic_fixture,False
SAMPLE-00360,2022-02-24,02:54,SAMPLE13,Sample Regional Airport 13 (SYNTHETIC),SS,40.72308807156225,-98.84089547074143,En Route,678.0,129.0,Airbus,Model-559,Airplane,1,Turbojet,2,Overcast,None,Great Blue Heron,Ardea herodias,Small,1,1,N,,,Windshield,,0.0,0.0,0,0,Synthetic sample record generated for pipeline testing.,synthetic_fixture,False
SAMPLE-00361,2019-05-05,01:37,,Sample Regional Airport 09 (SYNTHETIC),SS,36.972877451203864,-82.51595451643874,Landing Roll,1414.0,230.0,Boeing,Model-838,Airplane,2,Turbofan,2,Some Cloud,Snow,Rock Pigeon,Columba livia,Medium,1,1,,,,Engine,,0.0,0.0,0,0,Synthetic sample record generated for pipeline testing.,synthetic_fixture,False
SAMPLE-00362,2018-08-27,22:20,SAMPLE15,Sample Regional Airport 15 (SYNTHETIC),SS,33.435954899723,-101.61396488581435,Approach,383.0,98.0,Cessna,Model-389,Airplane,3,Turbojet,2,No Cloud,None,Greylag Goose,Anser anser,Large,1,1,N,,,Fuselage,,0.0,0.0,0,0,Synthetic sample record generated for pipeline testing.,synthetic_fixture,False
SAMPLE-00363,2018-02-09,12:37,SAMPLE06,Sample Municipal Airport 06 (SYNTHETIC),SS,33.095246495838815,-98.96506858531819,Climb,792.0,155.0,Boeing,Model-452,Airplane,5,Turbofan,4,Some Cloud,None,Common Kestrel,Falco tinnunculus,Large,1,1,Y,M,Precautionary Landing,Fuselage,,32761.42,10041.5,0,0,Synthetic sample record generated for pipeline testing.,synthetic_fixture,False
SAMPLE-00364,2021-08-04,00:05,SAMPLE06,Sample Municipal Airport 06 (SYNTHETIC),SS,33.146457443167414,-99.01028090331857,Take-off run,288.0,97.0,Cessna,Model-357,Airplane,4,Turboprop,2,Overcast,None,Bald Eagle,Haliaeetus leucocephalus,Small,1,1,N,,,Wing,,0.0,0.0,0,0,Synthetic sample record generated for pipeline testing.,synthetic_fixture,False
SAMPLE-00365,2023-10-01,15:23,SAMPLE22,Sample Municipal Airport 22 (SYNTHETIC),,55.78852141378102,6.238615824496532,Approach,1453.0,191.0,Cessna,Model-244,Airplane,5,Turboprop,2,No Cloud,None,Barn Swallow,Hirundo rustica,Small,11-100,11-100,N,,,Windshield,,0.0,0.0,0,0,Synthetic sample record generated for pipeline testing.,synthetic_fixture,False
SAMPLE-00366,2019-07-16,17:51,SAMPLE12,Sample Municipal Airport 12 (SYNTHETIC),SS,42.474988461814036,-99.31766377150586,Climb,1837.0,83.0,Cessna,Model-222,Airplane,4,Turbofan,2,No Cloud,None,American Robin,Turdus migratorius,Medium,2-10,2-10,N,,,Nose,,0.0,0.0,0,0,Synthetic sample record generated for pipeline testing.,synthetic_fixture,False
SAMPLE-00367,2022-08-06,15:31,SAMPLE09,Sample Regional Airport 09 (SYNTHETIC),SS,36.984025316405926,-82.52028518061802,Approach,390.0,97.0,Cessna,Model-118,Airplane,3,Turboprop,2,No Cloud,Rain,American Robin,Turdus migratorius,Large,11-100,11-100,Y,M,Other,Engine,Wing,20174.08,131.5,0,0,Synthetic sample record generated for pipeline testing.,synthetic_fixture,False
SAMPLE-00368,2023-08-24,13:31,SAMPLE16,Sample Municipal Airport 16 (SYNTHETIC),,49.236851635707524,2.3662175478101135,Descent,1683.0,88.0,Cessna,Model-883,Airplane,5,Turbojet,2,No Cloud,None,Herring Gull,Larus argentatus,Medium,1,1,N,,,Wing,,0.0,0.0,0,0,Synthetic sample record generated for pipeline testing.,synthetic_fixture,False
SAMPLE-00369,2020-09-21,12:29,SAMPLE20,Sample Municipal Airport 20 (SYNTHETIC),,54.4559531298164,4.040663809344586,Take-off run,183.0,128.0,Boeing,Model-739,Airplane,2,Turbojet,2,No Cloud,None,Canada Goose,Branta canadensis,Medium,1,1,Y,M,None,Wing,Windshield,33338.11,806.08,0,0,Synthetic sample record generated for pipeline testing.,synthetic_fixture,False
SAMPLE-00370,2024-06-17,03:19,SAMPLE04,Sample Municipal Airport 04 (SYNTHETIC),SS,33.65953131047034,-95.03507243414377,Climb,642.0,83.0,Boeing,Model-690,Airplane,5,Turbofan,2,Overcast,None,Great Cormorant,Phalacrocorax carbo,Small,11-100,11-100,N,,,Fuselage,,0.0,0.0,0,0,Synthetic sample record generated for pipeline testing.,synthetic_fixture,False
SAMPLE-00371,2018-05-14,03:14,SAMPLE20,Sample Municipal Airport 20 (SYNTHETIC),,54.446371708110625,4.082903135860642,Landing Roll,537.0,154.0,Cessna,Model-390,Airplane,1,Turboprop,4,Some Cloud,None,Eurasian Sparrowhawk,Accipiter nisus,Small,1,1,N,,,Windshield,,0.0,0.0,0,0,Synthetic sample record generated for pipeline testing.,synthetic_fixture,False
SAMPLE-00372,2021-07-07,03:46,SAMPLE19,Sample Regional Airport 19 (SYNTHETIC),,47.26244102645804,12.403946515138616,Approach,319.0,182.0,Cessna,Model-575,Airplane,5,Turbofan,2,No Cloud,Fog,Common Buzzard,Buteo buteo,Medium,1,1,N,,,Wing,,0.0,0.0,0,0,Synthetic sample record generated for pipeline testing.,synthetic_fixture,False
SAMPLE-00373,2020-08-02,07:54,SAMPLE09,Sample Regional Airport 09 (SYNTHETIC),SS,36.99242517060962,-82.50140960054595,Descent,104.0,248.0,Boeing,Model-182,Airplane,2,Turbojet,2,Some Cloud,None,Bald Eagle,Haliaeetus leucocephalus,Medium,1,1,N,,,Wing,,0.0,0.0,0,0,Synthetic sample record generated for pipeline testing.,synthetic_fixture,False
SAMPLE-00374,2021-03-10,00:32,SAMPLE04,Sample Municipal Airport 04 (SYNTHETIC),SS,33.65435217092672,-95.01799576461092,Climb,7.0,188.0,Cessna,Model-589,Airplane,2,Turbofan,2,No Cloud,Rain,Common Kestrel,Falco tinnunculus,Medium,1,1,N,,,Fuselage,,0.0,0.0,0,0,Synthetic sample record generated for pipeline testing.,synthetic_fixture,False
SAMPLE-00375,2022-11-02,23:14,SAMPLE04,Sample Municipal Airport 04 (SYNTHETIC),SS,33.63526932416227,-95.05466941388501,En Route,594.0,142.0,Bombardier,Model-640,Airplane,3,Turbofan,2,No Cloud,None,Canada Goose,Branta canadensis,Small,11-100,11-100,Y,M,Precautionary Landing,Windshield,Engine,19475.23,4016.97,0,0,Synthetic sample record generated for pipeline testing.,synthetic_fixture,False
SAMPLE-00376,2021-07-31,00:58,SAMPLE13,Sample Regional Airport 13 (SYNTHETIC),SS,40.67818721667158,-98.77677106042599,Approach,723.0,182.0,Embraer,Model-566,Airplane,3,Turbojet,2,No Cloud,Fog,Grey Heron,Ardea cinerea,Medium,1,1,N,,,Fuselage,,0.0,0.0,0,0,Synthetic sample record generated for pipeline testing.,synthetic_fixture,False
SAMPLE-00377,2019-11-19,18:16,SAMPLE06,Sample Municipal Airport 06 (SYNTHETIC),SS,33.141881279196184,-99.02164294812563,Descent,302.0,155.0,Bombardier,Model-184,Airplane,3,Turboprop,2,Some Cloud,None,Common Starling,Sturnus vulgaris,Small,1,1,,,,Nose,,0.0,0.0,0,0,Synthetic sample record generated for pipeline testing.,synthetic_fixture,False
SAMPLE-00378,2021-10-06,12:17,SAMPLE18,Sample Municipal Airport 18 (SYNTHETIC),,46.37676993224101,13.081564023106427,Approach,127.0,93.0,Boeing,Model-281,Airplane,2,Turbofan,2,Overcast,None,Herring Gull,Larus argentatus,Large,1,1,N,,,Wing,,0.0,0.0,0,0,Synthetic sample record generated for pipeline testing.,synthetic_fixture,False
SAMPLE-00379,2019-03-01,02:37,SAMPLE10,Sample Municipal Airport 10 (SYNTHETIC),SS,42.884486589881725,-102.53851776732003,Approach,516.0,139.0,Boeing,Model-539,Airplane,3,Turbofan,2,Overcast,None,Common Buzzard,Buteo buteo,Medium,2-10,2-10,N,,,Windshield,,0.0,0.0,0,0,Synthetic sample record generated for pipeline testing.,synthetic_fixture,False
SAMPLE-00380,2020-01-27,02:43,SAMPLE18,Sample Municipal Airport 18 (SYNTHETIC),,46.33713306050507,13.051821793617915,Take-off run,333.0,207.0,Airbus,Model-827,Airplane,1,Turbojet,2,Overcast,None,Common Kestrel,Falco tinnunculus,Small,1,1,N,,,Windshield,,0.0,0.0,0,0,Synthetic sample record generated for pipeline testing.,synthetic_fixture,False
SAMPLE-00381,2024-03-28,22:43,SAMPLE08,Sample Municipal Airport 08 (SYNTHETIC),SS,33.04246746686272,-114.17264196560093,Landing Roll,2268.0,223.0,Embraer,Model-797,Airplane,3,Turbojet,2,Overcast,None,Black-headed Gull,Chroicocephalus ridibundus,Small,1,1,N,,,Windshield,,0.0,0.0,0,0,Synthetic sample record generated for pipeline testing.,synthetic_fixture,False
SAMPLE-00382,2021-02-21,07:15,SAMPLE19,Sample Regional Airport 19 (SYNTHETIC),,47.280059727084826,12.429853360564724,Descent,644.0,105.0,Bombardier,Model-546,Airplane,2,Turbojet,2,No Cloud,Rain,Rock Pigeon,Columba livia,Medium,2-10,2-10,N,,,Fuselage,,0.0,0.0,0,0,Synthetic sample record generated for pipeline testing.,synthetic_fixture,False
SAMPLE-00383,2022-10-19,07:55,SAMPLE08,Sample Municipal Airport 08 (SYNTHETIC),SS,33.02911354855762,-114.1486442903578,Descent,1170.0,101.0,Airbus,Model-618,Airplane,3,Turbojet,2,Some Cloud,Fog,Barn Swallow,Hirundo rustica,Medium,1,1,N,,,Nose,,0.0,0.0,0,0,Synthetic sample record generated for pipeline testing.,synthetic_fixture,False
SAMPLE-00384,2019-05-12,15:04,SAMPLE17,Sample Regional Airport 17 (SYNTHETIC),,54.995224104891925,5.16699218533428,En Route,344.0,226.0,Embraer,Model-840,Airplane,4,Turboprop,2,Overcast,Rain,Black-headed Gull,Chroicocephalus ridibundus,Small,1,1,N,,,Engine,,0.0,0.0,0,0,Synthetic sample record generated for pipeline testing.,synthetic_fixture,False
SAMPLE-00385,2018-04-21,22:28,SAMPLE25,Sample Regional Airport 25 (SYNTHETIC),,53.77636317418903,11.245777362998567,Take-off run,1781.0,138.0,Airbus,Model-703,Airplane,5,Turbojet,2,Overcast,None,Common Ringed Plover,Charadrius hiaticula,Medium,11-100,11-100,N,,,Nose,,0.0,0.0,0,0,Synthetic sample record generated for pipeline testing.,synthetic_fixture,False
SAMPLE-00386,2018-07-06,09:08,SAMPLE13,Sample Regional Airport 13 (SYNTHETIC),SS,40.70849452356298,-98.79479030527526,Climb,318.0,136.0,Bombardier,Model-523,Airplane,5,Turbofan,2,No Cloud,None,Barn Swallow,Hirundo rustica,Large,1,1,Y,S,Precautionary Landing,Nose,Engine,35297.53,2830.05,0,0,Synthetic sample record generated for pipeline testing.,synthetic_fixture,False
SAMPLE-00387,2024-02-10,02:04,SAMPLE22,Sample Municipal Airport 22 (SYNTHETIC),,55.79013730285143,6.236587514370355,Take-off run,335.0,186.0,Cessna,Model-175,Airplane,4,Turbofan,2,Overcast,Snow,Great Cormorant,Phalacrocorax carbo,Large,1,1,N,,,Windshield,,0.0,0.0,0,0,Synthetic sample record generated for pipeline testing.,synthetic_fixture,False
SAMPLE-00388,2022-06-26,14:09,SAMPLE23,Sample Regional Airport 23 (SYNTHETIC),,51.82731413008379,0.05591079760695315,Climb,251.0,96.0,Embraer,Model-265,Airplane,3,Turboprop,2,Overcast,None,Great Black-backed Gull,Larus marinus,Small,1,1,N,,,Nose,,0.0,0.0,0,0,Synthetic sample record generated for pipeline testing.,synthetic_fixture,False
SAMPLE-00389,2019-11-21,15:45,SAMPLE08,Sample Municipal Airport 08 (SYNTHETIC),SS,33.05032552877096,-114.15227233264457,Take-off run,277.0,234.0,Airbus,Model-511,Airplane,1,Turbojet,2,No Cloud,None,Mute Swan,Cygnus olor,Small,1,1,N,,,Fuselage,,0.0,0.0,0,0,Synthetic sample record generated for pipeline testing.,synthetic_fixture,False
SAMPLE-00390,2020-10-19,03:12,SAMPLE12,Sample Municipal Airport 12 (SYNTHETIC),SS,42.47266720132464,-99.39133497186745,Take-off run,521.0,88.0,Cessna,Model-705,Airplane,5,Turboprop,2,No Cloud,None,Common Ringed Plover,Charadrius hiaticula,Small,11-100,11-100,N,,,Nose,,0.0,0.0,0,0,Synthetic sample record generated for pipeline testing.,synthetic_fixture,False
SAMPLE-00391,2022-12-01,05:56,SAMPLE21,Sample Regional Airport 21 (SYNTHETIC),,58.61688313100333,12.503835034741336,Take-off run,2877.0,180.0,Embraer,Model-476,Airplane,3,Turbofan,2,Overcast,Rain,Great Cormorant,Phalacrocorax carbo,Large,1,1,N,,,Windshield,,0.0,0.0,0,0,Synthetic sample record generated for pipeline testing.,synthetic_fixture,False
SAMPLE-00392,2018-12-24,09:10,SAMPLE03,Sample Regional Airport 03 (SYNTHETIC),SS,35.94494401971365,-78.30229516060363,En Route,237.0,120.0,Embraer,Model-853,Airplane,4,Turboprop,2,No Cloud,Fog,American Robin,Turdus migratorius,Large,1,1,N,,,Nose,,0.0,0.0,0,0,Synthetic sample record generated for pipeline testing.,synthetic_fixture,False
SAMPLE-00393,2022-03-16,05:55,SAMPLE04,Sample Municipal Airport 04 (SYNTHETIC),SS,33.6702341813062,-95.03043322408423,Climb,1615.0,106.0,Cessna,Model-302,Airplane,4,Turboprop,2,Some Cloud,None,Black-headed Gull,Chroicocephalus ridibundus,Small,1,1,UNK,,,Wing,,0.0,0.0,0,0,Synthetic sample record generated for pipeline testing.,synthetic_fixture,False
SAMPLE-00394,2022-02-26,15:09,SAMPLE02,Sample Municipal Airport 02 (SYNTHETIC),SS,45.589298246914424,-85.73257329965921,En Route,1915.0,131.0,Airbus,Model-571,Airplane,1,Turbojet,2,No Cloud,Fog,Bald Eagle,Haliaeetus leucocephalus,Medium,1,1,N,,,Fuselage,,0.0,0.0,0,0,Synthetic sample record generated for pipeline testing.,synthetic_fixture,False
SAMPLE-00395,2018-10-23,13:59,,Sample Regional Airport 11 (SYNTHETIC),SS,33.14416756142658,-119.6655632388326,Climb,348.0,118.0,Airbus,Model-450,Airplane,1,Turbofan,2,Some Cloud,Fog,Mute Swan,Cygnus olor,Small,11-100,11-100,N,,,Engine,,0.0,0.0,0,0,Synthetic sample record generated for pipeline testing.,synthetic_fixture,False
SAMPLE-00396,2019-01-08,10:58,SAMPLE12,Sample Municipal Airport 12 (SYNTHETIC),SS,42.53590411740748,-99.35791730242258,Landing Roll,129.0,247.0,Airbus,Model-348,Airplane,2,Turboprop,2,No Cloud,Rain,Barn Swallow,Hirundo rustica,Medium,1,1,N,,,Wing,,0.0,0.0,0,0,Synthetic sample record generated for pipeline testing.,synthetic_fixture,False
SAMPLE-00397,2021-10-16,00:43,SAMPLE09,Sample Regional Airport 09 (SYNTHETIC),SS,36.97559928717911,-82.53698591072865,En Route,2900.0,250.0,Boeing,Model-816,Airplane,3,Turbofan,2,Overcast,Fog,Great Cormorant,Phalacrocorax carbo,Small,1,1,N,,,Fuselage,,0.0,0.0,0,0,Synthetic sample record generated for pipeline testing.,synthetic_fixture,False
SAMPLE-00398,2020-08-27,04:25,SAMPLE14,Sample Municipal Airport 14 (SYNTHETIC),SS,38.87169991910021,-94.85542908873077,Landing Roll,1086.0,161.0,Bombardier,Model-625,Airplane,2,Turbojet,2,Some Cloud,None,Grey Heron,Ardea cinerea,Medium,1,1,N,,,Fuselage,,0.0,0.0,0,0,Synthetic sample record generated for pipeline testing.,synthetic_fixture,False
SAMPLE-00399,2019-10-21,09:05,SAMPLE06,Sample Municipal Airport 06 (SYNTHETIC),SS,33.08913416458284,-98.99976950883118,Climb,2274.0,182.0,Embraer,Model-665,Airplane,4,Turbofan,4,Some Cloud,Rain,Canada Goose,Branta canadensis,Medium,1,1,N/A,,,Nose,,0.0,0.0,0,0,Synthetic sample record generated for pipeline testing.,synthetic_fixture,False
SAMPLE-00400,2023-04-02,01:03,SAMPLE18,Sample Municipal Airport 18 (SYNTHETIC),,46.385991213372364,13.042299790273049,Landing Roll,1583.0,242.0,Cessna,Model-702,Airplane,2,Turboprop,2,Overcast,None,Bald Eagle,Haliaeetus leucocephalus,Small,1,1,N,,,Fuselage,,0.0,0.0,0,0,Synthetic sample record generated for pipeline testing.,synthetic_fixture,False
SAMPLE-00401,2019-02-17,03:23,SAMPLE12,Sample Municipal Airport 12 (SYNTHETIC),SS,42.47576662176638,-99.32426598822646,Approach,552.0,162.0,Cessna,Model-263,Airplane,2,Turbojet,2,Overcast,None,Eurasian Sparrowhawk,Accipiter nisus,Small,2-10,2-10,N,,,Fuselage,,0.0,0.0,0,0,Synthetic sample record generated for pipeline testing.,synthetic_fixture,False
SAMPLE-00402,2018-11-20,21:42,SAMPLE05,Sample Regional Airport 05 (SYNTHETIC),SS,42.12927048002141,-104.05984014681752,Landing Roll,596.0,226.0,Embraer,Model-624,Airplane,5,Turboprop,2,No Cloud,None,Eurasian Sparrowhawk,Accipiter nisus,Large,1,1,N,,,Fuselage,,0.0,0.0,0,0,Synthetic sample record generated for pipeline testing.,synthetic_fixture,False
SAMPLE-00403,2024-04-22,04:42,SAMPLE18,Sample Municipal Airport 18 (SYNTHETIC),,46.336141802798636,13.071072869684379,Approach,3364.0,165.0,Airbus,Model-518,Airplane,5,Turbojet,2,Some Cloud,None,Great Black-backed Gull,Larus marinus,Large,2-10,2-10,Y,M,Other,Engine,Windshield,16553.96,57.38,0,0,Synthetic sample record generated for pipeline testing.,synthetic_fixture,False
SAMPLE-00404,2022-04-05,04:00,SAMPLE06,Sample Municipal Airport 06 (SYNTHETIC),SS,33.10569285916074,-99.00719537517226,Descent,338.0,211.0,Bombardier,Model-142,Airplane,1,Turbojet,2,Some Cloud,Rain,Common Buzzard,Buteo buteo,Small,1,1,N,,,Windshield,,0.0,0.0,0,0,Synthetic sample record generated for pipeline testing.,synthetic_fixture,False
SAMPLE-00405,2022-02-21,14:43,SAMPLE17,Sample Regional Airport 17 (SYNTHETIC),,54.975527644328615,5.167577351095074,Take-off run,63.0,196.0,Cessna,Model-424,Airplane,5,Turboprop,2,Some Cloud,None,Herring Gull,Larus argentatus,Medium,1,1,,,,Nose,,0.0,0.0,0,0,Synthetic sample record generated for pipeline testing.,synthetic_fixture,False
SAMPLE-00406,2021-03-07,18:19,SAMPLE11,Sample Regional Airport 11 (SYNTHETIC),SS,33.219262959760975,-119.6957876381563,Approach,1113.0,244.0,Embraer,Model-389,Airplane,1,Turboprop,2,Some Cloud,None,Mallard,Anas platyrhynchos,Medium,1,1,N,,,Fuselage,,0.0,0.0,0,0,Synthetic sample record generated for pipeline testing.,synthetic_fixture,False
SAMPLE-00407,2023-10-28,15:44,SAMPLE14,Sample Municipal Airport 14 (SYNTHETIC),SS,38.86855061506726,-94.79375787115028,Approach,626.0,234.0,Embraer,Model-618,Airplane,3,Turbojet,2,Some Cloud,Rain,Mallard,Anas platyrhynchos,Small,1,1,N,,,Wing,,0.0,0.0,0,0,Synthetic sample record generated for pipeline testing.,synthetic_fixture,False
SAMPLE-00408,2024-01-09,23:30,SAMPLE24,Sample Municipal Airport 24 (SYNTHETIC),,57.870386954431076,13.981520378984188,En Route,38.0,195.0,Bombardier,Model-543,Airplane,4,Turboprop,2,No Cloud,None,Mallard,Anas platyrhynchos,Medium,1,1,N,,,Nose,,0.0,0.0,0,0,Synthetic sample record generated for pipeline testing.,synthetic_fixture,False
SAMPLE-00409,2023-02-27,06:08,SAMPLE22,Sample Municipal Airport 22 (SYNTHETIC),,55.76850653754841,6.226653871308614,Approach,917.0,145.0,Cessna,Model-656,Airplane,5,Turbojet,2,Overcast,Fog,American Robin,Turdus migratorius,Small,1,1,N/A,,,Nose,,0.0,0.0,0,0,Synthetic sample record generated for pipeline testing.,synthetic_fixture,False
SAMPLE-00410,2018-10-02,04:25,SAMPLE17,Sample Regional Airport 17 (SYNTHETIC),,54.98574675670622,5.166286030609489,Landing Roll,1175.0,195.0,Cessna,Model-676,Airplane,3,Turboprop,4,No Cloud,Rain,Herring Gull,Larus argentatus,Small,1,1,N,,,Fuselage,,0.0,0.0,0,0,Synthetic sample record generated for pipeline testing.,synthetic_fixture,False
SAMPLE-00411,2022-01-17,06:36,,Sample Regional Airport 09 (SYNTHETIC),SS,37.00086922569432,-82.49638279839397,Take-off run,1473.0,214.0,Bombardier,Model-863,Airplane,2,Turbojet,2,Some Cloud,None,Mute Swan,Cygnus olor,Small,1,1,N,,,Nose,,0.0,0.0,0,0,Synthetic sample record generated for pipeline testing.,synthetic_fixture,False
SAMPLE-00412,2024-03-01,21:56,SAMPLE21,Sample Regional Airport 21 (SYNTHETIC),,58.65539795528162,12.498480081119503,Take-off run,1820.0,81.0,Boeing,Model-468,Airplane,5,Turbofan,2,Some Cloud,None,American Crow,Corvus brachyrhynchos,Small,1,1,N,,,Wing,,0.0,0.0,0,0,Synthetic sample record generated for pipeline testing.,synthetic_fixture,False
SAMPLE-00413,2018-04-30,03:44,SAMPLE07,Sample Regional Airport 07 (SYNTHETIC),SS,41.917687549763976,-76.46304397618177,Approach,560.0,219.0,Bombardier,Model-706,Airplane,4,Turbojet,2,Some Cloud,None,Mute Swan,Cygnus olor,Small,1,1,N,,,Wing,,0.0,0.0,0,0,Synthetic sample record generated for pipeline testing.,synthetic_fixture,False
SAMPLE-00414,2022-01-11,11:39,SAMPLE12,Sample Municipal Airport 12 (SYNTHETIC),SS,42.490952142344625,-99.32881450333157,En Route,175.0,210.0,Boeing,Model-321,Airplane,2,Turboprop,2,Overcast,Rain,Mute Swan,Cygnus olor,Small,1,1,N,,,Fuselage,,0.0,0.0,0,0,Synthetic sample record generated for pipeline testing.,synthetic_fixture,False
SAMPLE-00415,2024-05-11,09:00,SAMPLE11,Sample Regional Airport 11 (SYNTHETIC),SS,33.2139700420999,-119.64668801218134,Climb,1318.0,154.0,Airbus,Model-240,Airplane,1,Turbojet,2,Some Cloud,None,Greylag Goose,Anser anser,Small,1,1,N,,,Engine,,0.0,0.0,0,0,Synthetic sample record generated for pipeline testing.,synthetic_fixture,False
SAMPLE-00416,2021-11-01,03:26,SAMPLE06,Sample Municipal Airport 06 (SYNTHETIC),SS,33.103781677190476,-99.01870861042192,Take-off run,2294.0,240.0,Airbus,Model-741,Airplane,1,Turbojet,2,Some Cloud,Snow,Common Raven,Corvus corax,Large,1,1,N,,,Windshield,,0.0,0.0,0,0,Synthetic sample record generated for pipeline testing.,synthetic_fixture,False
SAMPLE-00417,2018-04-25,22:57,SAMPLE11,Sample Regional Airport 11 (SYNTHETIC),SS,33.20606448211863,-119.67043086737083,Take-off run,392.0,106.0,Airbus,Model-643,Airplane,1,Turbofan,2,Overcast,None,Barn Swallow,Hirundo rustica,Medium,1,1,N,,,Engine,,0.0,0.0,0,0,Synthetic sample record generated for pipeline testing.,synthetic_fixture,False
SAMPLE-00418,2020-07-19,21:29,SAMPLE23,Sample Regional Airport 23 (SYNTHETIC),,51.83966560615949,0.07201887126181868,Approach,109.0,226.0,Airbus,Model-176,Airplane,3,Turbofan,2,Overcast,None,American Robin,Turdus migratorius,Small,1,1,N,,,Wing,,0.0,0.0,0,0,Synthetic sample record generated for pipeline testing.,synthetic_fixture,False
SAMPLE-00419,2019-05-16,09:10,SAMPLE18,Sample Municipal Airport 18 (SYNTHETIC),,46.37702963584435,13.066778717653024,Approach,134.0,173.0,Bombardier,Model-439,Airplane,1,Turbojet,4,Overcast,Snow,Great Cormorant,Phalacrocorax carbo,Medium,1,1,N,,,Windshield,,0.0,0.0,0,0,Synthetic sample record generated for pipeline testing.,synthetic_fixture,False
SAMPLE-00420,2020-07-24,02:09,SAMPLE24,Sample Municipal Airport 24 (SYNTHETIC),,57.83743160098871,13.972480218420433,Approach,3419.0,99.0,Embraer,Model-627,Airplane,2,Turbofan,2,Some Cloud,None,Greylag Goose,Anser anser,Small,2-10,2-10,N,,,Windshield,,0.0,0.0,0,0,Synthetic sample record generated for pipeline testing.,synthetic_fixture,False
SAMPLE-00421,2019-12-18,02:38,SAMPLE06,Sample Municipal Airport 06 (SYNTHETIC),SS,33.11010269160408,-98.99060984530078,Climb,187.0,98.0,Embraer,Model-612,Airplane,4,Turbofan,2,Some Cloud,Snow,Canada Goose,Branta canadensis,Large,11-100,11-100,Y,M,None,Nose,Windshield,15065.37,1067.72,0,0,Synthetic sample record generated for pipeline testing.,synthetic_fixture,False
SAMPLE-00422,2024-12-23,13:08,SAMPLE24,Sample Municipal Airport 24 (SYNTHETIC),,57.80654189808374,13.942336969342902,Approach,320.0,97.0,Airbus,Model-147,Airplane,1,Turbofan,2,Some Cloud,Fog,Common Kestrel,Falco tinnunculus,Small,1,1,N,,,Fuselage,,0.0,0.0,0,0,Synthetic sample record generated for pipeline testing.,synthetic_fixture,False
SAMPLE-00423,2024-08-31,06:55,SAMPLE23,Sample Regional Airport 23 (SYNTHETIC),,51.83333565385143,0.03962181626296919,Climb,2973.0,172.0,Airbus,Model-584,Airplane,3,Turbofan,2,Overcast,Fog,Great Black-backed Gull,Larus marinus,Small,Over 100,Over 100,N,,,Windshield,,0.0,0.0,0,0,Synthetic sample record generated for pipeline testing.,synthetic_fixture,False
SAMPLE-00424,2022-06-13,23:30,SAMPLE11,Sample Regional Airport 11 (SYNTHETIC),SS,33.21414144058463,-119.69655718868273,Approach,1955.0,145.0,Boeing,Model-502,Airplane,1,Turboprop,2,Some Cloud,None,Grey Heron,Ardea cinerea,Large,1,1,N,,,Nose,,0.0,0.0,0,0,Synthetic sample record generated for pipeline testing.,synthetic_fixture,False
SAMPLE-00425,2024-02-08,06:38,SAMPLE05,Sample Regional Airport 05 (SYNTHETIC),SS,42.16294942106579,-104.0492372839497,Take-off run,561.0,241.0,Embraer,Model-176,Airplane,2,Turbojet,2,Overcast,Rain,Bald Eagle,Haliaeetus leucocephalus,Large,1,1,N,,,Nose,,0.0,0.0,0,0,Synthetic sample record generated for pipeline testing.,synthetic_fixture,False
SAMPLE-00426,2023-09-16,08:28,SAMPLE05,Sample Regional Airport 05 (SYNTHETIC),SS,42.13523899621554,-104.03442121143419,Climb,76.0,215.0,Embraer,Model-600,Airplane,2,Turbojet,2,No Cloud,None,Canada Goose,Branta canadensis,Small,2-10,2-10,N,,,Windshield,,0.0,0.0,0,0,Synthetic sample record generated for pipeline testing.,synthetic_fixture,False
SAMPLE-00427,2019-02-18,12:49,SAMPLE06,Sample Municipal Airport 06 (SYNTHETIC),SS,33.06008786026427,-99.00290321423951,Descent,282.0,237.0,Embraer,Model-794,Airplane,2,Turboprop,2,Some Cloud,None,Barn Swallow,Hirundo rustica,Medium,11-100,11-100,N,,,Windshield,,0.0,0.0,0,0,Synthetic sample record generated for pipeline testing.,synthetic_fixture,False
SAMPLE-00428,2022-03-14,10:36,SAMPLE02,Sample Municipal Airport 02 (SYNTHETIC),SS,45.608576641052004,-85.72946710943158,Descent,982.0,179.0,Boeing,Model-272,Airplane,2,Turboprop,2,No Cloud,None,American Crow,Corvus brachyrhynchos,Small,1,1,N,,,Nose,,0.0,0.0,0,0,Synthetic sample record generated for pipeline testing.,synthetic_fixture,False
SAMPLE-00429,2018-12-06,04:28,SAMPLE20,Sample Municipal Airport 20 (SYNTHETIC),,54.472873973709966,4.038865996377768,Approach,68.0,205.0,Boeing,Model-783,Airplane,5,Turboprop,2,Some Cloud,None,Rock Pigeon,Columba livia,Small,1,1,N,,,Nose,,0.0,0.0,0,0,Synthetic sample record generated for pipeline testing.,synthetic_fixture,False
SAMPLE-00430,2018-09-25,01:49,SAMPLE20,Sample Municipal Airport 20 (SYNTHETIC),,54.478637894099826,4.036655277581669,Take-off run,2365.0,147.0,Airbus,Model-607,Airplane,3,Turboprop,2,Overcast,None,Common Ringed Plover,Charadrius hiaticula,Medium,1,1,N,,,Engine,,0.0,0.0,0,0,Synthetic sample record generated for pipeline testing.,synthetic_fixture,False
SAMPLE-00431,2021-03-14,16:49,SAMPLE25,Sample Regional Airport 25 (SYNTHETIC),,53.772775944315136,11.249584292906754,Climb,4024.0,120.0,Boeing,Model-740,Airplane,1,Turbojet,2,No Cloud,None,Greylag Goose,Anser anser,Large,2-10,2-10,N,,,Windshield,,0.0,0.0,0,0,Synthetic sample record generated for pipeline testing.,synthetic_fixture,False
SAMPLE-00432,2024-12-16,08:51,,Sample Regional Airport 15 (SYNTHETIC),SS,33.41719636496118,-101.61088215952944,Landing Roll,1016.0,187.0,Cessna,Model-405,Airplane,4,Turbofan,4,Some Cloud,None,Great Black-backed Gull,Larus marinus,Small,2-10,2-10,N,,,Wing,,0.0,0.0,0,0,Synthetic sample record generated for pipeline testing.,synthetic_fixture,False
SAMPLE-00433,2020-01-01,08:52,SAMPLE14,Sample Municipal Airport 14 (SYNTHETIC),SS,38.817317871897586,-94.85043374890107,Approach,352.0,210.0,Airbus,Model-485,Airplane,3,Turboprop,2,Overcast,Snow,Common Starling,Sturnus vulgaris,Small,1,1,Y,S,None,Windshield,Windshield,10882.65,1346.07,0,0,Synthetic sample record generated for pipeline testing.,synthetic_fixture,False
SAMPLE-00434,2024-09-29,13:43,SAMPLE15,Sample Regional Airport 15 (SYNTHETIC),SS,33.43671860974266,-101.63958511843022,Landing Roll,508.0,112.0,Cessna,Model-742,Airplane,4,Turbojet,2,No Cloud,Fog,Common Buzzard,Buteo buteo,Small,1,1,N,,,Wing,,0.0,0.0,0,0,Synthetic sample record generated for pipeline testing.,synthetic_fixture,False
SAMPLE-00435,2022-05-13,09:27,SAMPLE02,Sample Municipal Airport 02 (SYNTHETIC),SS,45.633740742005806,-85.741585571683,Climb,598.0,239.0,Cessna,Model-440,Airplane,2,Turbofan,2,Some Cloud,Rain,Common Starling,Sturnus vulgaris,Small,2-10,2-10,N/A,,,Fuselage,,0.0,0.0,0,0,Synthetic sample record generated for pipeline testing.,synthetic_fixture,False
SAMPLE-00436,2020-12-24,09:12,SAMPLE19,Sample Regional Airport 19 (SYNTHETIC),,47.28260257014204,12.417557921940038,Approach,1002.0,201.0,Embraer,Model-666,Airplane,5,Turbojet,2,Some Cloud,Snow,Mallard,Anas platyrhynchos,Small,2-10,2-10,N,,,Engine,,0.0,0.0,0,0,Synthetic sample record generated for pipeline testing.,synthetic_fixture,False
SAMPLE-00437,2024-05-21,05:43,SAMPLE10,Sample Municipal Airport 10 (SYNTHETIC),SS,42.88674876972185,-102.57797856950583,En Route,85.0,82.0,Boeing,Model-515,Airplane,1,Turbojet,2,No Cloud,Fog,Common Buzzard,Buteo buteo,Medium,1,1,N,,,Fuselage,,0.0,0.0,0,0,Synthetic sample record generated for pipeline testing.,synthetic_fixture,False
SAMPLE-00438,2019-04-08,01:19,SAMPLE01,Sample Regional Airport 01 (SYNTHETIC),SS,42.40193645937534,-100.24493115045128,Descent,970.0,130.0,Bombardier,Model-310,Airplane,1,Turbofan,2,No Cloud,None,American Crow,Corvus brachyrhynchos,Large,1,1,Y,M,Precautionary Landing,Wing,Windshield,10019.08,94.68,1,0,Synthetic sample record generated for pipeline testing.,synthetic_fixture,False
SAMPLE-00439,2022-03-15,20:16,SAMPLE25,Sample Regional Airport 25 (SYNTHETIC),,53.74211835081927,11.24310964579346,Descent,1000.0,239.0,Cessna,Model-843,Airplane,2,Turboprop,2,No Cloud,None,Eurasian Sparrowhawk,Accipiter nisus,Medium,1,1,Y,S,None,Engine,,29507.84,1199.48,0,0,Synthetic sample record generated for pipeline testing.,synthetic_fixture,False
SAMPLE-00440,2019-06-27,05:54,SAMPLE05,Sample Regional Airport 05 (SYNTHETIC),SS,42.15016443720648,-104.06235979640535,Take-off run,61.0,171.0,Embraer,Model-542,Airplane,3,Turbojet,2,Overcast,None,Grey Heron,Ardea cinerea,Large,11-100,11-100,Y,M,Other,Nose,Engine,4642.85,429.88,0,0,Synthetic sample record generated for pipeline testing.,synthetic_fixture,False
SAMPLE-00441,2023-09-11,09:50,SAMPLE22,Sample Municipal Airport 22 (SYNTHETIC),,55.752446889735594,6.224675716596441,Approach,165.0,153.0,Cessna,Model-637,Airplane,1,Turbofan,4,No Cloud,None,Herring Gull,Larus argentatus,Small,2-10,2-10,N,,,Windshield,,0.0,0.0,0,0,Synthetic sample record generated for pipeline testing.,synthetic_fixture,False
SAMPLE-00442,2023-09-30,22:39,SAMPLE19,Sample Regional Airport 19 (SYNTHETIC),,47.28614315375207,12.39507773932365,Climb,1972.0,214.0,Cessna,Model-386,Airplane,2,Turboprop,2,No Cloud,Rain,Canada Goose,Branta canadensis,Small,1,1,N,,,Nose,,0.0,0.0,0,0,Synthetic sample record generated for pipeline testing.,synthetic_fixture,False
SAMPLE-00443,2022-05-24,02:56,SAMPLE18,Sample Municipal Airport 18 (SYNTHETIC),,46.33182570086264,13.085333006435011,En Route,390.0,222.0,Airbus,Model-623,Airplane,4,Turbojet,2,Some Cloud,Rain,Great Cormorant,Phalacrocorax carbo,Small,2-10,2-10,N,,,Wing,,0.0,0.0,0,0,Synthetic sample record generated for pipeline testing.,synthetic_fixture,False
SAMPLE-00444,2022-09-20,02:57,SAMPLE15,Sample Regional Airport 15 (SYNTHETIC),SS,33.444751601415675,-101.6125795489843,Climb,419.0,224.0,Airbus,Model-455,Airplane,1,Turboprop,2,Overcast,Rain,Great Cormorant,Phalacrocorax carbo,Small,1,1,N,,,Fuselage,,0.0,0.0,0,0,Synthetic sample record generated for pipeline testing.,synthetic_fixture,False
SAMPLE-00445,2020-12-21,05:55,SAMPLE03,Sample Regional Airport 03 (SYNTHETIC),SS,35.9188594172177,-78.31722087335349,En Route,169.0,138.0,Boeing,Model-785,Airplane,1,Turbojet,2,Overcast,None,Black-headed Gull,Chroicocephalus ridibundus,Small,1,1,N,,,Fuselage,,0.0,0.0,0,0,Synthetic sample record generated for pipeline testing.,synthetic_fixture,False
SAMPLE-00446,2020-10-22,14:34,SAMPLE15,Sample Regional Airport 15 (SYNTHETIC),SS,33.44167852576673,-101.62319660869615,Climb,2168.0,137.0,Embraer,Model-184,Airplane,3,Turbofan,2,Overcast,None,American Robin,Turdus migratorius,Small,1,1,N,,,Engine,,0.0,0.0,0,0,Synthetic sample record generated for pipeline testing.,synthetic_fixture,False
SAMPLE-00447,2018-04-01,23:08,SAMPLE07,Sample Regional Airport 07 (SYNTHETIC),SS,41.91806994344399,-76.48173405979153,Approach,1352.0,154.0,Boeing,Model-463,Airplane,5,Turbofan,2,Some Cloud,None,Grey Heron,Ardea cinerea,Small,1,1,Y,M,Other,Fuselage,Wing,1912.57,2001.0,0,0,Synthetic sample record generated for pipeline testing.,synthetic_fixture,False
SAMPLE-00448,2018-11-22,11:46,SAMPLE03,Sample Regional Airport 03 (SYNTHETIC),SS,35.93281745318101,-78.33730460909766,Climb,31.0,238.0,Cessna,Model-663,Airplane,2,Turbofan,2,Overcast,None,American Crow,Corvus brachyrhynchos,Large,1,1,N,,,Nose,,0.0,0.0,0,0,Synthetic sample record generated for pipeline testing.,synthetic_fixture,False
SAMPLE-00449,2019-03-04,20:47,SAMPLE04,Sample Municipal Airport 04 (SYNTHETIC),SS,33.654463951278565,-95.02565229821978,Climb,2193.0,208.0,Boeing,Model-775,Airplane,1,Turbojet,2,Some Cloud,None,Common Raven,Corvus corax,Large,1,1,Y,M,None,Fuselage,Windshield,10320.67,1814.96,1,0,Synthetic sample record generated for pipeline testing.,synthetic_fixture,False
SAMPLE-00450,2018-02-04,22:26,SAMPLE18,Sample Municipal Airport 18 (SYNTHETIC),,46.394348752210675,13.05956610798296,Landing Roll,725.0,145.0,Embraer,Model-191,Airplane,2,Turbofan,2,No Cloud,None,Common Kestrel,Falco tinnunculus,Medium,1,1,N,,,Engine,,0.0,0.0,0,0,Synthetic sample record generated for pipeline testing.,synthetic_fixture,False
SAMPLE-00451,2019-04-25,06:13,SAMPLE03,Sample Regional Airport 03 (SYNTHETIC),SS,35.944035851368035,-78.28437741508306,Landing Roll,21.0,111.0,Cessna,Model-274,Airplane,2,Turbofan,2,Overcast,Fog,Grey Heron,Ardea cinerea,Small,1,1,Y,M,Other,Nose,Windshield,2967.4,1676.5,0,0,Synthetic sample record generated for pipeline testing.,synthetic_fixture,False
SAMPLE-00452,2023-10-30,18:21,SAMPLE09,Sample Regional Airport 09 (SYNTHETIC),SS,37.020455673380475,-82.56691407954594,Descent,107.0,232.0,Bombardier,Model-322,Airplane,5,Turboprop,4,Some Cloud,None,American Robin,Turdus migratorius,Medium,1,1,N,,,Windshield,,0.0,0.0,0,0,Synthetic sample record generated for pipeline testing.,synthetic_fixture,False
SAMPLE-00453,2018-12-21,00:11,SAMPLE04,Sample Municipal Airport 04 (SYNTHETIC),SS,33.66383372131048,-95.05864214754837,Approach,843.0,108.0,Bombardier,Model-235,Airplane,2,Turboprop,2,No Cloud,Rain,Great Blue Heron,Ardea herodias,Small,1,1,N,,,Engine,,0.0,0.0,0,0,Synthetic sample record generated for pipeline testing.,synthetic_fixture,False
SAMPLE-00454,2018-10-05,02:19,SAMPLE23,Sample Regional Airport 23 (SYNTHETIC),,51.843988607767336,0.03915614735052114,En Route,603.0,135.0,Bombardier,Model-870,Airplane,2,Turboprop,2,No Cloud,None,American Crow,Corvus brachyrhynchos,Medium,1,1,Y,M,None,Engine,Windshield,705.95,2186.99,0,0,Synthetic sample record generated for pipeline testing.,synthetic_fixture,False
SAMPLE-00455,2020-10-28,11:51,SAMPLE12,Sample Municipal Airport 12 (SYNTHETIC),SS,42.47358458036078,-99.36832087635125,Descent,1020.0,114.0,Cessna,Model-280,Airplane,4,Turbofan,2,Some Cloud,Rain,Herring Gull,Larus argentatus,Small,11-100,11-100,N,,,Fuselage,,0.0,0.0,1,0,Synthetic sample record generated for pipeline testing.,synthetic_fixture,False
SAMPLE-00456,2021-12-06,17:10,SAMPLE20,Sample Municipal Airport 20 (SYNTHETIC),,54.42745586346553,4.06370961924631,Take-off run,426.0,228.0,Bombardier,Model-420,Airplane,1,Turboprop,2,Some Cloud,None,Great Blue Heron,Ardea herodias,Medium,1,1,Y,S,Aborted Takeoff,Nose,Engine,10773.48,2525.4,0,0,Synthetic sample record generated for pipeline testing.,synthetic_fixture,False
SAMPLE-00457,2019-09-02,03:54,SAMPLE23,Sample Regional Airport 23 (SYNTHETIC),,51.810100717788785,0.08910810992801078,Approach,187.0,150.0,Bombardier,Model-731,Airplane,5,Turbofan,2,Overcast,Fog,Black-headed Gull,Chroicocephalus ridibundus,Medium,1,1,N,,,Windshield,,0.0,0.0,0,0,Synthetic sample record generated for pipeline testing.,synthetic_fixture,False
SAMPLE-00458,2019-08-19,06:35,SAMPLE01,Sample Regional Airport 01 (SYNTHETIC),SS,42.35615347968463,-100.25528971419975,Take-off run,1141.0,161.0,Airbus,Model-809,Airplane,1,Turbojet,2,No Cloud,Rain,American Crow,Corvus brachyrhynchos,Medium,1,1,N,,,Nose,,0.0,0.0,0,0,Synthetic sample record generated for pipeline testing.,synthetic_fixture,False
SAMPLE-00459,2018-01-31,02:23,SAMPLE10,Sample Municipal Airport 10 (SYNTHETIC),SS,42.84005886820811,-102.56188074671306,Approach,1015.0,205.0,Embraer,Model-501,Airplane,5,Turbojet,2,Some Cloud,None,Greylag Goose,Anser anser,Medium,1,1,N,,,Wing,,0.0,0.0,0,0,Synthetic sample record generated for pipeline testing.,synthetic_fixture,False
SAMPLE-00460,2024-01-24,14:51,SAMPLE22,Sample Municipal Airport 22 (SYNTHETIC),,55.76232260451674,6.237760448365035,Approach,110.0,146.0,Cessna,Model-600,Airplane,3,Turbofan,2,No Cloud,None,Common Starling,Sturnus vulgaris,Medium,1,1,N,,,Windshield,,0.0,0.0,0,0,Synthetic sample record generated for pipeline testing.,synthetic_fixture,False
SAMPLE-00461,2023-08-27,16:54,SAMPLE08,Sample Municipal Airport 08 (SYNTHETIC),SS,33.0275164884977,-114.13300662958831,Take-off run,542.0,203.0,Bombardier,Model-838,Airplane,2,Turboprop,2,No Cloud,Fog,American Crow,Corvus brachyrhynchos,Small,1,1,N,,,Engine,,0.0,0.0,0,0,Synthetic sample record generated for pipeline testing.,synthetic_fixture,False
SAMPLE-00462,2022-06-24,01:13,SAMPLE04,Sample Municipal Airport 04 (SYNTHETIC),SS,33.66818623989404,-95.0540658329187,Descent,1372.0,129.0,Embraer,Model-683,Airplane,2,Turboprop,2,No Cloud,None,Greylag Goose,Anser anser,Medium,11-100,11-100,N,,,Wing,,0.0,0.0,0,0,Synthetic sample record generated for pipeline testing.,synthetic_fixture,False
SAMPLE-00463,2024-03-10,18:58,SAMPLE09,Sample Regional Airport 09 (SYNTHETIC),SS,36.973438968644615,-82.52885689850436,Approach,36.0,147.0,Bombardier,Model-491,Airplane,3,Turboprop,4,Some Cloud,None,Mallard,Anas platyrhynchos,Small,2-10,2-10,N,,,Engine,,0.0,0.0,0,0,Synthetic sample record generated for pipeline testing.,synthetic_fixture,False
SAMPLE-00464,2022-05-23,17:50,SAMPLE12,Sample Municipal Airport 12 (SYNTHETIC),SS,42.4988447502434,-99.38344499538117,Climb,1254.0,90.0,Embraer,Model-339,Airplane,3,Turboprop,2,No Cloud,None,Eurasian Sparrowhawk,Accipiter nisus,Medium,2-10,2-10,N,,,Nose,,0.0,0.0,0,0,Synthetic sample record generated for pipeline testing.,synthetic_fixture,False
SAMPLE-00465,2018-12-12,02:35,SAMPLE04,Sample Municipal Airport 04 (SYNTHETIC),SS,33.64046899147473,-95.0150830826999,En Route,19.0,149.0,Bombardier,Model-347,Airplane,5,Turbojet,2,Overcast,Rain,Eurasian Sparrowhawk,Accipiter nisus,Medium,1,1,N,,,Wing,,0.0,0.0,0,0,Synthetic sample record generated for pipeline testing.,synthetic_fixture,False
SAMPLE-00466,2020-12-30,12:26,SAMPLE14,Sample Municipal Airport 14 (SYNTHETIC),SS,38.845321399463764,-94.84347935724,Approach,255.0,213.0,Airbus,Model-219,Airplane,2,Turbofan,2,No Cloud,None,Common Ringed Plover,Charadrius hiaticula,Small,11-100,11-100,N,,,Windshield,,0.0,0.0,0,0,Synthetic sample record generated for pipeline testing.,synthetic_fixture,False
SAMPLE-00467,2024-09-11,11:30,SAMPLE23,Sample Regional Airport 23 (SYNTHETIC),,51.83184969029151,0.06693637708432408,En Route,2722.0,247.0,Embraer,Model-835,Airplane,3,Turbojet,2,No Cloud,None,Great Black-backed Gull,Larus marinus,Medium,1,1,UNK,,,Wing,,0.0,0.0,0,0,Synthetic sample record generated for pipeline testing.,synthetic_fixture,False
SAMPLE-00468,2020-10-16,13:39,SAMPLE08,Sample Municipal Airport 08 (SYNTHETIC),SS,33.046421992203705,-114.13943020322677,Approach,861.0,113.0,Embraer,Model-258,Airplane,3,Turbojet,2,Some Cloud,None,Common Buzzard,Buteo buteo,Medium,1,1,N,,,Nose,,0.0,0.0,0,0,Synthetic sample record generated for pipeline testing.,synthetic_fixture,False
SAMPLE-00469,2018-10-29,09:12,SAMPLE10,Sample Municipal Airport 10 (SYNTHETIC),SS,42.87153640651303,-102.56068298695098,Climb,214.0,247.0,Airbus,Model-289,Airplane,4,Turbofan,4,Overcast,Snow,Herring Gull,Larus argentatus,Small,1,1,Y,M,None,Windshield,Wing,7806.07,1424.69,0,0,Synthetic sample record generated for pipeline testing.,synthetic_fixture,False
SAMPLE-00470,2020-04-23,10:35,SAMPLE12,Sample Municipal Airport 12 (SYNTHETIC),SS,42.511142247825916,-99.35041685093435,En Route,351.0,115.0,Boeing,Model-541,Airplane,1,Turboprop,2,Some Cloud,None,Herring Gull,Larus argentatus,Small,11-100,11-100,N,,,Wing,,0.0,0.0,0,0,Synthetic sample record generated for pipeline testing.,synthetic_fixture,False
SAMPLE-00471,2024-12-03,22:29,SAMPLE08,Sample Municipal Airport 08 (SYNTHETIC),SS,33.03865432035667,-114.19851002571754,Approach,1085.0,161.0,Airbus,Model-384,Airplane,2,Turbofan,2,No Cloud,Fog,Herring Gull,Larus argentatus,Medium,1,1,N,,,Fuselage,,0.0,0.0,0,0,Synthetic sample record generated for pipeline testing.,synthetic_fixture,False
SAMPLE-00472,2020-05-30,23:08,SAMPLE11,Sample Regional Airport 11 (SYNTHETIC),SS,33.20781947122902,-119.67997658023256,Approach,656.0,95.0,Embraer,Model-830,Airplane,3,Turboprop,2,Overcast,None,Common Kestrel,Falco tinnunculus,Large,1,1,N,,,Fuselage,,0.0,0.0,1,0,Synthetic sample record generated for pipeline testing.,synthetic_fixture,False
SAMPLE-00473,2020-05-28,20:47,SAMPLE13,Sample Regional Airport 13 (SYNTHETIC),SS,40.674622487795325,-98.78678104579082,En Route,1582.0,170.0,Airbus,Model-603,Airplane,5,Turboprop,2,Some Cloud,None,American Robin,Turdus migratorius,Small,1,1,N,,,Nose,,0.0,0.0,0,0,Synthetic sample record generated for pipeline testing.,synthetic_fixture,False
SAMPLE-00474,2020-12-01,13:35,SAMPLE09,Sample Regional Airport 09 (SYNTHETIC),SS,37.00808002265217,-82.54292892168013,En Route,221.0,126.0,Bombardier,Model-544,Airplane,1,Turbofan,4,Some Cloud,None,Great Blue Heron,Ardea herodias,Small,1,1,N,,,Nose,,0.0,0.0,0,0,Synthetic sample record generated for pipeline testing.,synthetic_fixture,False
SAMPLE-00475,2018-01-21,06:17,SAMPLE06,Sample Municipal Airport 06 (SYNTHETIC),SS,33.07943622205982,-98.98047863461663,Approach,2547.0,138.0,Cessna,Model-821,Airplane,5,Turbofan,2,Overcast,Rain,Common Starling,Sturnus vulgaris,Small,1,1,UNK,,,Nose,,0.0,0.0,0,0,Synthetic sample record generated for pipeline testing.,synthetic_fixture,False
SAMPLE-00476,2022-06-21,09:24,SAMPLE21,Sample Regional Airport 21 (SYNTHETIC),,58.659562312889804,12.49400341447561,Climb,370.0,181.0,Cessna,Model-149,Airplane,2,Turboprop,4,Some Cloud,None,Bald Eagle,Haliaeetus leucocephalus,Medium,1,1,N,,,Engine,,0.0,0.0,0,0,Synthetic sample record generated for pipeline testing.,synthetic_fixture,False
SAMPLE-00477,2018-06-06,01:33,SAMPLE08,Sample Municipal Airport 08 (SYNTHETIC),SS,33.01188598446023,-114.17237308863491,En Route,451.0,220.0,Boeing,Model-409,Airplane,3,Turbofan,2,No Cloud,None,Canada Goose,Branta canadensis,Small,1,1,N,,,Wing,,0.0,0.0,0,0,Synthetic sample record generated for pipeline testing.,synthetic_fixture,False
SAMPLE-00478,2020-07-13,22:54,SAMPLE09,Sample Regional Airport 09 (SYNTHETIC),SS,36.985217843885586,-82.52697174578613,Descent,429.0,201.0,Cessna,Model-754,Airplane,4,Turboprop,2,Overcast,Rain,Herring Gull,Larus argentatus,Medium,1,1,N,,,Nose,,0.0,0.0,0,0,Synthetic sample record generated for pipeline testing.,synthetic_fixture,False
SAMPLE-00479,2021-09-14,02:08,SAMPLE18,Sample Municipal Airport 18 (SYNTHETIC),,46.32652958587682,13.057827479322855,Approach,2547.0,183.0,Boeing,Model-598,Airplane,3,Turboprop,2,No Cloud,None,American Robin,Turdus migratorius,Small,1,1,N,,,Fuselage,,0.0,0.0,0,0,Synthetic sample record generated for pipeline testing.,synthetic_fixture,False
SAMPLE-00480,2021-05-06,02:23,SAMPLE13,Sample Regional Airport 13 (SYNTHETIC),SS,40.703669393620544,-98.80006967760251,Approach,1452.0,185.0,Cessna,Model-701,Airplane,1,Turbofan,2,Some Cloud,None,Common Ringed Plover,Charadrius hiaticula,Small,1,1,Y,M,Precautionary Landing,Nose,Engine,13887.94,2424.78,0,0,Synthetic sample record generated for pipeline testing.,synthetic_fixture,False
SAMPLE-00481,2023-08-07,07:07,SAMPLE20,Sample Municipal Airport 20 (SYNTHETIC),,54.40789457482248,4.039817916114241,En Route,158.0,233.0,Bombardier,Model-393,Airplane,3,Turboprop,4,Overcast,None,Eurasian Sparrowhawk,Accipiter nisus,Small,11-100,11-100,N,,,Wing,,0.0,0.0,0,0,Synthetic sample record generated for pipeline testing.,synthetic_fixture,False
SAMPLE-00482,2020-07-06,03:08,SAMPLE24,Sample Municipal Airport 24 (SYNTHETIC),,57.846484419586695,13.950712932930495,Approach,856.0,150.0,Embraer,Model-327,Airplane,2,Turbofan,4,Some Cloud,Rain,Canada Goose,Branta canadensis,Small,1,1,N,,,Wing,,0.0,0.0,0,0,Synthetic sample record generated for pipeline testing.,synthetic_fixture,False
SAMPLE-00483,2022-08-14,22:27,SAMPLE23,Sample Regional Airport 23 (SYNTHETIC),,51.843975424402515,0.05685589450715228,Landing Roll,5.0,125.0,Embraer,Model-416,Airplane,1,Turboprop,2,Some Cloud,None,Canada Goose,Branta canadensis,Small,11-100,11-100,N,,,Wing,,0.0,0.0,0,0,Synthetic sample record generated for pipeline testing.,synthetic_fixture,False
SAMPLE-00484,2024-11-06,17:42,SAMPLE20,Sample Municipal Airport 20 (SYNTHETIC),,54.4640941874416,4.036640323521034,Take-off run,23.0,122.0,Boeing,Model-125,Airplane,4,Turboprop,2,Overcast,None,Canada Goose,Branta canadensis,Small,1,1,N,,,Nose,,0.0,0.0,0,0,Synthetic sample record generated for pipeline testing.,synthetic_fixture,False
SAMPLE-00485,2019-05-28,03:58,SAMPLE05,Sample Regional Airport 05 (SYNTHETIC),SS,42.13466822424152,-104.04050431360463,Take-off run,18.0,163.0,Boeing,Model-819,Airplane,2,Turboprop,2,Some Cloud,None,Common Starling,Sturnus vulgaris,Medium,1,1,N,,,Fuselage,,0.0,0.0,0,0,Synthetic sample record generated for pipeline testing.,synthetic_fixture,False
SAMPLE-00486,2021-10-13,01:26,SAMPLE24,Sample Municipal Airport 24 (SYNTHETIC),,57.830089154744115,13.94080533405709,Climb,842.0,205.0,Bombardier,Model-476,Airplane,3,Turboprop,4,No Cloud,None,Common Ringed Plover,Charadrius hiaticula,Small,1,1,N,,,Wing,,0.0,0.0,0,0,Synthetic sample record generated for pipeline testing.,synthetic_fixture,False
SAMPLE-00487,2021-11-27,04:21,SAMPLE11,Sample Regional Airport 11 (SYNTHETIC),SS,33.196833589828124,-119.67157242195026,Take-off run,136.0,240.0,Bombardier,Model-796,Airplane,5,Turbofan,2,Overcast,None,Common Raven,Corvus corax,Small,1,1,N,,,Engine,,0.0,0.0,0,0,Synthetic sample record generated for pipeline testing.,synthetic_fixture,False
SAMPLE-00488,2019-06-23,16:40,SAMPLE09,Sample Regional Airport 09 (SYNTHETIC),SS,36.99052419663484,-82.51886808136561,Take-off run,2706.0,98.0,Airbus,Model-431,Airplane,3,Turboprop,2,No Cloud,Rain,Bald Eagle,Haliaeetus leucocephalus,Small,2-10,2-10,Y,M,Other,Engine,,16041.16,3195.58,0,0,Synthetic sample record generated for pipeline testing.,synthetic_fixture,False
SAMPLE-00489,2019-10-22,09:11,SAMPLE19,Sample Regional Airport 19 (SYNTHETIC),,47.27803636712724,12.405226001519209,Take-off run,1544.0,201.0,Embraer,Model-315,Airplane,5,Turbojet,2,Some Cloud,Fog,Herring Gull,Larus argentatus,Medium,1,1,N,,,Engine,,0.0,0.0,0,0,Synthetic sample record generated for pipeline testing.,synthetic_fixture,False
SAMPLE-00490,2020-06-05,19:51,SAMPLE12,Sample Municipal Airport 12 (SYNTHETIC),SS,42.501556322288025,-99.37832470190293,Landing Roll,4.0,173.0,Cessna,Model-190,Airplane,1,Turboprop,2,Some Cloud,None,American Crow,Corvus brachyrhynchos,Small,1,1,N,,,Engine,,0.0,0.0,0,0,Synthetic sample record generated for pipeline testing.,synthetic_fixture,False
SAMPLE-00491,2024-10-19,16:44,SAMPLE17,Sample Regional Airport 17 (SYNTHETIC),,54.960411513196824,5.173109856759891,Approach,566.0,157.0,Cessna,Model-682,Airplane,5,Turboprop,2,Overcast,None,Great Blue Heron,Ardea herodias,Small,2-10,2-10,N,,,Engine,,0.0,0.0,0,0,Synthetic sample record generated for pipeline testing.,synthetic_fixture,False
SAMPLE-00492,2024-09-11,20:25,SAMPLE04,Sample Municipal Airport 04 (SYNTHETIC),SS,33.61496463188439,-95.05098317893922,Take-off run,477.0,239.0,Embraer,Model-840,Airplane,2,Turbofan,2,No Cloud,None,Common Starling,Sturnus vulgaris,Medium,1,1,N,,,Wing,,0.0,0.0,0,0,Synthetic sample record generated for pipeline testing.,synthetic_fixture,False
SAMPLE-00493,2020-04-10,14:02,SAMPLE09,Sample Regional Airport 09 (SYNTHETIC),SS,37.01246630106917,-82.51001514878061,Climb,46.0,237.0,Airbus,Model-688,Airplane,5,Turbojet,4,No Cloud,None,Mute Swan,Cygnus olor,Medium,1,1,N,,,Fuselage,,0.0,0.0,0,0,Synthetic sample record generated for pipeline testing.,synthetic_fixture,False
SAMPLE-00494,2021-01-23,00:52,SAMPLE19,Sample Regional Airport 19 (SYNTHETIC),,47.30005285097501,12.393818828730854,Climb,101.0,173.0,Airbus,Model-311,Airplane,1,Turboprop,4,Some Cloud,None,Common Kestrel,Falco tinnunculus,Medium,1,1,N,,,Wing,,0.0,0.0,0,0,Synthetic sample record generated for pipeline testing.,synthetic_fixture,False
SAMPLE-00495,2021-03-20,17:32,SAMPLE12,Sample Municipal Airport 12 (SYNTHETIC),SS,42.47094905063254,-99.35654536677917,Approach,594.0,183.0,Airbus,Model-141,Airplane,1,Turbofan,2,No Cloud,None,Common Raven,Corvus corax,Medium,2-10,2-10,Y,M,Precautionary Landing,Nose,Windshield,25242.88,7072.81,0,0,Synthetic sample record generated for pipeline testing.,synthetic_fixture,False
SAMPLE-00496,2020-05-08,14:24,SAMPLE21,Sample Regional Airport 21 (SYNTHETIC),,58.611721609555545,12.470104954125434,Descent,1468.0,203.0,Cessna,Model-362,Airplane,1,Turboprop,2,Overcast,Snow,Great Blue Heron,Ardea herodias,Large,2-10,2-10,Y,M,Precautionary Landing,Wing,Windshield,2017.0,5816.37,0,0,Synthetic sample record generated for pipeline testing.,synthetic_fixture,False
SAMPLE-00497,2023-02-11,18:27,SAMPLE25,Sample Regional Airport 25 (SYNTHETIC),,53.74029451900193,11.276348612522018,Climb,544.0,91.0,Airbus,Model-176,Airplane,1,Turboprop,2,Some Cloud,None,Common Raven,Corvus corax,Large,2-10,2-10,Y,M,Precautionary Landing,Nose,Engine,13057.6,430.88,0,0,Synthetic sample record generated for pipeline testing.,synthetic_fixture,False
SAMPLE-00498,2023-04-25,04:15,SAMPLE05,Sample Regional Airport 05 (SYNTHETIC),SS,42.11825895426804,-104.03109387226877,Landing Roll,934.0,126.0,Cessna,Model-758,Airplane,1,Turbofan,2,Some Cloud,None,Great Black-backed Gull,Larus marinus,Medium,1,1,N,,,Nose,,0.0,0.0,0,0,Synthetic sample record generated for pipeline testing.,synthetic_fixture,False
SAMPLE-00499,2021-07-17,17:33,SAMPLE25,Sample Regional Airport 25 (SYNTHETIC),,53.76196537212971,11.232825770669882,Landing Roll,1085.0,122.0,Embraer,Model-174,Airplane,3,Turbojet,2,No Cloud,None,Mallard,Anas platyrhynchos,Small,1,1,N,,,Fuselage,,0.0,0.0,0,0,Synthetic sample record generated for pipeline testing.,synthetic_fixture,False
SAMPLE-00500,2020-08-28,02:27,SAMPLE25,Sample Regional Airport 25 (SYNTHETIC),,53.76617302709328,11.223684386714611,Descent,563.0,157.0,Boeing,Model-597,Airplane,3,Turbojet,2,Overcast,None,Great Cormorant,Phalacrocorax carbo,Medium,1,1,Y,M,None,Fuselage,,50122.91,4072.06,0,0,Synthetic sample record generated for pipeline testing.,synthetic_fixture,False
