count_id,site_id,count_date,start_time_local,end_time_local,observation_hours,species_common_name,species_scientific_name,species_code,count,flight_direction,count_type,weather_notes,observer_effort_available,data_origin,operational_use
CNT000001,TREK001,2023-01-16,07:00,08:15,1.25,Common Buzzard,Buteo buteo,BUTEO_BUTE,2,N,visible_migration,clear,True,synthetic_fixture,False
CNT000002,TREK001,2023-02-01,08:00,13:13,5.22,Common Starling,Sturnus vulgaris,STURNUS_VU,6,NW,visible_migration,overcast,True,synthetic_fixture,False
CNT000003,TREK001,2023-02-08,07:00,10:18,3.31,Great Black-backed Gull,Larus marinus,LARUS_MARI,3,S,visible_migration,overcast,True,synthetic_fixture,False
CNT000004,TREK001,2023-02-08,07:00,10:18,3.31,Grey Heron,Ardea cinerea,ARDEA_CINE,6,SE,visible_migration,light rain,True,synthetic_fixture,False
CNT000005,TREK001,2023-02-08,07:00,10:18,3.31,Black-headed Gull,Chroicocephalus ridibundus,CHROICOCEP,6,S,visible_migration,windy,True,synthetic_fixture,False
CNT000006,TREK001,2023-02-08,07:00,10:18,3.31,Great Cormorant,Phalacrocorax carbo,PHALACROCO,2,S,visible_migration,windy,True,synthetic_fixture,False
CNT000007,TREK001,2023-02-10,07:00,08:41,1.69,Common Starling,Sturnus vulgaris,STURNUS_VU,3,W,visible_migration,light rain,True,synthetic_fixture,False
CNT000008,TREK001,2023-02-10,07:00,08:41,1.69,Rock Pigeon,Columba livia,COLUMBA_LI,6,S,visible_migration,overcast,True,synthetic_fixture,False
CNT000009,TREK001,2023-02-10,07:00,08:41,1.69,Common Kestrel,Falco tinnunculus,FALCO_TINN,1,S,visible_migration,windy,True,synthetic_fixture,False
CNT000010,TREK001,2023-02-10,07:00,08:41,1.69,American Robin,Turdus migratorius,TURDUS_MIG,6,N,visible_migration,windy,True,synthetic_fixture,False
CNT000011,TREK001,2023-02-10,07:00,08:41,1.69,Mute Swan,Cygnus olor,CYGNUS_OLO,1,E,visible_migration,clear,True,synthetic_fixture,False
CNT000012,TREK001,2023-03-26,09:00,11:55,2.92,Common Raven,Corvus corax,CORVUS_COR,13,NE,visible_migration,overcast,True,synthetic_fixture,False
CNT000013,TREK001,2023-04-23,05:00,10:45,5.76,Great Black-backed Gull,Larus marinus,LARUS_MARI,12,N,visible_migration,light rain,True,synthetic_fixture,False
CNT000014,TREK001,2023-04-23,05:00,10:45,5.76,Common Buzzard,Buteo buteo,BUTEO_BUTE,14,N,visible_migration,,True,synthetic_fixture,False
CNT000015,TREK001,2023-04-23,05:00,10:45,5.76,Mallard,Anas platyrhynchos,ANAS_PLATY,9,SE,visible_migration,windy,True,synthetic_fixture,False
CNT000016,TREK001,2023-04-23,05:00,10:45,5.76,American Robin,Turdus migratorius,TURDUS_MIG,9,W,visible_migration,clear,True,synthetic_fixture,False
CNT000017,TREK001,2023-04-24,05:00,09:19,4.33,Great Cormorant,Phalacrocorax carbo,PHALACROCO,12,N,visible_migration,clear,True,synthetic_fixture,False
CNT000018,TREK001,2023-05-01,09:00,14:00,5.01,Great Black-backed Gull,Larus marinus,LARUS_MARI,10,W,visible_migration,light rain,True,synthetic_fixture,False
CNT000019,TREK001,2023-05-01,09:00,14:00,5.01,Herring Gull,Larus argentatus,LARUS_ARGE,7,NE,visible_migration,overcast,True,synthetic_fixture,False
CNT000020,TREK001,2023-05-01,09:00,14:00,5.01,Common Ringed Plover,Charadrius hiaticula,CHARADRIUS,8,NW,visible_migration,overcast,True,synthetic_fixture,False
CNT000021,TREK001,2023-05-01,09:00,14:00,5.01,American Robin,Turdus migratorius,TURDUS_MIG,9,NW,visible_migration,,True,synthetic_fixture,False
CNT000022,TREK001,2023-05-08,06:00,09:08,3.14,Common Ringed Plover,Charadrius hiaticula,CHARADRIUS,5,NE,visible_migration,overcast,True,synthetic_fixture,False
CNT000023,TREK001,2023-05-08,06:00,09:08,3.14,Grey Heron,Ardea cinerea,ARDEA_CINE,14,SW,visible_migration,light rain,True,synthetic_fixture,False
CNT000024,TREK001,2023-05-08,06:00,09:08,3.14,Bald Eagle,Haliaeetus leucocephalus,HALIAEETUS,6,N,visible_migration,overcast,True,synthetic_fixture,False
CNT000025,TREK001,2023-05-08,06:00,09:08,3.14,Common Buzzard,Buteo buteo,BUTEO_BUTE,6,SW,visible_migration,clear,True,synthetic_fixture,False
CNT000026,TREK001,2023-05-13,08:00,10:49,2.82,Bald Eagle,Haliaeetus leucocephalus,HALIAEETUS,7,NW,visible_migration,windy,True,synthetic_fixture,False
CNT000027,TREK001,2023-05-23,06:00,07:49,1.82,Mallard,Anas platyrhynchos,ANAS_PLATY,5,W,visible_migration,windy,True,synthetic_fixture,False
CNT000028,TREK001,2023-05-23,06:00,07:49,1.82,Common Buzzard,Buteo buteo,BUTEO_BUTE,4,SW,visible_migration,overcast,True,synthetic_fixture,False
CNT000029,TREK001,2023-05-23,06:00,07:49,1.82,Common Starling,Sturnus vulgaris,STURNUS_VU,4,W,visible_migration,,True,synthetic_fixture,False
CNT000030,TREK001,2023-05-23,06:00,07:49,1.82,Rock Pigeon,Columba livia,COLUMBA_LI,5,NW,visible_migration,overcast,True,synthetic_fixture,False
CNT000031,TREK001,2023-06-16,06:00,10:50,4.84,Common Buzzard,Buteo buteo,BUTEO_BUTE,5,NW,visible_migration,clear,True,synthetic_fixture,False
CNT000032,TREK001,2023-06-16,06:00,10:50,4.84,Great Cormorant,Phalacrocorax carbo,PHALACROCO,2,SE,visible_migration,overcast,False,synthetic_fixture,False
CNT000033,TREK001,2023-06-16,06:00,10:50,4.84,American Robin,Turdus migratorius,TURDUS_MIG,4,NE,visible_migration,light rain,True,synthetic_fixture,False
CNT000034,TREK001,2023-06-22,06:00,10:10,4.17,American Robin,Turdus migratorius,TURDUS_MIG,6,W,visible_migration,light rain,True,synthetic_fixture,False
CNT000035,TREK001,2023-06-22,06:00,10:10,4.17,Barn Swallow,Hirundo rustica,HIRUNDO_RU,6,N,visible_migration,clear,False,synthetic_fixture,False
CNT000036,TREK001,2023-06-22,06:00,10:10,4.17,Grey Heron,Ardea cinerea,ARDEA_CINE,7,NE,visible_migration,light rain,True,synthetic_fixture,False
CNT000037,TREK001,2023-06-22,06:00,10:10,4.17,Common Raven,Corvus corax,CORVUS_COR,2,N,visible_migration,overcast,False,synthetic_fixture,False
CNT000038,TREK001,2023-07-02,06:00,10:22,4.38,Common Starling,Sturnus vulgaris,STURNUS_VU,4,SW,visible_migration,,True,synthetic_fixture,False
CNT000039,TREK001,2023-07-27,06:00,11:17,5.29,Bald Eagle,Haliaeetus leucocephalus,HALIAEETUS,0,W,visible_migration,light rain,True,synthetic_fixture,False
CNT000040,TREK001,2023-07-27,06:00,11:17,5.29,Rock Pigeon,Columba livia,COLUMBA_LI,5,SW,visible_migration,light rain,True,synthetic_fixture,False
CNT000041,TREK001,2023-07-27,06:00,11:17,5.29,Canada Goose,Branta canadensis,BRANTA_CAN,3,SW,visible_migration,overcast,True,synthetic_fixture,False
CNT000042,TREK001,2023-08-21,07:00,12:59,5.99,American Crow,Corvus brachyrhynchos,CORVUS_BRA,7,NW,visible_migration,overcast,False,synthetic_fixture,False
CNT000043,TREK001,2023-08-21,07:00,12:59,5.99,Common Kestrel,Falco tinnunculus,FALCO_TINN,9,NE,visible_migration,light rain,True,synthetic_fixture,False
CNT000044,TREK001,2023-08-21,07:00,12:59,5.99,Great Black-backed Gull,Larus marinus,LARUS_MARI,7,E,visible_migration,overcast,True,synthetic_fixture,False
CNT000045,TREK001,2023-08-21,07:00,12:59,5.99,Great Blue Heron,Ardea herodias,ARDEA_HERO,12,W,visible_migration,light rain,True,synthetic_fixture,False
CNT000046,TREK001,2023-08-21,07:00,12:59,5.99,Bald Eagle,Haliaeetus leucocephalus,HALIAEETUS,4,SW,visible_migration,overcast,True,synthetic_fixture,False
CNT000047,TREK001,2023-10-15,05:00,06:19,1.33,Herring Gull,Larus argentatus,LARUS_ARGE,7,E,visible_migration,clear,True,synthetic_fixture,False
CNT000048,TREK001,2023-10-15,05:00,06:19,1.33,Common Raven,Corvus corax,CORVUS_COR,4,S,visible_migration,windy,True,synthetic_fixture,False
CNT000049,TREK001,2023-10-15,05:00,06:19,1.33,Eurasian Sparrowhawk,Accipiter nisus,ACCIPITER_,8,SE,visible_migration,light rain,True,synthetic_fixture,False
CNT000050,TREK001,2023-10-15,05:00,06:19,1.33,Black-headed Gull,Chroicocephalus ridibundus,CHROICOCEP,4,NW,visible_migration,clear,False,synthetic_fixture,False
CNT000051,TREK001,2023-10-15,05:00,06:19,1.33,Common Buzzard,Buteo buteo,BUTEO_BUTE,6,E,visible_migration,,True,synthetic_fixture,False
CNT000052,TREK001,2023-11-10,07:00,11:51,4.86,Common Ringed Plover,Charadrius hiaticula,CHARADRIUS,7,W,visible_migration,light rain,True,synthetic_fixture,False
CNT000053,TREK001,2023-11-29,08:00,10:04,2.08,Grey Heron,Ardea cinerea,ARDEA_CINE,0,SW,visible_migration,overcast,False,synthetic_fixture,False
CNT000054,TREK001,2023-11-29,08:00,10:04,2.08,Common Buzzard,Buteo buteo,BUTEO_BUTE,4,N,visible_migration,,True,synthetic_fixture,False
CNT000055,TREK001,2023-11-29,08:00,10:04,2.08,Black-headed Gull,Chroicocephalus ridibundus,CHROICOCEP,1,SW,visible_migration,windy,True,synthetic_fixture,False
CNT000056,TREK001,2023-12-26,08:00,13:57,5.96,Rock Pigeon,Columba livia,COLUMBA_LI,4,NW,visible_migration,clear,True,synthetic_fixture,False
CNT000057,TREK001,2023-12-26,08:00,13:57,5.96,Canada Goose,Branta canadensis,BRANTA_CAN,1,S,visible_migration,clear,True,synthetic_fixture,False
CNT000058,TREK001,2023-12-26,08:00,13:57,5.96,Great Black-backed Gull,Larus marinus,LARUS_MARI,1,E,visible_migration,clear,True,synthetic_fixture,False
CNT000059,TREK001,2024-01-04,07:00,12:22,5.37,Herring Gull,Larus argentatus,LARUS_ARGE,6,N,visible_migration,windy,True,synthetic_fixture,False
CNT000060,TREK001,2024-01-04,07:00,12:22,5.37,Mute Swan,Cygnus olor,CYGNUS_OLO,1,W,visible_migration,,True,synthetic_fixture,False
CNT000061,TREK001,2024-01-04,07:00,12:22,5.37,Common Ringed Plover,Charadrius hiaticula,CHARADRIUS,3,SW,visible_migration,clear,True,synthetic_fixture,False
CNT000062,TREK001,2024-01-04,07:00,12:22,5.37,Great Blue Heron,Ardea herodias,ARDEA_HERO,5,SE,visible_migration,light rain,True,synthetic_fixture,False
CNT000063,TREK001,2024-01-04,07:00,12:22,5.37,Barn Swallow,Hirundo rustica,HIRUNDO_RU,3,W,visible_migration,,True,synthetic_fixture,False
CNT000064,TREK001,2024-01-12,09:00,10:30,1.5,Common Raven,Corvus corax,CORVUS_COR,4,NW,visible_migration,overcast,True,synthetic_fixture,False
CNT000065,TREK001,2024-01-12,09:00,10:30,1.5,Common Kestrel,Falco tinnunculus,FALCO_TINN,4,S,visible_migration,overcast,True,synthetic_fixture,False
CNT000066,TREK001,2024-01-12,09:00,10:30,1.5,Canada Goose,Branta canadensis,BRANTA_CAN,1,SE,visible_migration,overcast,True,synthetic_fixture,False
CNT000067,TREK001,2024-01-12,09:00,10:30,1.5,Mute Swan,Cygnus olor,CYGNUS_OLO,2,SW,visible_migration,light rain,True,synthetic_fixture,False
CNT000068,TREK001,2024-01-27,08:00,10:23,2.39,Mute Swan,Cygnus olor,CYGNUS_OLO,2,N,visible_migration,light rain,True,synthetic_fixture,False
CNT000069,TREK001,2024-01-27,08:00,10:23,2.39,Common Ringed Plover,Charadrius hiaticula,CHARADRIUS,2,NE,visible_migration,overcast,True,synthetic_fixture,False
CNT000070,TREK001,2024-01-27,08:00,10:23,2.39,Rock Pigeon,Columba livia,COLUMBA_LI,6,SE,visible_migration,clear,True,synthetic_fixture,False
CNT000071,TREK001,2024-01-30,06:00,07:28,1.48,Common Ringed Plover,Charadrius hiaticula,CHARADRIUS,2,S,visible_migration,clear,True,synthetic_fixture,False
CNT000072,TREK001,2024-01-30,06:00,07:28,1.48,Common Raven,Corvus corax,CORVUS_COR,3,W,visible_migration,clear,True,synthetic_fixture,False
CNT000073,TREK001,2024-01-30,06:00,07:28,1.48,Common Starling,Sturnus vulgaris,STURNUS_VU,2,W,visible_migration,overcast,True,synthetic_fixture,False
CNT000074,TREK001,2024-02-21,09:00,11:19,2.32,American Robin,Turdus migratorius,TURDUS_MIG,3,NW,visible_migration,windy,True,synthetic_fixture,False
CNT000075,TREK001,2024-02-26,07:00,09:42,2.7,Herring Gull,Larus argentatus,LARUS_ARGE,7,NW,visible_migration,overcast,True,synthetic_fixture,False
CNT000076,TREK001,2024-02-26,07:00,09:42,2.7,Great Cormorant,Phalacrocorax carbo,PHALACROCO,5,NE,visible_migration,,True,synthetic_fixture,False
CNT000077,TREK001,2024-02-26,07:00,09:42,2.7,Eurasian Sparrowhawk,Accipiter nisus,ACCIPITER_,6,N,visible_migration,,True,synthetic_fixture,False
CNT000078,TREK001,2024-02-26,07:00,09:42,2.7,Black-headed Gull,Chroicocephalus ridibundus,CHROICOCEP,5,NW,visible_migration,,True,synthetic_fixture,False
CNT000079,TREK001,2024-02-26,07:00,09:42,2.7,American Robin,Turdus migratorius,TURDUS_MIG,7,E,visible_migration,light rain,True,synthetic_fixture,False
CNT000080,TREK001,2024-03-07,09:00,10:18,1.31,Common Starling,Sturnus vulgaris,STURNUS_VU,9,S,visible_migration,,True,synthetic_fixture,False
CNT000081,TREK001,2024-03-07,09:00,10:18,1.31,Eurasian Sparrowhawk,Accipiter nisus,ACCIPITER_,8,W,visible_migration,windy,True,synthetic_fixture,False
CNT000082,TREK001,2024-03-12,06:00,08:49,2.83,Common Kestrel,Falco tinnunculus,FALCO_TINN,7,S,visible_migration,overcast,True,synthetic_fixture,False
CNT000083,TREK001,2024-03-12,06:00,08:49,2.83,Great Cormorant,Phalacrocorax carbo,PHALACROCO,6,SW,visible_migration,,True,synthetic_fixture,False
CNT000084,TREK001,2024-03-12,06:00,08:49,2.83,Barn Swallow,Hirundo rustica,HIRUNDO_RU,9,SW,visible_migration,windy,True,synthetic_fixture,False
CNT000085,TREK001,2024-03-12,06:00,08:49,2.83,Grey Heron,Ardea cinerea,ARDEA_CINE,8,E,visible_migration,clear,True,synthetic_fixture,False
CNT000086,TREK001,2024-03-12,06:00,08:49,2.83,Common Buzzard,Buteo buteo,BUTEO_BUTE,14,NW,visible_migration,windy,True,synthetic_fixture,False
CNT000087,TREK001,2024-04-14,06:00,08:27,2.45,Great Black-backed Gull,Larus marinus,LARUS_MARI,11,SW,visible_migration,,True,synthetic_fixture,False
CNT000088,TREK001,2024-04-14,06:00,08:27,2.45,Eurasian Sparrowhawk,Accipiter nisus,ACCIPITER_,8,N,visible_migration,overcast,True,synthetic_fixture,False
CNT000089,TREK001,2024-05-11,05:00,06:41,1.69,Mallard,Anas platyrhynchos,ANAS_PLATY,6,NE,visible_migration,light rain,True,synthetic_fixture,False
CNT000090,TREK001,2024-05-11,05:00,06:41,1.69,Great Blue Heron,Ardea herodias,ARDEA_HERO,8,W,visible_migration,windy,True,synthetic_fixture,False
CNT000091,TREK001,2024-05-11,05:00,06:41,1.69,Barn Swallow,Hirundo rustica,HIRUNDO_RU,8,SW,visible_migration,overcast,True,synthetic_fixture,False
CNT000092,TREK001,2024-05-11,05:00,06:41,1.69,Common Ringed Plover,Charadrius hiaticula,CHARADRIUS,11,SW,visible_migration,overcast,True,synthetic_fixture,False
CNT000093,TREK001,2024-05-11,05:00,06:41,1.69,Great Cormorant,Phalacrocorax carbo,PHALACROCO,2,NE,visible_migration,clear,True,synthetic_fixture,False
CNT000094,TREK001,2024-06-01,07:00,08:10,1.17,Great Cormorant,Phalacrocorax carbo,PHALACROCO,3,S,visible_migration,light rain,True,synthetic_fixture,False
CNT000095,TREK001,2024-06-01,07:00,08:10,1.17,Common Raven,Corvus corax,CORVUS_COR,3,E,visible_migration,windy,True,synthetic_fixture,False
CNT000096,TREK001,2024-06-21,07:00,10:19,3.32,Herring Gull,Larus argentatus,LARUS_ARGE,1,W,visible_migration,overcast,True,synthetic_fixture,False
CNT000097,TREK001,2024-06-21,07:00,10:19,3.32,Black-headed Gull,Chroicocephalus ridibundus,CHROICOCEP,4,NE,visible_migration,clear,True,synthetic_fixture,False
CNT000098,TREK001,2024-06-21,07:00,10:19,3.32,Great Black-backed Gull,Larus marinus,LARUS_MARI,4,SE,visible_migration,light rain,True,synthetic_fixture,False
CNT000099,TREK001,2024-06-21,07:00,10:19,3.32,Common Kestrel,Falco tinnunculus,FALCO_TINN,5,SW,visible_migration,light rain,True,synthetic_fixture,False
CNT000100,TREK001,2024-08-01,05:00,08:25,3.43,Common Kestrel,Falco tinnunculus,FALCO_TINN,4,SE,visible_migration,light rain,True,synthetic_fixture,False
CNT000101,TREK001,2024-08-01,05:00,08:25,3.43,Great Black-backed Gull,Larus marinus,LARUS_MARI,1,N,visible_migration,overcast,True,synthetic_fixture,False
CNT000102,TREK001,2024-08-01,05:00,08:25,3.43,Herring Gull,Larus argentatus,LARUS_ARGE,4,W,visible_migration,,True,synthetic_fixture,False
CNT000103,TREK001,2024-08-01,05:00,08:25,3.43,Common Ringed Plover,Charadrius hiaticula,CHARADRIUS,3,N,visible_migration,overcast,True,synthetic_fixture,False
CNT000104,TREK001,2024-08-09,07:00,10:06,3.11,Mute Swan,Cygnus olor,CYGNUS_OLO,3,NE,visible_migration,light rain,True,synthetic_fixture,False
CNT000105,TREK001,2024-08-09,07:00,10:06,3.11,Bald Eagle,Haliaeetus leucocephalus,HALIAEETUS,4,E,visible_migration,windy,True,synthetic_fixture,False
CNT000106,TREK001,2024-08-27,05:00,09:05,4.1,Mallard,Anas platyrhynchos,ANAS_PLATY,9,W,visible_migration,,True,synthetic_fixture,False
CNT000107,TREK001,2024-08-27,05:00,09:05,4.1,Mute Swan,Cygnus olor,CYGNUS_OLO,7,NW,visible_migration,clear,True,synthetic_fixture,False
CNT000108,TREK001,2024-08-27,05:00,09:05,4.1,American Robin,Turdus migratorius,TURDUS_MIG,11,E,visible_migration,windy,True,synthetic_fixture,False
CNT000109,TREK001,2024-08-29,06:00,08:43,2.73,Greylag Goose,Anser anser,ANSER_ANSE,10,N,visible_migration,,True,synthetic_fixture,False
CNT000110,TREK001,2024-08-29,06:00,08:43,2.73,Common Buzzard,Buteo buteo,BUTEO_BUTE,4,N,visible_migration,,True,synthetic_fixture,False
CNT000111,TREK001,2024-09-13,08:00,09:07,1.13,American Crow,Corvus brachyrhynchos,CORVUS_BRA,11,SE,visible_migration,clear,True,synthetic_fixture,False
CNT000112,TREK001,2024-09-13,08:00,09:07,1.13,Mute Swan,Cygnus olor,CYGNUS_OLO,9,NW,visible_migration,overcast,True,synthetic_fixture,False
CNT000113,TREK001,2024-09-30,05:00,06:48,1.8,Common Starling,Sturnus vulgaris,STURNUS_VU,8,SE,visible_migration,,True,synthetic_fixture,False
CNT000114,TREK001,2024-09-30,05:00,06:48,1.8,Common Kestrel,Falco tinnunculus,FALCO_TINN,7,NW,visible_migration,light rain,True,synthetic_fixture,False
CNT000115,TREK001,2024-10-11,07:00,12:54,5.91,Rock Pigeon,Columba livia,COLUMBA_LI,6,NE,visible_migration,,True,synthetic_fixture,False
CNT000116,TREK001,2024-10-11,07:00,12:54,5.91,Common Kestrel,Falco tinnunculus,FALCO_TINN,10,S,visible_migration,clear,True,synthetic_fixture,False
CNT000117,TREK001,2024-10-11,07:00,12:54,5.91,Bald Eagle,Haliaeetus leucocephalus,HALIAEETUS,9,NE,visible_migration,clear,True,synthetic_fixture,False
CNT000118,TREK001,2024-10-11,07:00,12:54,5.91,American Robin,Turdus migratorius,TURDUS_MIG,11,SE,visible_migration,clear,True,synthetic_fixture,False
CNT000119,TREK001,2024-11-23,07:00,08:28,1.48,Rock Pigeon,Columba livia,COLUMBA_LI,5,SE,visible_migration,overcast,True,synthetic_fixture,False
CNT000120,TREK001,2024-11-23,07:00,08:28,1.48,Bald Eagle,Haliaeetus leucocephalus,HALIAEETUS,1,SE,visible_migration,overcast,True,synthetic_fixture,False
CNT000121,TREK001,2024-12-19,09:00,10:11,1.2,Great Blue Heron,Ardea herodias,ARDEA_HERO,1,E,visible_migration,,True,synthetic_fixture,False
CNT000122,TREK001,2024-12-19,09:00,10:11,1.2,American Crow,Corvus brachyrhynchos,CORVUS_BRA,1,N,visible_migration,,True,synthetic_fixture,False
CNT000123,TREK002,2023-02-16,07:00,10:43,3.72,Barn Swallow,Hirundo rustica,HIRUNDO_RU,3,SW,nocturnal_flight_call,clear,True,synthetic_fixture,False
CNT000124,TREK002,2023-02-16,07:00,10:43,3.72,Common Raven,Corvus corax,CORVUS_COR,3,E,nocturnal_flight_call,clear,True,synthetic_fixture,False
CNT000125,TREK002,2023-02-16,07:00,10:43,3.72,American Crow,Corvus brachyrhynchos,CORVUS_BRA,6,E,nocturnal_flight_call,clear,True,synthetic_fixture,False
CNT000126,TREK002,2023-02-16,07:00,10:43,3.72,Mute Swan,Cygnus olor,CYGNUS_OLO,5,S,nocturnal_flight_call,,True,synthetic_fixture,False
CNT000127,TREK002,2023-02-16,07:00,10:43,3.72,Common Kestrel,Falco tinnunculus,FALCO_TINN,4,SE,nocturnal_flight_call,light rain,True,synthetic_fixture,False
CNT000128,TREK002,2023-02-20,09:00,13:50,4.85,Great Blue Heron,Ardea herodias,ARDEA_HERO,5,NE,nocturnal_flight_call,,True,synthetic_fixture,False
CNT000129,TREK002,2023-02-20,09:00,13:50,4.85,Mallard,Anas platyrhynchos,ANAS_PLATY,2,NE,nocturnal_flight_call,light rain,True,synthetic_fixture,False
CNT000130,TREK002,2023-03-10,07:00,10:10,3.18,Mallard,Anas platyrhynchos,ANAS_PLATY,6,S,nocturnal_flight_call,,True,synthetic_fixture,False
CNT000131,TREK002,2023-03-10,07:00,10:10,3.18,Rock Pigeon,Columba livia,COLUMBA_LI,10,SE,nocturnal_flight_call,windy,True,synthetic_fixture,False
CNT000132,TREK002,2023-04-03,09:00,11:51,2.85,Common Buzzard,Buteo buteo,BUTEO_BUTE,8,SE,nocturnal_flight_call,overcast,True,synthetic_fixture,False
CNT000133,TREK002,2023-04-03,09:00,11:51,2.85,Common Starling,Sturnus vulgaris,STURNUS_VU,13,NE,nocturnal_flight_call,overcast,True,synthetic_fixture,False
CNT000134,TREK002,2023-04-03,09:00,11:51,2.85,Common Ringed Plover,Charadrius hiaticula,CHARADRIUS,7,NW,nocturnal_flight_call,overcast,True,synthetic_fixture,False
CNT000135,TREK002,2023-04-03,09:00,11:51,2.85,Bald Eagle,Haliaeetus leucocephalus,HALIAEETUS,16,E,nocturnal_flight_call,clear,True,synthetic_fixture,False
CNT000136,TREK002,2023-04-03,09:00,11:51,2.85,Great Blue Heron,Ardea herodias,ARDEA_HERO,10,SW,nocturnal_flight_call,,True,synthetic_fixture,False
CNT000137,TREK002,2023-04-03,05:00,07:32,2.54,Mallard,Anas platyrhynchos,ANAS_PLATY,14,SE,nocturnal_flight_call,light rain,True,synthetic_fixture,False
CNT000138,TREK002,2023-04-03,05:00,07:32,2.54,American Crow,Corvus brachyrhynchos,CORVUS_BRA,11,E,nocturnal_flight_call,overcast,True,synthetic_fixture,False
CNT000139,TREK002,2023-04-04,05:00,08:20,3.34,Common Buzzard,Buteo buteo,BUTEO_BUTE,9,SE,nocturnal_flight_call,clear,True,synthetic_fixture,False
CNT000140,TREK002,2023-05-06,06:00,07:38,1.65,Eurasian Sparrowhawk,Accipiter nisus,ACCIPITER_,14,SW,nocturnal_flight_call,clear,True,synthetic_fixture,False
CNT000141,TREK002,2023-05-19,07:00,10:02,3.04,Common Kestrel,Falco tinnunculus,FALCO_TINN,8,W,nocturnal_flight_call,windy,True,synthetic_fixture,False
CNT000142,TREK002,2023-05-19,07:00,10:02,3.04,Common Starling,Sturnus vulgaris,STURNUS_VU,5,E,nocturnal_flight_call,windy,True,synthetic_fixture,False
CNT000143,TREK002,2023-05-19,07:00,10:02,3.04,Great Blue Heron,Ardea herodias,ARDEA_HERO,6,N,nocturnal_flight_call,,True,synthetic_fixture,False
CNT000144,TREK002,2023-05-25,09:00,13:23,4.39,Herring Gull,Larus argentatus,LARUS_ARGE,7,SW,nocturnal_flight_call,clear,True,synthetic_fixture,False
CNT000145,TREK002,2023-05-25,09:00,13:23,4.39,Great Cormorant,Phalacrocorax carbo,PHALACROCO,2,NW,nocturnal_flight_call,light rain,True,synthetic_fixture,False
CNT000146,TREK002,2023-05-25,09:00,13:23,4.39,Great Black-backed Gull,Larus marinus,LARUS_MARI,4,NE,nocturnal_flight_call,clear,True,synthetic_fixture,False
CNT000147,TREK002,2023-05-25,09:00,13:23,4.39,Rock Pigeon,Columba livia,COLUMBA_LI,8,NW,nocturnal_flight_call,windy,True,synthetic_fixture,False
CNT000148,TREK002,2023-05-25,09:00,13:23,4.39,Common Buzzard,Buteo buteo,BUTEO_BUTE,3,SE,nocturnal_flight_call,light rain,True,synthetic_fixture,False
CNT000149,TREK002,2023-05-26,05:00,10:32,5.54,Common Raven,Corvus corax,CORVUS_COR,5,E,nocturnal_flight_call,overcast,True,synthetic_fixture,False
CNT000150,TREK002,2023-05-26,05:00,10:32,5.54,Great Black-backed Gull,Larus marinus,LARUS_MARI,7,N,nocturnal_flight_call,,True,synthetic_fixture,False
CNT000151,TREK002,2023-05-26,05:00,10:32,5.54,Eurasian Sparrowhawk,Accipiter nisus,ACCIPITER_,8,W,nocturnal_flight_call,,True,synthetic_fixture,False
CNT000152,TREK002,2023-05-26,05:00,10:32,5.54,Grey Heron,Ardea cinerea,ARDEA_CINE,3,SW,nocturnal_flight_call,overcast,True,synthetic_fixture,False
CNT000153,TREK002,2023-07-28,07:00,10:54,3.91,Common Ringed Plover,Charadrius hiaticula,CHARADRIUS,8,E,nocturnal_flight_call,windy,True,synthetic_fixture,False
CNT000154,TREK002,2023-07-28,07:00,10:54,3.91,American Crow,Corvus brachyrhynchos,CORVUS_BRA,4,S,nocturnal_flight_call,windy,True,synthetic_fixture,False
CNT000155,TREK002,2023-07-28,07:00,10:54,3.91,Barn Swallow,Hirundo rustica,HIRUNDO_RU,6,NW,nocturnal_flight_call,,False,synthetic_fixture,False
CNT000156,TREK002,2023-07-28,07:00,10:54,3.91,Black-headed Gull,Chroicocephalus ridibundus,CHROICOCEP,4,SE,nocturnal_flight_call,overcast,True,synthetic_fixture,False
CNT000157,TREK002,2023-07-28,07:00,10:54,3.91,Rock Pigeon,Columba livia,COLUMBA_LI,0,W,nocturnal_flight_call,overcast,True,synthetic_fixture,False
CNT000158,TREK002,2023-07-30,09:00,13:45,4.75,Great Blue Heron,Ardea herodias,ARDEA_HERO,6,E,nocturnal_flight_call,windy,False,synthetic_fixture,False
CNT000159,TREK002,2023-08-08,06:00,11:47,5.79,Great Cormorant,Phalacrocorax carbo,PHALACROCO,4,N,nocturnal_flight_call,,True,synthetic_fixture,False
CNT000160,TREK002,2023-08-08,06:00,11:47,5.79,Common Ringed Plover,Charadrius hiaticula,CHARADRIUS,6,W,nocturnal_flight_call,clear,True,synthetic_fixture,False
CNT000161,TREK002,2023-08-08,06:00,11:47,5.79,Mallard,Anas platyrhynchos,ANAS_PLATY,1,SE,nocturnal_flight_call,clear,True,synthetic_fixture,False
CNT000162,TREK002,2023-08-15,05:00,06:39,1.66,Great Blue Heron,Ardea herodias,ARDEA_HERO,9,W,nocturnal_flight_call,clear,True,synthetic_fixture,False
CNT000163,TREK002,2023-09-22,05:00,07:17,2.3,Mallard,Anas platyrhynchos,ANAS_PLATY,10,SW,nocturnal_flight_call,,True,synthetic_fixture,False
CNT000164,TREK002,2023-09-22,05:00,07:17,2.3,Common Raven,Corvus corax,CORVUS_COR,15,W,nocturnal_flight_call,overcast,True,synthetic_fixture,False
CNT000165,TREK002,2023-09-22,05:00,07:17,2.3,Great Black-backed Gull,Larus marinus,LARUS_MARI,17,NW,nocturnal_flight_call,light rain,True,synthetic_fixture,False
CNT000166,TREK002,2023-10-17,06:00,10:06,4.11,Common Kestrel,Falco tinnunculus,FALCO_TINN,8,NE,nocturnal_flight_call,,True,synthetic_fixture,False
CNT000167,TREK002,2023-10-17,06:00,10:06,4.11,Mute Swan,Cygnus olor,CYGNUS_OLO,15,SW,nocturnal_flight_call,light rain,True,synthetic_fixture,False
CNT000168,TREK002,2023-10-17,06:00,10:06,4.11,Grey Heron,Ardea cinerea,ARDEA_CINE,4,SE,nocturnal_flight_call,windy,True,synthetic_fixture,False
CNT000169,TREK002,2023-11-21,07:00,11:40,4.67,Great Blue Heron,Ardea herodias,ARDEA_HERO,3,E,nocturnal_flight_call,light rain,True,synthetic_fixture,False
CNT000170,TREK002,2023-11-21,07:00,11:40,4.67,Herring Gull,Larus argentatus,LARUS_ARGE,6,SW,nocturnal_flight_call,overcast,True,synthetic_fixture,False
CNT000171,TREK002,2023-11-21,07:00,11:40,4.67,Common Ringed Plover,Charadrius hiaticula,CHARADRIUS,8,SE,nocturnal_flight_call,light rain,True,synthetic_fixture,False
CNT000172,TREK002,2023-11-21,07:00,11:40,4.67,Canada Goose,Branta canadensis,BRANTA_CAN,7,SW,nocturnal_flight_call,light rain,True,synthetic_fixture,False
CNT000173,TREK002,2024-01-10,05:00,09:10,4.18,Common Buzzard,Buteo buteo,BUTEO_BUTE,1,E,nocturnal_flight_call,light rain,True,synthetic_fixture,False
CNT000174,TREK002,2024-01-10,05:00,09:10,4.18,Common Kestrel,Falco tinnunculus,FALCO_TINN,3,NE,nocturnal_flight_call,clear,True,synthetic_fixture,False
CNT000175,TREK002,2024-01-10,05:00,09:10,4.18,American Crow,Corvus brachyrhynchos,CORVUS_BRA,2,N,nocturnal_flight_call,windy,True,synthetic_fixture,False
CNT000176,TREK002,2024-01-26,05:00,08:54,3.91,American Robin,Turdus migratorius,TURDUS_MIG,1,SE,nocturnal_flight_call,,True,synthetic_fixture,False
CNT000177,TREK002,2024-01-26,05:00,08:54,3.91,Mallard,Anas platyrhynchos,ANAS_PLATY,0,S,nocturnal_flight_call,clear,True,synthetic_fixture,False
CNT000178,TREK002,2024-01-26,05:00,08:54,3.91,Canada Goose,Branta canadensis,BRANTA_CAN,2,W,nocturnal_flight_call,windy,True,synthetic_fixture,False
CNT000179,TREK002,2024-01-26,05:00,08:54,3.91,Mute Swan,Cygnus olor,CYGNUS_OLO,4,W,nocturnal_flight_call,overcast,True,synthetic_fixture,False
CNT000180,TREK002,2024-01-26,05:00,08:54,3.91,Common Starling,Sturnus vulgaris,STURNUS_VU,1,SE,nocturnal_flight_call,windy,False,synthetic_fixture,False
CNT000181,TREK002,2024-01-30,06:00,10:13,4.22,Herring Gull,Larus argentatus,LARUS_ARGE,2,W,nocturnal_flight_call,windy,True,synthetic_fixture,False
CNT000182,TREK002,2024-01-30,06:00,10:13,4.22,Grey Heron,Ardea cinerea,ARDEA_CINE,1,S,nocturnal_flight_call,light rain,True,synthetic_fixture,False
CNT000183,TREK002,2024-01-30,06:00,10:13,4.22,Great Cormorant,Phalacrocorax carbo,PHALACROCO,3,SE,nocturnal_flight_call,windy,False,synthetic_fixture,False
CNT000184,TREK002,2024-02-19,09:00,14:37,5.62,Barn Swallow,Hirundo rustica,HIRUNDO_RU,7,SE,nocturnal_flight_call,light rain,True,synthetic_fixture,False
CNT000185,TREK002,2024-02-19,09:00,14:37,5.62,Bald Eagle,Haliaeetus leucocephalus,HALIAEETUS,2,SW,nocturnal_flight_call,windy,True,synthetic_fixture,False
CNT000186,TREK002,2024-02-19,09:00,14:37,5.62,Canada Goose,Branta canadensis,BRANTA_CAN,6,SE,nocturnal_flight_call,overcast,True,synthetic_fixture,False
CNT000187,TREK002,2024-03-27,07:00,11:40,4.67,Rock Pigeon,Columba livia,COLUMBA_LI,8,NE,nocturnal_flight_call,windy,True,synthetic_fixture,False
CNT000188,TREK002,2024-03-27,07:00,11:40,4.67,Great Cormorant,Phalacrocorax carbo,PHALACROCO,9,NW,nocturnal_flight_call,light rain,True,synthetic_fixture,False
CNT000189,TREK002,2024-03-27,07:00,11:40,4.67,American Robin,Turdus migratorius,TURDUS_MIG,9,SE,nocturnal_flight_call,clear,True,synthetic_fixture,False
CNT000190,TREK002,2024-03-27,07:00,11:40,4.67,Greylag Goose,Anser anser,ANSER_ANSE,15,W,nocturnal_flight_call,,True,synthetic_fixture,False
CNT000191,TREK002,2024-03-27,07:00,11:40,4.67,Mute Swan,Cygnus olor,CYGNUS_OLO,11,NW,nocturnal_flight_call,overcast,True,synthetic_fixture,False
CNT000192,TREK002,2024-04-02,05:00,06:14,1.24,Eurasian Sparrowhawk,Accipiter nisus,ACCIPITER_,11,E,nocturnal_flight_call,overcast,False,synthetic_fixture,False
CNT000193,TREK002,2024-04-02,05:00,06:14,1.24,Mallard,Anas platyrhynchos,ANAS_PLATY,13,E,nocturnal_flight_call,windy,True,synthetic_fixture,False
CNT000194,TREK002,2024-04-02,05:00,06:14,1.24,Great Black-backed Gull,Larus marinus,LARUS_MARI,11,W,nocturnal_flight_call,,True,synthetic_fixture,False
CNT000195,TREK002,2024-05-06,09:00,12:58,3.97,Mallard,Anas platyrhynchos,ANAS_PLATY,6,E,nocturnal_flight_call,,True,synthetic_fixture,False
CNT000196,TREK002,2024-05-06,09:00,12:58,3.97,Great Cormorant,Phalacrocorax carbo,PHALACROCO,7,E,nocturnal_flight_call,clear,False,synthetic_fixture,False
CNT000197,TREK002,2024-05-06,09:00,12:58,3.97,Canada Goose,Branta canadensis,BRANTA_CAN,7,NW,nocturnal_flight_call,windy,True,synthetic_fixture,False
CNT000198,TREK002,2024-05-31,09:00,12:31,3.52,Greylag Goose,Anser anser,ANSER_ANSE,7,NE,nocturnal_flight_call,overcast,True,synthetic_fixture,False
CNT000199,TREK002,2024-05-31,09:00,12:38,3.65,Common Ringed Plover,Charadrius hiaticula,CHARADRIUS,1,NE,nocturnal_flight_call,light rain,True,synthetic_fixture,False
CNT000200,TREK002,2024-05-31,09:00,12:38,3.65,Barn Swallow,Hirundo rustica,HIRUNDO_RU,4,SE,nocturnal_flight_call,light rain,True,synthetic_fixture,False
CNT000201,TREK002,2024-06-11,06:00,09:19,3.33,Greylag Goose,Anser anser,ANSER_ANSE,2,S,nocturnal_flight_call,light rain,True,synthetic_fixture,False
CNT000202,TREK002,2024-06-11,06:00,09:19,3.33,Common Ringed Plover,Charadrius hiaticula,CHARADRIUS,2,E,nocturnal_flight_call,,True,synthetic_fixture,False
CNT000203,TREK002,2024-06-11,06:00,09:19,3.33,Black-headed Gull,Chroicocephalus ridibundus,CHROICOCEP,5,N,nocturnal_flight_call,light rain,True,synthetic_fixture,False
CNT000204,TREK002,2024-06-11,06:00,09:19,3.33,American Robin,Turdus migratorius,TURDUS_MIG,2,N,nocturnal_flight_call,,True,synthetic_fixture,False
CNT000205,TREK002,2024-07-31,06:00,07:32,1.54,Common Raven,Corvus corax,CORVUS_COR,1,NE,nocturnal_flight_call,overcast,True,synthetic_fixture,False
CNT000206,TREK002,2024-08-01,06:00,08:53,2.89,Common Ringed Plover,Charadrius hiaticula,CHARADRIUS,1,NE,nocturnal_flight_call,overcast,True,synthetic_fixture,False
CNT000207,TREK002,2024-08-01,06:00,08:53,2.89,Common Buzzard,Buteo buteo,BUTEO_BUTE,9,N,nocturnal_flight_call,windy,True,synthetic_fixture,False
CNT000208,TREK002,2024-08-01,06:00,08:53,2.89,Rock Pigeon,Columba livia,COLUMBA_LI,4,N,nocturnal_flight_call,clear,True,synthetic_fixture,False
CNT000209,TREK002,2024-08-03,05:00,09:50,4.85,Common Raven,Corvus corax,CORVUS_COR,3,W,nocturnal_flight_call,,False,synthetic_fixture,False
CNT000210,TREK002,2024-08-28,07:00,10:14,3.24,Rock Pigeon,Columba livia,COLUMBA_LI,9,W,nocturnal_flight_call,overcast,True,synthetic_fixture,False
CNT000211,TREK002,2024-08-28,07:00,10:14,3.24,Great Black-backed Gull,Larus marinus,LARUS_MARI,11,E,nocturnal_flight_call,overcast,True,synthetic_fixture,False
CNT000212,TREK002,2024-08-28,07:00,10:14,3.24,Common Kestrel,Falco tinnunculus,FALCO_TINN,6,S,nocturnal_flight_call,light rain,True,synthetic_fixture,False
CNT000213,TREK002,2024-09-06,05:00,06:35,1.59,Barn Swallow,Hirundo rustica,HIRUNDO_RU,10,E,nocturnal_flight_call,,True,synthetic_fixture,False
CNT000214,TREK002,2024-09-06,05:00,06:35,1.59,Great Black-backed Gull,Larus marinus,LARUS_MARI,9,N,nocturnal_flight_call,light rain,True,synthetic_fixture,False
CNT000215,TREK002,2024-09-06,05:00,06:35,1.59,Common Buzzard,Buteo buteo,BUTEO_BUTE,10,N,nocturnal_flight_call,,True,synthetic_fixture,False
CNT000216,TREK002,2024-09-06,05:00,06:35,1.59,American Robin,Turdus migratorius,TURDUS_MIG,9,N,nocturnal_flight_call,overcast,True,synthetic_fixture,False
CNT000217,TREK002,2024-09-25,07:00,10:36,3.61,Rock Pigeon,Columba livia,COLUMBA_LI,15,SW,nocturnal_flight_call,light rain,True,synthetic_fixture,False
CNT000218,TREK002,2024-09-28,07:00,10:17,3.29,Greylag Goose,Anser anser,ANSER_ANSE,13,S,nocturnal_flight_call,light rain,True,synthetic_fixture,False
CNT000219,TREK002,2024-09-28,07:00,10:17,3.29,Common Ringed Plover,Charadrius hiaticula,CHARADRIUS,16,W,nocturnal_flight_call,clear,True,synthetic_fixture,False
CNT000220,TREK002,2024-09-28,07:00,10:17,3.29,Great Blue Heron,Ardea herodias,ARDEA_HERO,16,S,nocturnal_flight_call,light rain,True,synthetic_fixture,False
CNT000221,TREK002,2024-09-28,07:00,10:17,3.29,Common Kestrel,Falco tinnunculus,FALCO_TINN,10,SE,nocturnal_flight_call,overcast,True,synthetic_fixture,False
CNT000222,TREK002,2024-09-28,07:00,10:17,3.29,Canada Goose,Branta canadensis,BRANTA_CAN,8,NE,nocturnal_flight_call,clear,True,synthetic_fixture,False
CNT000223,TREK002,2024-10-30,09:00,13:02,4.05,Grey Heron,Ardea cinerea,ARDEA_CINE,2,NW,nocturnal_flight_call,clear,True,synthetic_fixture,False
CNT000224,TREK002,2024-10-30,09:00,13:02,4.05,Black-headed Gull,Chroicocephalus ridibundus,CHROICOCEP,11,SE,nocturnal_flight_call,overcast,True,synthetic_fixture,False
CNT000225,TREK002,2024-11-04,08:00,10:26,2.44,Mute Swan,Cygnus olor,CYGNUS_OLO,3,W,nocturnal_flight_call,clear,True,synthetic_fixture,False
CNT000226,TREK002,2024-11-04,08:00,10:26,2.44,Great Black-backed Gull,Larus marinus,LARUS_MARI,5,SE,nocturnal_flight_call,,True,synthetic_fixture,False
CNT000227,TREK002,2024-11-19,07:00,12:07,5.13,Common Raven,Corvus corax,CORVUS_COR,4,E,nocturnal_flight_call,clear,True,synthetic_fixture,False
CNT000228,TREK002,2024-11-19,07:00,12:07,5.13,Mallard,Anas platyrhynchos,ANAS_PLATY,3,NW,nocturnal_flight_call,,True,synthetic_fixture,False
CNT000229,TREK002,2024-12-04,05:00,06:07,1.12,Barn Swallow,Hirundo rustica,HIRUNDO_RU,4,N,nocturnal_flight_call,,True,synthetic_fixture,False
CNT000230,TREK002,2024-12-08,07:00,12:57,5.95,Great Blue Heron,Ardea herodias,ARDEA_HERO,5,N,nocturnal_flight_call,overcast,True,synthetic_fixture,False
CNT000231,TREK002,2024-12-08,07:00,12:57,5.95,Mallard,Anas platyrhynchos,ANAS_PLATY,3,W,nocturnal_flight_call,overcast,True,synthetic_fixture,False
CNT000232,TREK002,2024-12-08,07:00,12:57,5.95,American Robin,Turdus migratorius,TURDUS_MIG,4,N,nocturnal_flight_call,overcast,True,synthetic_fixture,False
CNT000233,TREK002,2024-12-13,07:00,08:14,1.24,Black-headed Gull,Chroicocephalus ridibundus,CHROICOCEP,1,W,nocturnal_flight_call,overcast,True,synthetic_fixture,False
CNT000234,TREK002,2024-12-23,08:00,11:57,3.96,American Robin,Turdus migratorius,TURDUS_MIG,0,E,nocturnal_flight_call,light rain,True,synthetic_fixture,False
CNT000235,TREK002,2024-12-23,08:00,11:57,3.96,Common Raven,Corvus corax,CORVUS_COR,1,S,nocturnal_flight_call,clear,True,synthetic_fixture,False
CNT000236,TREK003,2023-02-19,05:00,06:59,1.99,Great Cormorant,Phalacrocorax carbo,PHALACROCO,5,NW,visible_migration,light rain,True,synthetic_fixture,False
CNT000237,TREK003,2023-02-19,05:00,06:59,1.99,Common Raven,Corvus corax,CORVUS_COR,7,N,visible_migration,overcast,True,synthetic_fixture,False
CNT000238,TREK003,2023-02-19,05:00,06:59,1.99,Greylag Goose,Anser anser,ANSER_ANSE,2,SE,visible_migration,light rain,True,synthetic_fixture,False
CNT000239,TREK003,2023-02-19,05:00,06:59,1.99,Mute Swan,Cygnus olor,CYGNUS_OLO,8,N,visible_migration,overcast,True,synthetic_fixture,False
CNT000240,TREK003,2023-03-20,09:00,13:24,4.4,Great Blue Heron,Ardea herodias,ARDEA_HERO,9,W,visible_migration,overcast,True,synthetic_fixture,False
CNT000241,TREK003,2023-03-20,09:00,13:24,4.4,Mute Swan,Cygnus olor,CYGNUS_OLO,9,NE,visible_migration,,True,synthetic_fixture,False
CNT000242,TREK003,2023-03-20,09:00,13:24,4.4,Common Buzzard,Buteo buteo,BUTEO_BUTE,9,S,visible_migration,windy,True,synthetic_fixture,False
CNT000243,TREK003,2023-03-20,09:00,13:24,4.4,Great Black-backed Gull,Larus marinus,LARUS_MARI,9,SW,visible_migration,overcast,True,synthetic_fixture,False
CNT000244,TREK003,2023-03-20,09:00,13:24,4.4,Greylag Goose,Anser anser,ANSER_ANSE,8,N,visible_migration,overcast,True,synthetic_fixture,False
CNT000245,TREK003,2023-04-11,09:00,14:34,5.57,Barn Swallow,Hirundo rustica,HIRUNDO_RU,16,S,visible_migration,windy,True,synthetic_fixture,False
CNT000246,TREK003,2023-05-24,07:00,08:04,1.08,Barn Swallow,Hirundo rustica,HIRUNDO_RU,1,SE,visible_migration,overcast,True,synthetic_fixture,False
CNT000247,TREK003,2023-05-24,07:00,08:04,1.08,Grey Heron,Ardea cinerea,ARDEA_CINE,5,S,visible_migration,windy,True,synthetic_fixture,False
CNT000248,TREK003,2023-05-24,07:00,08:04,1.08,Rock Pigeon,Columba livia,COLUMBA_LI,6,E,visible_migration,overcast,True,synthetic_fixture,False
CNT000249,TREK003,2023-05-24,07:00,08:04,1.08,Canada Goose,Branta canadensis,BRANTA_CAN,4,E,visible_migration,windy,True,synthetic_fixture,False
CNT000250,TREK003,2023-05-29,08:00,09:12,1.21,Great Cormorant,Phalacrocorax carbo,PHALACROCO,7,NE,visible_migration,,False,synthetic_fixture,False
CNT000251,TREK003,2023-05-29,08:00,09:12,1.21,Greylag Goose,Anser anser,ANSER_ANSE,2,E,visible_migration,clear,True,synthetic_fixture,False
CNT000252,TREK003,2023-05-29,08:00,09:12,1.21,Common Kestrel,Falco tinnunculus,FALCO_TINN,3,W,visible_migration,windy,True,synthetic_fixture,False
CNT000253,TREK003,2023-05-29,08:00,09:12,1.21,Common Ringed Plover,Charadrius hiaticula,CHARADRIUS,4,E,visible_migration,light rain,True,synthetic_fixture,False
CNT000254,TREK003,2023-06-11,07:00,10:03,3.06,Common Ringed Plover,Charadrius hiaticula,CHARADRIUS,4,NE,visible_migration,,True,synthetic_fixture,False
CNT000255,TREK003,2023-06-11,07:00,10:03,3.06,Eurasian Sparrowhawk,Accipiter nisus,ACCIPITER_,3,W,visible_migration,overcast,True,synthetic_fixture,False
CNT000256,TREK003,2023-06-11,07:00,10:03,3.06,American Crow,Corvus brachyrhynchos,CORVUS_BRA,7,W,visible_migration,overcast,True,synthetic_fixture,False
CNT000257,TREK003,2023-06-11,07:00,10:03,3.06,Grey Heron,Ardea cinerea,ARDEA_CINE,1,E,visible_migration,light rain,True,synthetic_fixture,False
CNT000258,TREK003,2023-06-11,07:00,10:03,3.06,Rock Pigeon,Columba livia,COLUMBA_LI,4,SE,visible_migration,overcast,True,synthetic_fixture,False
CNT000259,TREK003,2023-06-22,09:00,13:34,4.58,Grey Heron,Ardea cinerea,ARDEA_CINE,8,NW,visible_migration,,True,synthetic_fixture,False
CNT000260,TREK003,2023-06-22,09:00,13:34,4.58,Great Black-backed Gull,Larus marinus,LARUS_MARI,2,E,visible_migration,,True,synthetic_fixture,False
CNT000261,TREK003,2023-06-22,09:00,13:34,4.58,Bald Eagle,Haliaeetus leucocephalus,HALIAEETUS,3,SE,visible_migration,,True,synthetic_fixture,False
CNT000262,TREK003,2023-06-22,09:00,13:34,4.58,Barn Swallow,Hirundo rustica,HIRUNDO_RU,4,SE,visible_migration,light rain,True,synthetic_fixture,False
CNT000263,TREK003,2023-06-22,09:00,13:34,4.58,American Robin,Turdus migratorius,TURDUS_MIG,5,S,visible_migration,,True,synthetic_fixture,False
CNT000264,TREK003,2023-06-30,05:00,07:25,2.43,Common Buzzard,Buteo buteo,BUTEO_BUTE,4,SW,visible_migration,overcast,True,synthetic_fixture,False
CNT000265,TREK003,2023-06-30,05:00,07:25,2.43,Rock Pigeon,Columba livia,COLUMBA_LI,2,NW,visible_migration,,True,synthetic_fixture,False
CNT000266,TREK003,2023-06-30,05:00,07:25,2.43,American Crow,Corvus brachyrhynchos,CORVUS_BRA,5,SE,visible_migration,light rain,True,synthetic_fixture,False
CNT000267,TREK003,2023-08-06,09:00,10:51,1.85,Common Starling,Sturnus vulgaris,STURNUS_VU,3,E,visible_migration,light rain,True,synthetic_fixture,False
CNT000268,TREK003,2023-08-06,09:00,10:51,1.85,Common Ringed Plover,Charadrius hiaticula,CHARADRIUS,0,SE,visible_migration,light rain,True,synthetic_fixture,False
CNT000269,TREK003,2023-08-06,09:00,10:51,1.85,Grey Heron,Ardea cinerea,ARDEA_CINE,4,W,visible_migration,windy,True,synthetic_fixture,False
CNT000270,TREK003,2023-08-29,05:00,10:27,5.46,American Robin,Turdus migratorius,TURDUS_MIG,8,E,visible_migration,overcast,True,synthetic_fixture,False
CNT000271,TREK003,2023-08-29,05:00,10:27,5.46,Canada Goose,Branta canadensis,BRANTA_CAN,6,W,visible_migration,,True,synthetic_fixture,False
CNT000272,TREK003,2023-09-12,06:00,11:11,5.19,Greylag Goose,Anser anser,ANSER_ANSE,12,SE,visible_migration,windy,True,synthetic_fixture,False
CNT000273,TREK003,2023-10-12,08:00,10:34,2.58,Canada Goose,Branta canadensis,BRANTA_CAN,17,N,visible_migration,clear,True,synthetic_fixture,False
CNT000274,TREK003,2023-10-12,08:00,13:57,5.96,Mute Swan,Cygnus olor,CYGNUS_OLO,15,NE,visible_migration,windy,True,synthetic_fixture,False
CNT000275,TREK003,2023-10-12,08:00,13:57,5.96,Black-headed Gull,Chroicocephalus ridibundus,CHROICOCEP,12,N,visible_migration,overcast,True,synthetic_fixture,False
CNT000276,TREK003,2023-11-01,07:00,08:31,1.52,Greylag Goose,Anser anser,ANSER_ANSE,8,SW,visible_migration,light rain,True,synthetic_fixture,False
CNT000277,TREK003,2023-12-08,08:00,13:13,5.23,Grey Heron,Ardea cinerea,ARDEA_CINE,6,SE,visible_migration,light rain,True,synthetic_fixture,False
CNT000278,TREK003,2023-12-22,06:00,08:38,2.64,Great Blue Heron,Ardea herodias,ARDEA_HERO,1,NE,visible_migration,overcast,True,synthetic_fixture,False
CNT000279,TREK003,2023-12-22,06:00,08:38,2.64,Common Raven,Corvus corax,CORVUS_COR,0,W,visible_migration,light rain,True,synthetic_fixture,False
CNT000280,TREK003,2023-12-31,05:00,07:24,2.41,Herring Gull,Larus argentatus,LARUS_ARGE,1,NW,visible_migration,,True,synthetic_fixture,False
CNT000281,TREK003,2023-12-31,05:00,07:24,2.41,Bald Eagle,Haliaeetus leucocephalus,HALIAEETUS,4,NE,visible_migration,overcast,True,synthetic_fixture,False
CNT000282,TREK003,2023-12-31,05:00,07:24,2.41,Common Kestrel,Falco tinnunculus,FALCO_TINN,5,S,visible_migration,overcast,False,synthetic_fixture,False
CNT000283,TREK003,2023-12-31,05:00,07:24,2.41,Mallard,Anas platyrhynchos,ANAS_PLATY,3,W,visible_migration,overcast,True,synthetic_fixture,False
CNT000284,TREK003,2024-01-20,09:00,10:19,1.32,Greylag Goose,Anser anser,ANSER_ANSE,3,SE,visible_migration,light rain,True,synthetic_fixture,False
CNT000285,TREK003,2024-01-20,09:00,10:19,1.32,Common Starling,Sturnus vulgaris,STURNUS_VU,4,W,visible_migration,windy,True,synthetic_fixture,False
CNT000286,TREK003,2024-01-21,07:00,08:31,1.52,Common Starling,Sturnus vulgaris,STURNUS_VU,2,W,visible_migration,windy,True,synthetic_fixture,False
CNT000287,TREK003,2024-01-21,07:00,08:31,1.52,Common Buzzard,Buteo buteo,BUTEO_BUTE,0,SE,visible_migration,overcast,True,synthetic_fixture,False
CNT000288,TREK003,2024-01-21,07:00,08:31,1.52,Mallard,Anas platyrhynchos,ANAS_PLATY,2,E,visible_migration,light rain,False,synthetic_fixture,False
CNT000289,TREK003,2024-01-25,05:00,06:28,1.47,Black-headed Gull,Chroicocephalus ridibundus,CHROICOCEP,2,S,visible_migration,light rain,True,synthetic_fixture,False
CNT000290,TREK003,2024-01-28,05:00,06:32,1.54,Mallard,Anas platyrhynchos,ANAS_PLATY,4,W,visible_migration,windy,True,synthetic_fixture,False
CNT000291,TREK003,2024-01-28,05:00,06:32,1.54,Rock Pigeon,Columba livia,COLUMBA_LI,4,SW,visible_migration,windy,True,synthetic_fixture,False
CNT000292,TREK003,2024-01-28,05:00,06:32,1.54,Mute Swan,Cygnus olor,CYGNUS_OLO,2,S,visible_migration,windy,True,synthetic_fixture,False
CNT000293,TREK003,2024-01-28,05:00,06:32,1.54,Barn Swallow,Hirundo rustica,HIRUNDO_RU,3,W,visible_migration,overcast,True,synthetic_fixture,False
CNT000294,TREK003,2024-01-29,09:00,13:32,4.54,Common Starling,Sturnus vulgaris,STURNUS_VU,0,NW,visible_migration,,True,synthetic_fixture,False
CNT000295,TREK003,2024-02-10,05:00,06:18,1.3,Grey Heron,Ardea cinerea,ARDEA_CINE,5,NW,visible_migration,light rain,True,synthetic_fixture,False
CNT000296,TREK003,2024-03-11,09:00,12:21,3.36,American Crow,Corvus brachyrhynchos,CORVUS_BRA,10,N,visible_migration,clear,True,synthetic_fixture,False
CNT000297,TREK003,2024-03-11,09:00,12:21,3.36,Black-headed Gull,Chroicocephalus ridibundus,CHROICOCEP,4,W,visible_migration,overcast,True,synthetic_fixture,False
CNT000298,TREK003,2024-03-11,09:00,12:21,3.36,Great Cormorant,Phalacrocorax carbo,PHALACROCO,8,NE,visible_migration,,True,synthetic_fixture,False
CNT000299,TREK003,2024-03-11,09:00,12:21,3.36,Greylag Goose,Anser anser,ANSER_ANSE,11,NE,visible_migration,windy,True,synthetic_fixture,False
CNT000300,TREK003,2024-03-22,08:00,10:12,2.21,Rock Pigeon,Columba livia,COLUMBA_LI,13,E,visible_migration,windy,True,synthetic_fixture,False
CNT000301,TREK003,2024-03-22,08:00,10:12,2.21,Greylag Goose,Anser anser,ANSER_ANSE,12,S,visible_migration,overcast,True,synthetic_fixture,False
CNT000302,TREK003,2024-03-22,08:00,10:12,2.21,Great Blue Heron,Ardea herodias,ARDEA_HERO,11,E,visible_migration,overcast,True,synthetic_fixture,False
CNT000303,TREK003,2024-05-12,05:00,09:31,4.53,Black-headed Gull,Chroicocephalus ridibundus,CHROICOCEP,11,SE,visible_migration,clear,True,synthetic_fixture,False
CNT000304,TREK003,2024-05-12,05:00,09:31,4.53,Canada Goose,Branta canadensis,BRANTA_CAN,6,W,visible_migration,clear,True,synthetic_fixture,False
CNT000305,TREK003,2024-05-12,05:00,09:31,4.53,Great Blue Heron,Ardea herodias,ARDEA_HERO,6,NE,visible_migration,light rain,True,synthetic_fixture,False
CNT000306,TREK003,2024-05-12,05:00,09:31,4.53,American Robin,Turdus migratorius,TURDUS_MIG,8,NW,visible_migration,overcast,True,synthetic_fixture,False
CNT000307,TREK003,2024-05-12,05:00,09:31,4.53,Grey Heron,Ardea cinerea,ARDEA_CINE,11,SW,visible_migration,overcast,True,synthetic_fixture,False
CNT000308,TREK003,2024-05-19,05:00,07:17,2.29,Mute Swan,Cygnus olor,CYGNUS_OLO,8,N,visible_migration,,True,synthetic_fixture,False
CNT000309,TREK003,2024-06-28,08:00,12:33,4.56,Great Cormorant,Phalacrocorax carbo,PHALACROCO,3,SE,visible_migration,,True,synthetic_fixture,False
CNT000310,TREK003,2024-06-28,08:00,12:33,4.56,Great Blue Heron,Ardea herodias,ARDEA_HERO,3,E,visible_migration,windy,True,synthetic_fixture,False
CNT000311,TREK003,2024-07-03,05:00,06:38,1.64,Barn Swallow,Hirundo rustica,HIRUNDO_RU,1,E,visible_migration,windy,True,synthetic_fixture,False
CNT000312,TREK003,2024-07-03,05:00,06:38,1.64,Mallard,Anas platyrhynchos,ANAS_PLATY,2,N,visible_migration,overcast,True,synthetic_fixture,False
CNT000313,TREK003,2024-07-03,05:00,06:38,1.64,Grey Heron,Ardea cinerea,ARDEA_CINE,2,E,visible_migration,,True,synthetic_fixture,False
CNT000314,TREK003,2024-07-03,05:00,06:38,1.64,Great Cormorant,Phalacrocorax carbo,PHALACROCO,4,NE,visible_migration,light rain,True,synthetic_fixture,False
CNT000315,TREK003,2024-07-10,09:00,10:55,1.93,Bald Eagle,Haliaeetus leucocephalus,HALIAEETUS,1,E,visible_migration,windy,True,synthetic_fixture,False
CNT000316,TREK003,2024-08-01,09:00,14:54,5.91,Common Ringed Plover,Charadrius hiaticula,CHARADRIUS,4,N,visible_migration,clear,True,synthetic_fixture,False
CNT000317,TREK003,2024-08-11,09:00,14:55,5.93,Grey Heron,Ardea cinerea,ARDEA_CINE,3,SW,visible_migration,clear,True,synthetic_fixture,False
CNT000318,TREK003,2024-08-11,09:00,14:55,5.93,Great Blue Heron,Ardea herodias,ARDEA_HERO,3,S,visible_migration,,True,synthetic_fixture,False
CNT000319,TREK003,2024-08-11,09:00,14:55,5.93,American Crow,Corvus brachyrhynchos,CORVUS_BRA,3,N,visible_migration,windy,True,synthetic_fixture,False
CNT000320,TREK003,2024-08-11,09:00,14:55,5.93,Mute Swan,Cygnus olor,CYGNUS_OLO,4,N,visible_migration,light rain,True,synthetic_fixture,False
CNT000321,TREK003,2024-09-13,05:00,09:48,4.81,Barn Swallow,Hirundo rustica,HIRUNDO_RU,10,NE,visible_migration,clear,True,synthetic_fixture,False
CNT000322,TREK003,2024-09-13,05:00,09:48,4.81,American Robin,Turdus migratorius,TURDUS_MIG,6,NE,visible_migration,windy,True,synthetic_fixture,False
CNT000323,TREK003,2024-09-29,09:00,10:43,1.73,Common Starling,Sturnus vulgaris,STURNUS_VU,9,N,visible_migration,,True,synthetic_fixture,False
CNT000324,TREK003,2024-09-29,09:00,10:43,1.73,Great Black-backed Gull,Larus marinus,LARUS_MARI,15,E,visible_migration,clear,True,synthetic_fixture,False
CNT000325,TREK003,2024-09-29,09:00,10:43,1.73,American Crow,Corvus brachyrhynchos,CORVUS_BRA,14,NE,visible_migration,overcast,True,synthetic_fixture,False
CNT000326,TREK003,2024-10-13,08:00,11:12,3.2,Mallard,Anas platyrhynchos,ANAS_PLATY,5,N,visible_migration,clear,True,synthetic_fixture,False
CNT000327,TREK003,2024-10-13,08:00,11:12,3.2,Common Ringed Plover,Charadrius hiaticula,CHARADRIUS,8,SW,visible_migration,overcast,True,synthetic_fixture,False
CNT000328,TREK003,2024-10-25,09:00,14:35,5.6,Mallard,Anas platyrhynchos,ANAS_PLATY,8,S,visible_migration,overcast,True,synthetic_fixture,False
CNT000329,TREK003,2024-10-25,09:00,14:35,5.6,Great Black-backed Gull,Larus marinus,LARUS_MARI,4,W,visible_migration,overcast,True,synthetic_fixture,False
CNT000330,TREK003,2024-10-25,09:00,14:35,5.6,American Crow,Corvus brachyrhynchos,CORVUS_BRA,9,N,visible_migration,light rain,True,synthetic_fixture,False
CNT000331,TREK003,2024-11-01,08:00,11:25,3.42,Mallard,Anas platyrhynchos,ANAS_PLATY,3,NE,visible_migration,clear,True,synthetic_fixture,False
CNT000332,TREK003,2024-11-01,08:00,11:25,3.42,Bald Eagle,Haliaeetus leucocephalus,HALIAEETUS,6,S,visible_migration,light rain,True,synthetic_fixture,False
CNT000333,TREK003,2024-11-01,08:00,11:25,3.42,Black-headed Gull,Chroicocephalus ridibundus,CHROICOCEP,6,SE,visible_migration,overcast,True,synthetic_fixture,False
CNT000334,TREK003,2024-11-10,05:00,06:14,1.24,Herring Gull,Larus argentatus,LARUS_ARGE,5,N,visible_migration,clear,True,synthetic_fixture,False
CNT000335,TREK003,2024-11-10,05:00,06:14,1.24,Common Starling,Sturnus vulgaris,STURNUS_VU,2,SW,visible_migration,,True,synthetic_fixture,False
CNT000336,TREK003,2024-11-10,05:00,06:14,1.24,Canada Goose,Branta canadensis,BRANTA_CAN,8,SE,visible_migration,windy,True,synthetic_fixture,False
CNT000337,TREK003,2024-11-10,05:00,06:14,1.24,Greylag Goose,Anser anser,ANSER_ANSE,6,N,visible_migration,windy,True,synthetic_fixture,False
CNT000338,TREK003,2024-11-11,09:00,10:31,1.52,Great Cormorant,Phalacrocorax carbo,PHALACROCO,3,NW,visible_migration,clear,True,synthetic_fixture,False
CNT000339,TREK003,2024-11-11,09:00,10:31,1.52,Common Kestrel,Falco tinnunculus,FALCO_TINN,6,NE,visible_migration,overcast,True,synthetic_fixture,False
CNT000340,TREK003,2024-11-11,09:00,10:31,1.52,Eurasian Sparrowhawk,Accipiter nisus,ACCIPITER_,5,E,visible_migration,light rain,True,synthetic_fixture,False
CNT000341,TREK003,2024-11-11,09:00,10:31,1.52,American Robin,Turdus migratorius,TURDUS_MIG,2,E,visible_migration,light rain,True,synthetic_fixture,False
CNT000342,TREK003,2024-12-12,08:00,13:34,5.58,Great Blue Heron,Ardea herodias,ARDEA_HERO,5,SE,visible_migration,light rain,True,synthetic_fixture,False
CNT000343,TREK003,2024-12-14,08:00,13:43,5.72,Mallard,Anas platyrhynchos,ANAS_PLATY,2,NE,visible_migration,windy,True,synthetic_fixture,False
CNT000344,TREK003,2024-12-14,08:00,13:43,5.72,Common Kestrel,Falco tinnunculus,FALCO_TINN,1,N,visible_migration,windy,True,synthetic_fixture,False
CNT000345,TREK003,2024-12-14,08:00,13:43,5.72,Great Black-backed Gull,Larus marinus,LARUS_MARI,2,SE,visible_migration,,True,synthetic_fixture,False
CNT000346,TREK004,2023-02-09,07:00,08:25,1.43,Common Ringed Plover,Charadrius hiaticula,CHARADRIUS,2,NE,capture,light rain,True,synthetic_fixture,False
CNT000347,TREK004,2023-02-09,07:00,08:25,1.43,Grey Heron,Ardea cinerea,ARDEA_CINE,1,S,capture,light rain,True,synthetic_fixture,False
CNT000348,TREK004,2023-02-09,07:00,08:25,1.43,American Crow,Corvus brachyrhynchos,CORVUS_BRA,1,NW,capture,overcast,True,synthetic_fixture,False
CNT000349,TREK004,2023-02-09,07:00,08:25,1.43,American Robin,Turdus migratorius,TURDUS_MIG,6,SW,capture,clear,False,synthetic_fixture,False
CNT000350,TREK004,2023-02-09,07:00,08:25,1.43,Common Kestrel,Falco tinnunculus,FALCO_TINN,4,N,capture,windy,True,synthetic_fixture,False
CNT000351,TREK004,2023-02-11,07:00,08:01,1.03,Great Black-backed Gull,Larus marinus,LARUS_MARI,4,S,capture,windy,True,synthetic_fixture,False
CNT000352,TREK004,2023-02-11,07:00,08:01,1.03,Common Raven,Corvus corax,CORVUS_COR,8,S,capture,,True,synthetic_fixture,False
CNT000353,TREK004,2023-02-11,07:00,08:01,1.03,American Crow,Corvus brachyrhynchos,CORVUS_BRA,5,S,capture,,True,synthetic_fixture,False
CNT000354,TREK004,2023-02-11,07:00,08:01,1.03,Black-headed Gull,Chroicocephalus ridibundus,CHROICOCEP,5,N,capture,light rain,True,synthetic_fixture,False
CNT000355,TREK004,2023-02-16,09:00,12:51,3.85,Canada Goose,Branta canadensis,BRANTA_CAN,10,NW,capture,windy,True,synthetic_fixture,False
CNT000356,TREK004,2023-02-16,09:00,12:51,3.85,Grey Heron,Ardea cinerea,ARDEA_CINE,5,S,capture,overcast,True,synthetic_fixture,False
CNT000357,TREK004,2023-02-17,09:00,10:32,1.54,American Robin,Turdus migratorius,TURDUS_MIG,1,SE,capture,clear,True,synthetic_fixture,False
CNT000358,TREK004,2023-02-17,09:00,10:32,1.54,Mute Swan,Cygnus olor,CYGNUS_OLO,4,SE,capture,overcast,True,synthetic_fixture,False
CNT000359,TREK004,2023-02-17,09:00,10:32,1.54,Common Buzzard,Buteo buteo,BUTEO_BUTE,4,E,capture,light rain,True,synthetic_fixture,False
CNT000360,TREK004,2023-03-15,07:00,08:34,1.57,American Robin,Turdus migratorius,TURDUS_MIG,12,E,capture,,True,synthetic_fixture,False
CNT000361,TREK004,2023-03-15,07:00,08:34,1.57,Eurasian Sparrowhawk,Accipiter nisus,ACCIPITER_,9,NE,capture,,True,synthetic_fixture,False
CNT000362,TREK004,2023-03-22,08:00,09:22,1.37,Canada Goose,Branta canadensis,BRANTA_CAN,10,SW,capture,light rain,True,synthetic_fixture,False
CNT000363,TREK004,2023-03-22,08:00,09:22,1.37,Common Starling,Sturnus vulgaris,STURNUS_VU,8,NW,capture,light rain,True,synthetic_fixture,False
CNT000364,TREK004,2023-03-22,08:00,09:22,1.37,American Crow,Corvus brachyrhynchos,CORVUS_BRA,10,NE,capture,overcast,True,synthetic_fixture,False
CNT000365,TREK004,2023-03-22,08:00,09:22,1.37,Grey Heron,Ardea cinerea,ARDEA_CINE,13,NW,capture,overcast,True,synthetic_fixture,False
CNT000366,TREK004,2023-04-08,05:00,07:04,2.08,Common Starling,Sturnus vulgaris,STURNUS_VU,9,N,capture,,True,synthetic_fixture,False
CNT000367,TREK004,2023-04-08,05:00,07:04,2.08,Bald Eagle,Haliaeetus leucocephalus,HALIAEETUS,10,E,capture,overcast,True,synthetic_fixture,False
CNT000368,TREK004,2023-04-23,08:00,10:02,2.05,Barn Swallow,Hirundo rustica,HIRUNDO_RU,9,NE,capture,light rain,True,synthetic_fixture,False
CNT000369,TREK004,2023-04-23,08:00,10:02,2.05,Black-headed Gull,Chroicocephalus ridibundus,CHROICOCEP,15,NE,capture,overcast,True,synthetic_fixture,False
CNT000370,TREK004,2023-06-19,06:00,11:27,5.45,Common Kestrel,Falco tinnunculus,FALCO_TINN,2,NW,capture,overcast,True,synthetic_fixture,False
CNT000371,TREK004,2023-06-19,06:00,11:27,5.45,Great Cormorant,Phalacrocorax carbo,PHALACROCO,3,NW,capture,windy,True,synthetic_fixture,False
CNT000372,TREK004,2023-07-03,06:00,09:51,3.86,Great Black-backed Gull,Larus marinus,LARUS_MARI,3,N,capture,clear,True,synthetic_fixture,False
CNT000373,TREK004,2023-07-03,06:00,09:51,3.86,Common Ringed Plover,Charadrius hiaticula,CHARADRIUS,4,NE,capture,overcast,True,synthetic_fixture,False
CNT000374,TREK004,2023-07-19,08:00,11:42,3.71,Common Ringed Plover,Charadrius hiaticula,CHARADRIUS,1,SE,capture,clear,True,synthetic_fixture,False
CNT000375,TREK004,2023-07-19,08:00,11:42,3.71,Common Raven,Corvus corax,CORVUS_COR,4,N,capture,clear,True,synthetic_fixture,False
CNT000376,TREK004,2023-07-26,06:00,09:12,3.2,Barn Swallow,Hirundo rustica,HIRUNDO_RU,10,NW,capture,windy,True,synthetic_fixture,False
CNT000377,TREK004,2023-07-26,06:00,09:12,3.2,Great Cormorant,Phalacrocorax carbo,PHALACROCO,8,W,capture,windy,True,synthetic_fixture,False
CNT000378,TREK004,2023-07-26,06:00,09:12,3.2,American Crow,Corvus brachyrhynchos,CORVUS_BRA,4,NW,capture,clear,True,synthetic_fixture,False
CNT000379,TREK004,2023-07-26,06:00,09:12,3.2,Common Raven,Corvus corax,CORVUS_COR,2,W,capture,,True,synthetic_fixture,False
CNT000380,TREK004,2023-08-07,09:00,11:00,2.0,Eurasian Sparrowhawk,Accipiter nisus,ACCIPITER_,4,NE,capture,,True,synthetic_fixture,False
CNT000381,TREK004,2023-08-07,09:00,11:00,2.0,Common Ringed Plover,Charadrius hiaticula,CHARADRIUS,2,SE,capture,windy,True,synthetic_fixture,False
CNT000382,TREK004,2023-08-07,09:00,11:00,2.0,Great Cormorant,Phalacrocorax carbo,PHALACROCO,10,W,capture,windy,True,synthetic_fixture,False
CNT000383,TREK004,2023-08-07,09:00,11:00,2.0,Common Raven,Corvus corax,CORVUS_COR,3,E,capture,light rain,True,synthetic_fixture,False
CNT000384,TREK004,2023-08-07,09:00,11:00,2.0,Greylag Goose,Anser anser,ANSER_ANSE,4,SW,capture,overcast,False,synthetic_fixture,False
CNT000385,TREK004,2023-09-07,09:00,12:48,3.81,Mallard,Anas platyrhynchos,ANAS_PLATY,6,SW,capture,light rain,False,synthetic_fixture,False
CNT000386,TREK004,2023-09-10,05:00,06:47,1.79,Grey Heron,Ardea cinerea,ARDEA_CINE,13,W,capture,clear,True,synthetic_fixture,False
CNT000387,TREK004,2023-09-10,05:00,06:47,1.79,Great Cormorant,Phalacrocorax carbo,PHALACROCO,4,E,capture,overcast,True,synthetic_fixture,False
CNT000388,TREK004,2023-09-10,05:00,06:47,1.79,Common Raven,Corvus corax,CORVUS_COR,8,W,capture,,True,synthetic_fixture,False
CNT000389,TREK004,2023-09-15,07:00,10:41,3.69,Rock Pigeon,Columba livia,COLUMBA_LI,12,E,capture,light rain,True,synthetic_fixture,False
CNT000390,TREK004,2023-09-15,07:00,10:41,3.69,Bald Eagle,Haliaeetus leucocephalus,HALIAEETUS,11,S,capture,clear,True,synthetic_fixture,False
CNT000391,TREK004,2023-09-15,07:00,10:41,3.69,Common Raven,Corvus corax,CORVUS_COR,9,SE,capture,,True,synthetic_fixture,False
CNT000392,TREK004,2023-09-15,07:00,10:41,3.69,Canada Goose,Branta canadensis,BRANTA_CAN,11,SW,capture,windy,True,synthetic_fixture,False
CNT000393,TREK004,2023-09-27,08:00,10:25,2.42,Bald Eagle,Haliaeetus leucocephalus,HALIAEETUS,11,E,capture,overcast,True,synthetic_fixture,False
CNT000394,TREK004,2023-09-27,08:00,10:25,2.42,Common Kestrel,Falco tinnunculus,FALCO_TINN,11,SE,capture,clear,True,synthetic_fixture,False
CNT000395,TREK004,2023-09-27,08:00,10:25,2.42,Great Black-backed Gull,Larus marinus,LARUS_MARI,10,N,capture,overcast,True,synthetic_fixture,False
CNT000396,TREK004,2023-10-21,08:00,10:51,2.85,Mute Swan,Cygnus olor,CYGNUS_OLO,4,N,capture,,True,synthetic_fixture,False
CNT000397,TREK004,2023-10-21,08:00,10:51,2.85,Herring Gull,Larus argentatus,LARUS_ARGE,11,SE,capture,windy,True,synthetic_fixture,False
CNT000398,TREK004,2023-10-21,08:00,10:51,2.85,Common Starling,Sturnus vulgaris,STURNUS_VU,7,S,capture,overcast,True,synthetic_fixture,False
CNT000399,TREK004,2023-10-28,07:00,11:20,4.34,American Robin,Turdus migratorius,TURDUS_MIG,11,W,capture,light rain,True,synthetic_fixture,False
CNT000400,TREK004,2023-11-14,09:00,11:43,2.73,Rock Pigeon,Columba livia,COLUMBA_LI,5,W,capture,windy,True,synthetic_fixture,False
CNT000401,TREK004,2023-11-14,09:00,11:43,2.73,Black-headed Gull,Chroicocephalus ridibundus,CHROICOCEP,3,SE,capture,overcast,True,synthetic_fixture,False
CNT000402,TREK004,2023-11-14,09:00,11:43,2.73,Common Starling,Sturnus vulgaris,STURNUS_VU,4,N,capture,windy,True,synthetic_fixture,False
CNT000403,TREK004,2023-11-14,09:00,11:43,2.73,Herring Gull,Larus argentatus,LARUS_ARGE,5,N,capture,clear,True,synthetic_fixture,False
CNT000404,TREK004,2023-11-14,09:00,11:43,2.73,Greylag Goose,Anser anser,ANSER_ANSE,4,S,capture,clear,True,synthetic_fixture,False
CNT000405,TREK004,2023-12-12,08:00,10:43,2.72,Common Kestrel,Falco tinnunculus,FALCO_TINN,2,SW,capture,,True,synthetic_fixture,False
CNT000406,TREK004,2023-12-12,08:00,10:43,2.72,Greylag Goose,Anser anser,ANSER_ANSE,2,SW,capture,overcast,True,synthetic_fixture,False
CNT000407,TREK004,2023-12-31,08:00,11:28,3.47,Common Ringed Plover,Charadrius hiaticula,CHARADRIUS,1,SW,capture,clear,True,synthetic_fixture,False
CNT000408,TREK004,2024-01-05,07:00,09:51,2.86,Eurasian Sparrowhawk,Accipiter nisus,ACCIPITER_,5,W,capture,overcast,True,synthetic_fixture,False
CNT000409,TREK004,2024-01-05,07:00,09:51,2.86,Greylag Goose,Anser anser,ANSER_ANSE,0,SW,capture,clear,True,synthetic_fixture,False
CNT000410,TREK004,2024-01-09,08:00,09:53,1.9,Common Raven,Corvus corax,CORVUS_COR,3,E,capture,clear,True,synthetic_fixture,False
CNT000411,TREK004,2024-01-09,08:00,09:53,1.9,Grey Heron,Ardea cinerea,ARDEA_CINE,2,SE,capture,,True,synthetic_fixture,False
CNT000412,TREK004,2024-01-12,05:00,06:13,1.22,Great Blue Heron,Ardea herodias,ARDEA_HERO,1,E,capture,windy,True,synthetic_fixture,False
CNT000413,TREK004,2024-01-12,05:00,06:13,1.22,Bald Eagle,Haliaeetus leucocephalus,HALIAEETUS,3,E,capture,,True,synthetic_fixture,False
CNT000414,TREK004,2024-01-12,05:00,06:13,1.22,Great Black-backed Gull,Larus marinus,LARUS_MARI,5,NE,capture,light rain,True,synthetic_fixture,False
CNT000415,TREK004,2024-01-29,05:00,07:34,2.57,Common Starling,Sturnus vulgaris,STURNUS_VU,3,SE,capture,windy,True,synthetic_fixture,False
CNT000416,TREK004,2024-01-29,05:00,07:34,2.57,American Robin,Turdus migratorius,TURDUS_MIG,2,NW,capture,overcast,True,synthetic_fixture,False
CNT000417,TREK004,2024-01-30,06:00,11:45,5.75,American Crow,Corvus brachyrhynchos,CORVUS_BRA,6,SE,capture,,True,synthetic_fixture,False
CNT000418,TREK004,2024-03-26,08:00,09:48,1.81,Mallard,Anas platyrhynchos,ANAS_PLATY,7,E,capture,light rain,True,synthetic_fixture,False
CNT000419,TREK004,2024-03-26,08:00,09:48,1.81,Great Blue Heron,Ardea herodias,ARDEA_HERO,7,SW,capture,,True,synthetic_fixture,False
CNT000420,TREK004,2024-03-26,08:00,09:48,1.81,Herring Gull,Larus argentatus,LARUS_ARGE,11,SE,capture,,True,synthetic_fixture,False
CNT000421,TREK004,2024-03-26,08:00,09:48,1.81,Common Kestrel,Falco tinnunculus,FALCO_TINN,8,SE,capture,clear,True,synthetic_fixture,False
CNT000422,TREK004,2024-03-28,06:00,11:37,5.62,Bald Eagle,Haliaeetus leucocephalus,HALIAEETUS,5,SE,capture,clear,True,synthetic_fixture,False
CNT000423,TREK004,2024-03-28,06:00,11:37,5.62,Canada Goose,Branta canadensis,BRANTA_CAN,15,NE,capture,overcast,True,synthetic_fixture,False
CNT000424,TREK004,2024-04-25,06:00,10:06,4.11,Great Cormorant,Phalacrocorax carbo,PHALACROCO,12,E,capture,light rain,True,synthetic_fixture,False
CNT000425,TREK004,2024-04-25,06:00,10:06,4.11,Black-headed Gull,Chroicocephalus ridibundus,CHROICOCEP,10,E,capture,windy,True,synthetic_fixture,False
CNT000426,TREK004,2024-04-25,06:00,10:06,4.11,Bald Eagle,Haliaeetus leucocephalus,HALIAEETUS,10,W,capture,overcast,True,synthetic_fixture,False
CNT000427,TREK004,2024-04-26,06:00,11:19,5.33,Great Black-backed Gull,Larus marinus,LARUS_MARI,6,W,capture,light rain,True,synthetic_fixture,False
CNT000428,TREK004,2024-04-26,06:00,11:19,5.33,Rock Pigeon,Columba livia,COLUMBA_LI,15,W,capture,windy,True,synthetic_fixture,False
CNT000429,TREK004,2024-04-26,06:00,11:19,5.33,Eurasian Sparrowhawk,Accipiter nisus,ACCIPITER_,10,E,capture,clear,True,synthetic_fixture,False
CNT000430,TREK004,2024-04-26,06:00,11:19,5.33,American Crow,Corvus brachyrhynchos,CORVUS_BRA,13,N,capture,light rain,False,synthetic_fixture,False
CNT000431,TREK004,2024-04-26,06:00,11:19,5.33,Barn Swallow,Hirundo rustica,HIRUNDO_RU,9,SE,capture,overcast,False,synthetic_fixture,False
CNT000432,TREK004,2024-06-06,05:00,08:10,3.18,Rock Pigeon,Columba livia,COLUMBA_LI,2,SE,capture,light rain,True,synthetic_fixture,False
CNT000433,TREK004,2024-06-06,05:00,08:10,3.18,Greylag Goose,Anser anser,ANSER_ANSE,3,NW,capture,light rain,True,synthetic_fixture,False
CNT000434,TREK004,2024-06-06,05:00,08:10,3.18,Great Black-backed Gull,Larus marinus,LARUS_MARI,2,W,capture,,True,synthetic_fixture,False
CNT000435,TREK004,2024-06-06,05:00,08:10,3.18,Common Buzzard,Buteo buteo,BUTEO_BUTE,7,SE,capture,light rain,True,synthetic_fixture,False
CNT000436,TREK004,2024-06-12,09:00,14:29,5.49,Common Raven,Corvus corax,CORVUS_COR,4,SW,capture,clear,True,synthetic_fixture,False
CNT000437,TREK004,2024-07-28,05:00,08:28,3.47,Herring Gull,Larus argentatus,LARUS_ARGE,5,N,capture,clear,True,synthetic_fixture,False
CNT000438,TREK004,2024-07-29,09:00,10:30,1.51,Common Starling,Sturnus vulgaris,STURNUS_VU,3,S,capture,light rain,True,synthetic_fixture,False
CNT000439,TREK004,2024-07-29,09:00,10:30,1.51,Greylag Goose,Anser anser,ANSER_ANSE,3,S,capture,light rain,True,synthetic_fixture,False
CNT000440,TREK004,2024-07-29,09:00,10:30,1.51,American Robin,Turdus migratorius,TURDUS_MIG,4,E,capture,clear,True,synthetic_fixture,False
CNT000441,TREK004,2024-07-29,09:00,10:30,1.51,Mute Swan,Cygnus olor,CYGNUS_OLO,3,NW,capture,clear,True,synthetic_fixture,False
CNT000442,TREK004,2024-08-16,07:00,12:52,5.88,Canada Goose,Branta canadensis,BRANTA_CAN,3,SW,capture,,True,synthetic_fixture,False
CNT000443,TREK004,2024-08-16,07:00,12:52,5.88,Great Cormorant,Phalacrocorax carbo,PHALACROCO,8,W,capture,,True,synthetic_fixture,False
CNT000444,TREK004,2024-08-18,05:00,07:42,2.7,Mute Swan,Cygnus olor,CYGNUS_OLO,3,S,capture,light rain,True,synthetic_fixture,False
CNT000445,TREK004,2024-08-18,05:00,07:42,2.7,Mallard,Anas platyrhynchos,ANAS_PLATY,12,NE,capture,,True,synthetic_fixture,False
CNT000446,TREK004,2024-09-12,05:00,06:12,1.21,Bald Eagle,Haliaeetus leucocephalus,HALIAEETUS,8,W,capture,,True,synthetic_fixture,False
CNT000447,TREK004,2024-09-12,05:00,06:12,1.21,Common Kestrel,Falco tinnunculus,FALCO_TINN,12,N,capture,clear,True,synthetic_fixture,False
CNT000448,TREK004,2024-09-20,09:00,14:32,5.55,Bald Eagle,Haliaeetus leucocephalus,HALIAEETUS,6,S,capture,,True,synthetic_fixture,False
CNT000449,TREK004,2024-09-20,09:00,14:32,5.55,Barn Swallow,Hirundo rustica,HIRUNDO_RU,11,NW,capture,light rain,True,synthetic_fixture,False
CNT000450,TREK004,2024-09-20,09:00,14:32,5.55,Rock Pigeon,Columba livia,COLUMBA_LI,11,NE,capture,,True,synthetic_fixture,False
CNT000451,TREK004,2024-09-20,09:00,14:32,5.55,Grey Heron,Ardea cinerea,ARDEA_CINE,12,W,capture,,True,synthetic_fixture,False
CNT000452,TREK004,2024-09-20,09:00,14:32,5.55,Mute Swan,Cygnus olor,CYGNUS_OLO,12,NE,capture,overcast,True,synthetic_fixture,False
CNT000453,TREK004,2024-10-01,06:00,10:05,4.1,Eurasian Sparrowhawk,Accipiter nisus,ACCIPITER_,11,NW,capture,,True,synthetic_fixture,False
CNT000454,TREK004,2024-12-29,07:00,08:17,1.29,Greylag Goose,Anser anser,ANSER_ANSE,3,NW,capture,light rain,True,synthetic_fixture,False
CNT000455,TREK004,2024-12-29,07:00,08:17,1.29,Black-headed Gull,Chroicocephalus ridibundus,CHROICOCEP,1,NW,capture,clear,True,synthetic_fixture,False
CNT000456,TREK004,2024-12-29,07:00,08:17,1.29,Common Starling,Sturnus vulgaris,STURNUS_VU,2,SW,capture,light rain,True,synthetic_fixture,False
CNT000457,TREK004,2024-12-29,07:00,08:17,1.29,Bald Eagle,Haliaeetus leucocephalus,HALIAEETUS,6,NW,capture,clear,True,synthetic_fixture,False
CNT000458,TREK004,2024-12-29,07:00,08:17,1.29,Mute Swan,Cygnus olor,CYGNUS_OLO,1,NE,capture,windy,True,synthetic_fixture,False
CNT000459,TREK005,2023-01-27,05:00,10:28,5.48,Canada Goose,Branta canadensis,BRANTA_CAN,2,N,nocturnal_flight_call,,True,synthetic_fixture,False
CNT000460,TREK005,2023-01-27,05:00,10:28,5.48,Common Ringed Plover,Charadrius hiaticula,CHARADRIUS,2,NE,nocturnal_flight_call,light rain,True,synthetic_fixture,False
CNT000461,TREK005,2023-03-03,05:00,08:35,3.59,Herring Gull,Larus argentatus,LARUS_ARGE,5,NE,nocturnal_flight_call,light rain,True,synthetic_fixture,False
CNT000462,TREK005,2023-03-03,05:00,08:35,3.59,Common Buzzard,Buteo buteo,BUTEO_BUTE,6,E,nocturnal_flight_call,windy,True,synthetic_fixture,False
CNT000463,TREK005,2023-03-03,05:00,08:35,3.59,Grey Heron,Ardea cinerea,ARDEA_CINE,3,SW,nocturnal_flight_call,overcast,True,synthetic_fixture,False
CNT000464,TREK005,2023-03-03,05:00,08:35,3.59,Canada Goose,Branta canadensis,BRANTA_CAN,5,N,nocturnal_flight_call,light rain,True,synthetic_fixture,False
CNT000465,TREK005,2023-03-28,05:00,07:10,2.18,Common Ringed Plover,Charadrius hiaticula,CHARADRIUS,9,N,nocturnal_flight_call,light rain,True,synthetic_fixture,False
CNT000466,TREK005,2023-03-28,05:00,07:10,2.18,Canada Goose,Branta canadensis,BRANTA_CAN,8,E,nocturnal_flight_call,overcast,False,synthetic_fixture,False
CNT000467,TREK005,2023-03-28,06:00,11:23,5.39,Great Cormorant,Phalacrocorax carbo,PHALACROCO,10,N,nocturnal_flight_call,light rain,True,synthetic_fixture,False
CNT000468,TREK005,2023-03-28,06:00,11:23,5.39,Rock Pigeon,Columba livia,COLUMBA_LI,12,SE,nocturnal_flight_call,overcast,True,synthetic_fixture,False
CNT000469,TREK005,2023-04-18,06:00,09:55,3.92,Canada Goose,Branta canadensis,BRANTA_CAN,11,E,nocturnal_flight_call,overcast,True,synthetic_fixture,False
CNT000470,TREK005,2023-04-18,06:00,09:55,3.92,American Crow,Corvus brachyrhynchos,CORVUS_BRA,8,S,nocturnal_flight_call,clear,True,synthetic_fixture,False
CNT000471,TREK005,2023-05-01,09:00,11:10,2.18,American Robin,Turdus migratorius,TURDUS_MIG,12,SE,nocturnal_flight_call,windy,True,synthetic_fixture,False
CNT000472,TREK005,2023-05-01,09:00,11:10,2.18,Common Starling,Sturnus vulgaris,STURNUS_VU,10,E,nocturnal_flight_call,windy,True,synthetic_fixture,False
CNT000473,TREK005,2023-05-01,09:00,11:10,2.18,Canada Goose,Branta canadensis,BRANTA_CAN,10,SE,nocturnal_flight_call,light rain,True,synthetic_fixture,False
CNT000474,TREK005,2023-05-01,09:00,11:10,2.18,Greylag Goose,Anser anser,ANSER_ANSE,12,N,nocturnal_flight_call,,True,synthetic_fixture,False
CNT000475,TREK005,2023-05-01,09:00,11:10,2.18,Great Black-backed Gull,Larus marinus,LARUS_MARI,9,S,nocturnal_flight_call,clear,True,synthetic_fixture,False
CNT000476,TREK005,2023-05-04,05:00,08:28,3.47,Common Buzzard,Buteo buteo,BUTEO_BUTE,7,SE,nocturnal_flight_call,windy,True,synthetic_fixture,False
CNT000477,TREK005,2023-06-03,05:00,09:50,4.85,Eurasian Sparrowhawk,Accipiter nisus,ACCIPITER_,3,NW,nocturnal_flight_call,light rain,True,synthetic_fixture,False
CNT000478,TREK005,2023-06-03,05:00,09:50,4.85,Canada Goose,Branta canadensis,BRANTA_CAN,1,SW,nocturnal_flight_call,,True,synthetic_fixture,False
CNT000479,TREK005,2023-06-03,05:00,09:50,4.85,Common Buzzard,Buteo buteo,BUTEO_BUTE,4,S,nocturnal_flight_call,overcast,True,synthetic_fixture,False
CNT000480,TREK005,2023-06-03,05:00,09:50,4.85,Great Cormorant,Phalacrocorax carbo,PHALACROCO,3,W,nocturnal_flight_call,,True,synthetic_fixture,False
CNT000481,TREK005,2023-06-27,09:00,13:21,4.36,American Crow,Corvus brachyrhynchos,CORVUS_BRA,5,SE,nocturnal_flight_call,overcast,True,synthetic_fixture,False
CNT000482,TREK005,2023-06-27,09:00,13:21,4.36,Bald Eagle,Haliaeetus leucocephalus,HALIAEETUS,2,N,nocturnal_flight_call,overcast,True,synthetic_fixture,False
CNT000483,TREK005,2023-06-27,09:00,13:21,4.36,Greylag Goose,Anser anser,ANSER_ANSE,6,SW,nocturnal_flight_call,clear,True,synthetic_fixture,False
CNT000484,TREK005,2023-07-27,05:00,07:31,2.52,Eurasian Sparrowhawk,Accipiter nisus,ACCIPITER_,3,NE,nocturnal_flight_call,windy,True,synthetic_fixture,False
CNT000485,TREK005,2023-07-27,05:00,07:31,2.52,American Robin,Turdus migratorius,TURDUS_MIG,4,NW,nocturnal_flight_call,light rain,True,synthetic_fixture,False
CNT000486,TREK005,2023-07-27,05:00,07:31,2.52,Greylag Goose,Anser anser,ANSER_ANSE,3,NE,nocturnal_flight_call,windy,True,synthetic_fixture,False
CNT000487,TREK005,2023-07-27,05:00,07:31,2.52,Great Cormorant,Phalacrocorax carbo,PHALACROCO,3,SW,nocturnal_flight_call,light rain,False,synthetic_fixture,False
CNT000488,TREK005,2023-07-27,05:00,07:31,2.52,Grey Heron,Ardea cinerea,ARDEA_CINE,1,NE,nocturnal_flight_call,overcast,True,synthetic_fixture,False
CNT000489,TREK005,2023-08-18,06:00,11:35,5.59,Herring Gull,Larus argentatus,LARUS_ARGE,5,SW,nocturnal_flight_call,light rain,True,synthetic_fixture,False
CNT000490,TREK005,2023-10-09,07:00,08:32,1.54,Bald Eagle,Haliaeetus leucocephalus,HALIAEETUS,10,SE,nocturnal_flight_call,,True,synthetic_fixture,False
CNT000491,TREK005,2023-10-09,07:00,08:32,1.54,Common Starling,Sturnus vulgaris,STURNUS_VU,9,E,nocturnal_flight_call,light rain,False,synthetic_fixture,False
CNT000492,TREK005,2023-10-09,07:00,08:32,1.54,Common Kestrel,Falco tinnunculus,FALCO_TINN,9,E,nocturnal_flight_call,windy,True,synthetic_fixture,False
CNT000493,TREK005,2023-10-09,07:00,08:32,1.54,Black-headed Gull,Chroicocephalus ridibundus,CHROICOCEP,7,NE,nocturnal_flight_call,windy,True,synthetic_fixture,False
CNT000494,TREK005,2023-10-09,07:00,08:32,1.54,Mute Swan,Cygnus olor,CYGNUS_OLO,9,W,nocturnal_flight_call,overcast,True,synthetic_fixture,False
CNT000495,TREK005,2023-10-24,07:00,11:38,4.64,Eurasian Sparrowhawk,Accipiter nisus,ACCIPITER_,12,E,nocturnal_flight_call,clear,True,synthetic_fixture,False
CNT000496,TREK005,2023-11-07,09:00,12:08,3.14,Eurasian Sparrowhawk,Accipiter nisus,ACCIPITER_,6,NE,nocturnal_flight_call,,True,synthetic_fixture,False
CNT000497,TREK005,2023-11-12,06:00,09:31,3.53,Common Kestrel,Falco tinnunculus,FALCO_TINN,3,W,nocturnal_flight_call,overcast,True,synthetic_fixture,False
CNT000498,TREK005,2023-11-12,06:00,09:31,3.53,Mallard,Anas platyrhynchos,ANAS_PLATY,5,SW,nocturnal_flight_call,overcast,True,synthetic_fixture,False
CNT000499,TREK005,2023-11-17,06:00,10:24,4.41,Mute Swan,Cygnus olor,CYGNUS_OLO,3,NE,nocturnal_flight_call,overcast,True,synthetic_fixture,False
CNT000500,TREK005,2023-11-17,06:00,10:24,4.41,Black-headed Gull,Chroicocephalus ridibundus,CHROICOCEP,3,N,nocturnal_flight_call,overcast,True,synthetic_fixture,False
CNT000501,TREK005,2023-11-17,06:00,10:24,4.41,Mallard,Anas platyrhynchos,ANAS_PLATY,5,S,nocturnal_flight_call,,True,synthetic_fixture,False
CNT000502,TREK005,2023-11-17,06:00,10:24,4.41,Canada Goose,Branta canadensis,BRANTA_CAN,6,NW,nocturnal_flight_call,windy,True,synthetic_fixture,False
CNT000503,TREK005,2023-12-13,06:00,10:13,4.22,Great Cormorant,Phalacrocorax carbo,PHALACROCO,1,W,nocturnal_flight_call,clear,True,synthetic_fixture,False
CNT000504,TREK005,2023-12-13,06:00,10:13,4.22,Common Buzzard,Buteo buteo,BUTEO_BUTE,1,W,nocturnal_flight_call,windy,True,synthetic_fixture,False
CNT000505,TREK005,2023-12-21,08:00,13:34,5.58,Common Buzzard,Buteo buteo,BUTEO_BUTE,2,SW,nocturnal_flight_call,,True,synthetic_fixture,False
CNT000506,TREK005,2023-12-21,08:00,13:34,5.58,Bald Eagle,Haliaeetus leucocephalus,HALIAEETUS,3,N,nocturnal_flight_call,light rain,True,synthetic_fixture,False
CNT000507,TREK005,2023-12-21,08:00,13:34,5.58,Rock Pigeon,Columba livia,COLUMBA_LI,3,SE,nocturnal_flight_call,overcast,True,synthetic_fixture,False
CNT000508,TREK005,2023-12-21,08:00,13:34,5.58,Mute Swan,Cygnus olor,CYGNUS_OLO,4,SE,nocturnal_flight_call,clear,True,synthetic_fixture,False
CNT000509,TREK005,2023-12-21,08:00,13:34,5.58,Common Ringed Plover,Charadrius hiaticula,CHARADRIUS,3,S,nocturnal_flight_call,overcast,True,synthetic_fixture,False
CNT000510,TREK005,2024-01-09,06:00,09:42,3.7,Eurasian Sparrowhawk,Accipiter nisus,ACCIPITER_,2,NW,nocturnal_flight_call,light rain,True,synthetic_fixture,False
CNT000511,TREK005,2024-01-09,06:00,09:42,3.7,Common Kestrel,Falco tinnunculus,FALCO_TINN,5,SW,nocturnal_flight_call,,True,synthetic_fixture,False
CNT000512,TREK005,2024-01-09,06:00,09:42,3.7,Black-headed Gull,Chroicocephalus ridibundus,CHROICOCEP,0,W,nocturnal_flight_call,clear,True,synthetic_fixture,False
CNT000513,TREK005,2024-01-09,06:00,09:42,3.7,Great Black-backed Gull,Larus marinus,LARUS_MARI,3,E,nocturnal_flight_call,overcast,True,synthetic_fixture,False
CNT000514,TREK005,2024-01-09,06:00,09:42,3.7,Great Cormorant,Phalacrocorax carbo,PHALACROCO,2,SW,nocturnal_flight_call,windy,True,synthetic_fixture,False
CNT000515,TREK005,2024-01-12,06:00,11:01,5.03,Greylag Goose,Anser anser,ANSER_ANSE,1,SE,nocturnal_flight_call,light rain,True,synthetic_fixture,False
CNT000516,TREK005,2024-01-12,06:00,11:01,5.03,Mallard,Anas platyrhynchos,ANAS_PLATY,4,E,nocturnal_flight_call,light rain,True,synthetic_fixture,False
CNT000517,TREK005,2024-01-12,06:00,11:01,5.03,American Robin,Turdus migratorius,TURDUS_MIG,3,E,nocturnal_flight_call,light rain,True,synthetic_fixture,False
CNT000518,TREK005,2024-01-12,06:00,11:01,5.03,Great Black-backed Gull,Larus marinus,LARUS_MARI,3,SW,nocturnal_flight_call,overcast,True,synthetic_fixture,False
CNT000519,TREK005,2024-01-31,06:00,07:45,1.75,Great Blue Heron,Ardea herodias,ARDEA_HERO,2,SW,nocturnal_flight_call,,True,synthetic_fixture,False
CNT000520,TREK005,2024-01-31,06:00,07:45,1.75,Great Cormorant,Phalacrocorax carbo,PHALACROCO,2,SW,nocturnal_flight_call,windy,True,synthetic_fixture,False
CNT000521,TREK005,2024-01-31,06:00,07:45,1.75,Bald Eagle,Haliaeetus leucocephalus,HALIAEETUS,4,SW,nocturnal_flight_call,overcast,True,synthetic_fixture,False
CNT000522,TREK005,2024-01-31,06:00,07:45,1.75,Common Ringed Plover,Charadrius hiaticula,CHARADRIUS,4,NE,nocturnal_flight_call,windy,True,synthetic_fixture,False
CNT000523,TREK005,2024-01-31,06:00,07:45,1.75,Common Buzzard,Buteo buteo,BUTEO_BUTE,2,NW,nocturnal_flight_call,,True,synthetic_fixture,False
CNT000524,TREK005,2024-03-05,05:00,09:44,4.74,Mallard,Anas platyrhynchos,ANAS_PLATY,7,NE,nocturnal_flight_call,light rain,True,synthetic_fixture,False
CNT000525,TREK005,2024-03-05,05:00,09:44,4.74,Common Ringed Plover,Charadrius hiaticula,CHARADRIUS,7,W,nocturnal_flight_call,overcast,True,synthetic_fixture,False
CNT000526,TREK005,2024-03-05,05:00,09:44,4.74,Grey Heron,Ardea cinerea,ARDEA_CINE,12,W,nocturnal_flight_call,,True,synthetic_fixture,False
CNT000527,TREK005,2024-03-05,05:00,09:44,4.74,Barn Swallow,Hirundo rustica,HIRUNDO_RU,4,NE,nocturnal_flight_call,clear,True,synthetic_fixture,False
CNT000528,TREK005,2024-03-05,05:00,09:44,4.74,Great Blue Heron,Ardea herodias,ARDEA_HERO,2,SE,nocturnal_flight_call,clear,False,synthetic_fixture,False
CNT000529,TREK005,2024-03-07,06:00,10:06,4.11,Common Starling,Sturnus vulgaris,STURNUS_VU,9,W,nocturnal_flight_call,clear,True,synthetic_fixture,False
CNT000530,TREK005,2024-03-07,06:00,10:06,4.11,Greylag Goose,Anser anser,ANSER_ANSE,5,E,nocturnal_flight_call,,True,synthetic_fixture,False
CNT000531,TREK005,2024-03-07,06:00,10:06,4.11,Great Blue Heron,Ardea herodias,ARDEA_HERO,6,E,nocturnal_flight_call,overcast,True,synthetic_fixture,False
CNT000532,TREK005,2024-03-12,06:00,07:49,1.83,Common Starling,Sturnus vulgaris,STURNUS_VU,7,SW,nocturnal_flight_call,,True,synthetic_fixture,False
CNT000533,TREK005,2024-03-12,06:00,07:49,1.83,Canada Goose,Branta canadensis,BRANTA_CAN,11,S,nocturnal_flight_call,clear,True,synthetic_fixture,False
CNT000534,TREK005,2024-03-12,06:00,07:49,1.83,Eurasian Sparrowhawk,Accipiter nisus,ACCIPITER_,7,N,nocturnal_flight_call,clear,True,synthetic_fixture,False
CNT000535,TREK005,2024-03-12,06:00,07:49,1.83,Great Cormorant,Phalacrocorax carbo,PHALACROCO,8,NE,nocturnal_flight_call,,True,synthetic_fixture,False
CNT000536,TREK005,2024-04-02,07:00,08:36,1.6,Great Black-backed Gull,Larus marinus,LARUS_MARI,12,S,nocturnal_flight_call,clear,True,synthetic_fixture,False
CNT000537,TREK005,2024-04-02,07:00,08:36,1.6,Bald Eagle,Haliaeetus leucocephalus,HALIAEETUS,8,SE,nocturnal_flight_call,clear,True,synthetic_fixture,False
CNT000538,TREK005,2024-04-02,07:00,08:36,1.6,Common Raven,Corvus corax,CORVUS_COR,12,N,nocturnal_flight_call,overcast,True,synthetic_fixture,False
CNT000539,TREK005,2024-04-26,06:00,08:28,2.47,Common Buzzard,Buteo buteo,BUTEO_BUTE,10,S,nocturnal_flight_call,clear,True,synthetic_fixture,False
CNT000540,TREK005,2024-04-26,06:00,08:28,2.47,Herring Gull,Larus argentatus,LARUS_ARGE,7,E,nocturnal_flight_call,light rain,True,synthetic_fixture,False
CNT000541,TREK005,2024-04-26,06:00,08:28,2.47,Black-headed Gull,Chroicocephalus ridibundus,CHROICOCEP,16,SE,nocturnal_flight_call,light rain,True,synthetic_fixture,False
CNT000542,TREK005,2024-05-25,08:00,13:41,5.69,Common Buzzard,Buteo buteo,BUTEO_BUTE,8,NW,nocturnal_flight_call,windy,True,synthetic_fixture,False
CNT000543,TREK005,2024-05-25,08:00,13:41,5.69,Herring Gull,Larus argentatus,LARUS_ARGE,4,E,nocturnal_flight_call,clear,True,synthetic_fixture,False
CNT000544,TREK005,2024-05-25,08:00,13:41,5.69,Canada Goose,Branta canadensis,BRANTA_CAN,6,SE,nocturnal_flight_call,light rain,True,synthetic_fixture,False
CNT000545,TREK005,2024-05-25,08:00,13:41,5.69,American Crow,Corvus brachyrhynchos,CORVUS_BRA,4,SW,nocturnal_flight_call,light rain,True,synthetic_fixture,False
CNT000546,TREK005,2024-05-25,08:00,13:41,5.69,Common Raven,Corvus corax,CORVUS_COR,5,E,nocturnal_flight_call,,True,synthetic_fixture,False
CNT000547,TREK005,2024-06-02,07:00,08:11,1.2,American Robin,Turdus migratorius,TURDUS_MIG,8,NE,nocturnal_flight_call,light rain,True,synthetic_fixture,False
CNT000548,TREK005,2024-06-06,09:00,13:17,4.29,Greylag Goose,Anser anser,ANSER_ANSE,2,E,nocturnal_flight_call,clear,True,synthetic_fixture,False
CNT000549,TREK005,2024-06-12,07:00,10:16,3.28,Black-headed Gull,Chroicocephalus ridibundus,CHROICOCEP,2,NW,nocturnal_flight_call,overcast,True,synthetic_fixture,False
CNT000550,TREK005,2024-06-12,07:00,10:16,3.28,Greylag Goose,Anser anser,ANSER_ANSE,2,SW,nocturnal_flight_call,windy,True,synthetic_fixture,False
CNT000551,TREK005,2024-06-12,07:00,10:16,3.28,Common Ringed Plover,Charadrius hiaticula,CHARADRIUS,2,SW,nocturnal_flight_call,,True,synthetic_fixture,False
CNT000552,TREK005,2024-06-17,05:00,06:01,1.02,Bald Eagle,Haliaeetus leucocephalus,HALIAEETUS,3,NE,nocturnal_flight_call,windy,True,synthetic_fixture,False
CNT000553,TREK005,2024-06-25,05:00,06:06,1.11,American Robin,Turdus migratorius,TURDUS_MIG,4,SW,nocturnal_flight_call,overcast,True,synthetic_fixture,False
CNT000554,TREK005,2024-06-25,05:00,06:06,1.11,Grey Heron,Ardea cinerea,ARDEA_CINE,2,E,nocturnal_flight_call,,True,synthetic_fixture,False
CNT000555,TREK005,2024-06-25,05:00,06:06,1.11,Eurasian Sparrowhawk,Accipiter nisus,ACCIPITER_,1,NE,nocturnal_flight_call,,True,synthetic_fixture,False
CNT000556,TREK005,2024-06-25,05:00,06:06,1.11,Black-headed Gull,Chroicocephalus ridibundus,CHROICOCEP,1,N,nocturnal_flight_call,,True,synthetic_fixture,False
CNT000557,TREK005,2024-06-25,05:00,06:06,1.11,Common Kestrel,Falco tinnunculus,FALCO_TINN,5,SE,nocturnal_flight_call,overcast,True,synthetic_fixture,False
CNT000558,TREK005,2024-06-27,06:00,07:30,1.51,Barn Swallow,Hirundo rustica,HIRUNDO_RU,2,NW,nocturnal_flight_call,clear,False,synthetic_fixture,False
CNT000559,TREK005,2024-06-27,06:00,07:30,1.51,Great Blue Heron,Ardea herodias,ARDEA_HERO,1,NW,nocturnal_flight_call,,True,synthetic_fixture,False
CNT000560,TREK005,2024-07-05,06:00,09:01,3.03,American Crow,Corvus brachyrhynchos,CORVUS_BRA,2,NE,nocturnal_flight_call,overcast,True,synthetic_fixture,False
CNT000561,TREK005,2024-07-05,06:00,09:01,3.03,Grey Heron,Ardea cinerea,ARDEA_CINE,2,NE,nocturnal_flight_call,,True,synthetic_fixture,False
CNT000562,TREK005,2024-07-05,06:00,09:01,3.03,Rock Pigeon,Columba livia,COLUMBA_LI,1,SW,nocturnal_flight_call,windy,True,synthetic_fixture,False
CNT000563,TREK005,2024-07-23,09:00,10:18,1.31,Great Black-backed Gull,Larus marinus,LARUS_MARI,5,NW,nocturnal_flight_call,windy,True,synthetic_fixture,False
CNT000564,TREK005,2024-07-23,09:00,10:18,1.31,Canada Goose,Branta canadensis,BRANTA_CAN,3,SW,nocturnal_flight_call,overcast,True,synthetic_fixture,False
CNT000565,TREK005,2024-10-04,05:00,08:27,3.45,American Robin,Turdus migratorius,TURDUS_MIG,14,SE,nocturnal_flight_call,,True,synthetic_fixture,False
CNT000566,TREK005,2024-10-04,05:00,08:27,3.45,Common Kestrel,Falco tinnunculus,FALCO_TINN,10,SW,nocturnal_flight_call,windy,True,synthetic_fixture,False
CNT000567,TREK005,2024-10-04,05:00,08:27,3.45,Grey Heron,Ardea cinerea,ARDEA_CINE,12,N,nocturnal_flight_call,light rain,True,synthetic_fixture,False
CNT000568,TREK005,2024-10-04,05:00,08:27,3.45,Rock Pigeon,Columba livia,COLUMBA_LI,11,S,nocturnal_flight_call,overcast,True,synthetic_fixture,False
CNT000569,TREK005,2024-10-04,05:00,08:27,3.45,Common Ringed Plover,Charadrius hiaticula,CHARADRIUS,9,SW,nocturnal_flight_call,,True,synthetic_fixture,False
CNT000570,TREK005,2024-10-13,05:00,09:04,4.07,Mute Swan,Cygnus olor,CYGNUS_OLO,7,SE,nocturnal_flight_call,light rain,True,synthetic_fixture,False
CNT000571,TREK005,2024-10-13,05:00,09:04,4.07,Black-headed Gull,Chroicocephalus ridibundus,CHROICOCEP,9,SW,nocturnal_flight_call,overcast,True,synthetic_fixture,False
CNT000572,TREK005,2024-10-13,05:00,09:04,4.07,Bald Eagle,Haliaeetus leucocephalus,HALIAEETUS,9,SE,nocturnal_flight_call,clear,True,synthetic_fixture,False
CNT000573,TREK005,2024-10-13,05:00,09:04,4.07,Great Cormorant,Phalacrocorax carbo,PHALACROCO,14,E,nocturnal_flight_call,clear,True,synthetic_fixture,False
CNT000574,TREK005,2024-11-10,09:00,14:36,5.61,Common Kestrel,Falco tinnunculus,FALCO_TINN,4,SW,nocturnal_flight_call,windy,True,synthetic_fixture,False
CNT000575,TREK005,2024-11-10,09:00,14:36,5.61,Great Cormorant,Phalacrocorax carbo,PHALACROCO,2,SW,nocturnal_flight_call,windy,True,synthetic_fixture,False
CNT000576,TREK005,2024-11-10,09:00,14:36,5.61,Common Buzzard,Buteo buteo,BUTEO_BUTE,4,W,nocturnal_flight_call,windy,True,synthetic_fixture,False
CNT000577,TREK005,2024-11-10,09:00,14:36,5.61,Mallard,Anas platyrhynchos,ANAS_PLATY,10,NE,nocturnal_flight_call,,True,synthetic_fixture,False
CNT000578,TREK005,2024-11-17,05:00,10:25,5.42,Barn Swallow,Hirundo rustica,HIRUNDO_RU,4,S,nocturnal_flight_call,light rain,True,synthetic_fixture,False
CNT000579,TREK005,2024-11-17,05:00,10:25,5.42,Common Kestrel,Falco tinnunculus,FALCO_TINN,5,W,nocturnal_flight_call,windy,True,synthetic_fixture,False
CNT000580,TREK005,2024-11-17,05:00,10:25,5.42,Herring Gull,Larus argentatus,LARUS_ARGE,3,NE,nocturnal_flight_call,clear,True,synthetic_fixture,False
CNT000581,TREK005,2024-12-15,06:00,09:48,3.81,Rock Pigeon,Columba livia,COLUMBA_LI,3,SE,nocturnal_flight_call,light rain,True,synthetic_fixture,False
CNT000582,TREK005,2024-12-15,06:00,09:48,3.81,Canada Goose,Branta canadensis,BRANTA_CAN,2,SW,nocturnal_flight_call,overcast,True,synthetic_fixture,False
CNT000583,TREK005,2024-12-15,06:00,09:48,3.81,Black-headed Gull,Chroicocephalus ridibundus,CHROICOCEP,1,SW,nocturnal_flight_call,light rain,True,synthetic_fixture,False
CNT000584,TREK005,2024-12-15,06:00,09:48,3.81,Common Buzzard,Buteo buteo,BUTEO_BUTE,3,W,nocturnal_flight_call,overcast,False,synthetic_fixture,False
CNT000585,TREK005,2024-12-15,06:00,09:48,3.81,Common Raven,Corvus corax,CORVUS_COR,3,SE,nocturnal_flight_call,,True,synthetic_fixture,False
CNT000586,TREK005,2024-12-26,07:00,08:01,1.03,Common Raven,Corvus corax,CORVUS_COR,4,E,nocturnal_flight_call,windy,True,synthetic_fixture,False
CNT000587,TREK005,2024-12-26,07:00,08:01,1.03,Grey Heron,Ardea cinerea,ARDEA_CINE,3,N,nocturnal_flight_call,clear,True,synthetic_fixture,False
CNT000588,TREK005,2024-12-26,07:00,08:01,1.03,Rock Pigeon,Columba livia,COLUMBA_LI,5,SW,nocturnal_flight_call,light rain,True,synthetic_fixture,False
CNT000589,TREK005,2024-12-26,07:00,08:01,1.03,Barn Swallow,Hirundo rustica,HIRUNDO_RU,0,N,nocturnal_flight_call,light rain,True,synthetic_fixture,False
CNT000590,TREK005,2024-12-26,07:00,08:01,1.03,Mallard,Anas platyrhynchos,ANAS_PLATY,3,N,nocturnal_flight_call,windy,True,synthetic_fixture,False
CNT000591,TREK006,2023-01-31,09:00,10:07,1.13,Canada Goose,Branta canadensis,BRANTA_CAN,5,SW,visible_migration,light rain,True,synthetic_fixture,False
CNT000592,TREK006,2023-02-10,07:00,11:19,4.32,American Robin,Turdus migratorius,TURDUS_MIG,4,E,visible_migration,light rain,True,synthetic_fixture,False
CNT000593,TREK006,2023-02-10,07:00,11:19,4.32,Herring Gull,Larus argentatus,LARUS_ARGE,4,E,visible_migration,clear,True,synthetic_fixture,False
CNT000594,TREK006,2023-02-11,05:00,09:55,4.93,Grey Heron,Ardea cinerea,ARDEA_CINE,2,SW,visible_migration,overcast,True,synthetic_fixture,False
CNT000595,TREK006,2023-02-15,06:00,07:52,1.88,Mallard,Anas platyrhynchos,ANAS_PLATY,5,NE,visible_migration,clear,True,synthetic_fixture,False
CNT000596,TREK006,2023-02-15,06:00,07:52,1.88,Common Kestrel,Falco tinnunculus,FALCO_TINN,6,NW,visible_migration,overcast,True,synthetic_fixture,False
CNT000597,TREK006,2023-02-15,06:00,07:52,1.88,Mute Swan,Cygnus olor,CYGNUS_OLO,0,S,visible_migration,clear,True,synthetic_fixture,False
CNT000598,TREK006,2023-02-15,06:00,07:52,1.88,Grey Heron,Ardea cinerea,ARDEA_CINE,7,NW,visible_migration,,True,synthetic_fixture,False
CNT000599,TREK006,2023-02-15,06:00,07:52,1.88,Barn Swallow,Hirundo rustica,HIRUNDO_RU,4,E,visible_migration,light rain,True,synthetic_fixture,False
CNT000600,TREK006,2023-02-16,06:00,07:45,1.75,Great Black-backed Gull,Larus marinus,LARUS_MARI,1,NW,visible_migration,,True,synthetic_fixture,False
CNT000601,TREK006,2023-02-16,06:00,07:45,1.75,Barn Swallow,Hirundo rustica,HIRUNDO_RU,3,N,visible_migration,clear,False,synthetic_fixture,False
CNT000602,TREK006,2023-03-12,08:00,13:18,5.31,Black-headed Gull,Chroicocephalus ridibundus,CHROICOCEP,13,NW,visible_migration,windy,True,synthetic_fixture,False
CNT000603,TREK006,2023-03-12,08:00,13:18,5.31,Canada Goose,Branta canadensis,BRANTA_CAN,6,W,visible_migration,,True,synthetic_fixture,False
CNT000604,TREK006,2023-03-12,08:00,13:18,5.31,Common Starling,Sturnus vulgaris,STURNUS_VU,8,S,visible_migration,light rain,True,synthetic_fixture,False
CNT000605,TREK006,2023-03-12,08:00,12:15,4.26,American Robin,Turdus migratorius,TURDUS_MIG,7,NW,visible_migration,windy,True,synthetic_fixture,False
CNT000606,TREK006,2023-03-12,08:00,12:15,4.26,Herring Gull,Larus argentatus,LARUS_ARGE,5,NE,visible_migration,clear,True,synthetic_fixture,False
CNT000607,TREK006,2023-03-12,08:00,12:15,4.26,Great Blue Heron,Ardea herodias,ARDEA_HERO,8,E,visible_migration,windy,True,synthetic_fixture,False
CNT000608,TREK006,2023-03-19,08:00,09:24,1.41,Great Black-backed Gull,Larus marinus,LARUS_MARI,10,NW,visible_migration,overcast,True,synthetic_fixture,False
CNT000609,TREK006,2023-03-19,08:00,09:24,1.41,Common Kestrel,Falco tinnunculus,FALCO_TINN,13,S,visible_migration,overcast,True,synthetic_fixture,False
CNT000610,TREK006,2023-03-19,08:00,09:24,1.41,Barn Swallow,Hirundo rustica,HIRUNDO_RU,6,W,visible_migration,windy,True,synthetic_fixture,False
CNT000611,TREK006,2023-03-22,05:00,10:27,5.46,Greylag Goose,Anser anser,ANSER_ANSE,9,W,visible_migration,clear,True,synthetic_fixture,False
CNT000612,TREK006,2023-03-22,05:00,10:27,5.46,Bald Eagle,Haliaeetus leucocephalus,HALIAEETUS,11,S,visible_migration,,True,synthetic_fixture,False
CNT000613,TREK006,2023-04-04,05:00,06:30,1.5,Common Raven,Corvus corax,CORVUS_COR,5,W,visible_migration,windy,True,synthetic_fixture,False
CNT000614,TREK006,2023-04-08,09:00,14:24,5.41,Barn Swallow,Hirundo rustica,HIRUNDO_RU,13,N,visible_migration,,True,synthetic_fixture,False
CNT000615,TREK006,2023-04-08,09:00,14:24,5.41,Black-headed Gull,Chroicocephalus ridibundus,CHROICOCEP,14,W,visible_migration,windy,True,synthetic_fixture,False
CNT000616,TREK006,2023-04-08,09:00,14:24,5.41,Great Blue Heron,Ardea herodias,ARDEA_HERO,14,N,visible_migration,clear,True,synthetic_fixture,False
CNT000617,TREK006,2023-04-08,09:00,14:24,5.41,Common Kestrel,Falco tinnunculus,FALCO_TINN,6,NE,visible_migration,clear,True,synthetic_fixture,False
CNT000618,TREK006,2023-04-14,07:00,08:16,1.27,Greylag Goose,Anser anser,ANSER_ANSE,12,NW,visible_migration,,True,synthetic_fixture,False
CNT000619,TREK006,2023-04-14,07:00,08:16,1.27,Great Cormorant,Phalacrocorax carbo,PHALACROCO,10,E,visible_migration,,True,synthetic_fixture,False
CNT000620,TREK006,2023-04-15,09:00,11:12,2.21,Common Kestrel,Falco tinnunculus,FALCO_TINN,14,SE,visible_migration,,True,synthetic_fixture,False
CNT000621,TREK006,2023-04-15,09:00,11:12,2.21,Great Black-backed Gull,Larus marinus,LARUS_MARI,11,S,visible_migration,overcast,True,synthetic_fixture,False
CNT000622,TREK006,2023-04-15,09:00,11:12,2.21,Canada Goose,Branta canadensis,BRANTA_CAN,15,W,visible_migration,,True,synthetic_fixture,False
CNT000623,TREK006,2023-04-15,09:00,11:12,2.21,Herring Gull,Larus argentatus,LARUS_ARGE,7,NW,visible_migration,windy,True,synthetic_fixture,False
CNT000624,TREK006,2023-04-15,09:00,11:12,2.21,Common Buzzard,Buteo buteo,BUTEO_BUTE,12,S,visible_migration,windy,True,synthetic_fixture,False
CNT000625,TREK006,2023-06-01,09:00,13:01,4.03,Great Cormorant,Phalacrocorax carbo,PHALACROCO,5,S,visible_migration,windy,True,synthetic_fixture,False
CNT000626,TREK006,2023-06-01,09:00,13:01,4.03,Common Ringed Plover,Charadrius hiaticula,CHARADRIUS,5,N,visible_migration,overcast,True,synthetic_fixture,False
CNT000627,TREK006,2023-06-01,09:00,13:01,4.03,Common Raven,Corvus corax,CORVUS_COR,4,SE,visible_migration,light rain,True,synthetic_fixture,False
CNT000628,TREK006,2023-06-03,08:00,11:37,3.63,Common Buzzard,Buteo buteo,BUTEO_BUTE,3,NW,visible_migration,,True,synthetic_fixture,False
CNT000629,TREK006,2023-06-03,08:00,11:37,3.63,Common Raven,Corvus corax,CORVUS_COR,3,S,visible_migration,overcast,True,synthetic_fixture,False
CNT000630,TREK006,2023-06-03,08:00,11:37,3.63,American Crow,Corvus brachyrhynchos,CORVUS_BRA,4,NW,visible_migration,windy,True,synthetic_fixture,False
CNT000631,TREK006,2023-08-04,09:00,10:07,1.12,Common Starling,Sturnus vulgaris,STURNUS_VU,3,S,visible_migration,overcast,True,synthetic_fixture,False
CNT000632,TREK006,2023-08-04,09:00,10:07,1.12,Common Kestrel,Falco tinnunculus,FALCO_TINN,4,SW,visible_migration,overcast,True,synthetic_fixture,False
CNT000633,TREK006,2023-08-04,09:00,10:07,1.12,Herring Gull,Larus argentatus,LARUS_ARGE,2,NE,visible_migration,clear,True,synthetic_fixture,False
CNT000634,TREK006,2023-08-04,09:00,10:07,1.12,Canada Goose,Branta canadensis,BRANTA_CAN,4,NE,visible_migration,overcast,True,synthetic_fixture,False
CNT000635,TREK006,2023-08-04,09:00,10:07,1.12,Great Cormorant,Phalacrocorax carbo,PHALACROCO,2,NE,visible_migration,overcast,True,synthetic_fixture,False
CNT000636,TREK006,2023-08-22,06:00,11:12,5.21,Greylag Goose,Anser anser,ANSER_ANSE,4,NW,visible_migration,clear,True,synthetic_fixture,False
CNT000637,TREK006,2023-08-22,06:00,11:12,5.21,Common Starling,Sturnus vulgaris,STURNUS_VU,3,E,visible_migration,,True,synthetic_fixture,False
CNT000638,TREK006,2023-08-22,06:00,11:12,5.21,Grey Heron,Ardea cinerea,ARDEA_CINE,5,S,visible_migration,overcast,True,synthetic_fixture,False
CNT000639,TREK006,2023-08-22,06:00,11:12,5.21,Barn Swallow,Hirundo rustica,HIRUNDO_RU,6,NE,visible_migration,windy,True,synthetic_fixture,False
CNT000640,TREK006,2023-08-22,06:00,11:12,5.21,Mallard,Anas platyrhynchos,ANAS_PLATY,7,W,visible_migration,overcast,True,synthetic_fixture,False
CNT000641,TREK006,2023-09-29,05:00,08:45,3.76,Canada Goose,Branta canadensis,BRANTA_CAN,14,SE,visible_migration,windy,True,synthetic_fixture,False
CNT000642,TREK006,2023-09-29,05:00,08:45,3.76,Great Black-backed Gull,Larus marinus,LARUS_MARI,10,NE,visible_migration,,True,synthetic_fixture,False
CNT000643,TREK006,2023-11-26,06:00,09:17,3.29,Eurasian Sparrowhawk,Accipiter nisus,ACCIPITER_,2,N,visible_migration,clear,True,synthetic_fixture,False
CNT000644,TREK006,2023-11-26,06:00,09:17,3.29,Herring Gull,Larus argentatus,LARUS_ARGE,4,E,visible_migration,windy,True,synthetic_fixture,False
CNT000645,TREK006,2023-11-26,06:00,09:17,3.29,Canada Goose,Branta canadensis,BRANTA_CAN,1,SW,visible_migration,light rain,True,synthetic_fixture,False
CNT000646,TREK006,2023-11-26,06:00,09:17,3.29,Common Kestrel,Falco tinnunculus,FALCO_TINN,4,N,visible_migration,windy,True,synthetic_fixture,False
CNT000647,TREK006,2023-11-26,06:00,09:17,3.29,Great Cormorant,Phalacrocorax carbo,PHALACROCO,5,SE,visible_migration,overcast,True,synthetic_fixture,False
CNT000648,TREK006,2023-12-05,09:00,10:32,1.54,Great Cormorant,Phalacrocorax carbo,PHALACROCO,6,NW,visible_migration,clear,True,synthetic_fixture,False
CNT000649,TREK006,2023-12-05,09:00,10:32,1.54,Eurasian Sparrowhawk,Accipiter nisus,ACCIPITER_,1,N,visible_migration,clear,True,synthetic_fixture,False
CNT000650,TREK006,2023-12-05,09:00,10:32,1.54,American Crow,Corvus brachyrhynchos,CORVUS_BRA,5,SE,visible_migration,clear,True,synthetic_fixture,False
CNT000651,TREK006,2024-01-14,08:00,09:17,1.29,Mallard,Anas platyrhynchos,ANAS_PLATY,5,SW,visible_migration,clear,True,synthetic_fixture,False
CNT000652,TREK006,2024-01-14,08:00,09:17,1.29,Common Raven,Corvus corax,CORVUS_COR,2,E,visible_migration,clear,False,synthetic_fixture,False
CNT000653,TREK006,2024-01-14,08:00,09:17,1.29,Common Kestrel,Falco tinnunculus,FALCO_TINN,5,SE,visible_migration,light rain,False,synthetic_fixture,False
CNT000654,TREK006,2024-01-14,08:00,09:17,1.29,Common Ringed Plover,Charadrius hiaticula,CHARADRIUS,5,E,visible_migration,overcast,True,synthetic_fixture,False
CNT000655,TREK006,2024-01-14,08:00,09:17,1.29,Bald Eagle,Haliaeetus leucocephalus,HALIAEETUS,3,E,visible_migration,clear,False,synthetic_fixture,False
CNT000656,TREK006,2024-01-19,09:00,12:51,3.85,Herring Gull,Larus argentatus,LARUS_ARGE,3,W,visible_migration,,True,synthetic_fixture,False
CNT000657,TREK006,2024-02-23,07:00,12:20,5.35,Common Starling,Sturnus vulgaris,STURNUS_VU,3,SE,visible_migration,clear,True,synthetic_fixture,False
CNT000658,TREK006,2024-02-23,07:00,12:20,5.35,Eurasian Sparrowhawk,Accipiter nisus,ACCIPITER_,4,N,visible_migration,,True,synthetic_fixture,False
CNT000659,TREK006,2024-03-17,05:00,08:51,3.86,Great Cormorant,Phalacrocorax carbo,PHALACROCO,7,N,visible_migration,clear,True,synthetic_fixture,False
CNT000660,TREK006,2024-04-06,08:00,13:51,5.86,Common Ringed Plover,Charadrius hiaticula,CHARADRIUS,7,SW,visible_migration,clear,True,synthetic_fixture,False
CNT000661,TREK006,2024-04-06,08:00,13:51,5.86,Common Kestrel,Falco tinnunculus,FALCO_TINN,16,NW,visible_migration,,True,synthetic_fixture,False
CNT000662,TREK006,2024-04-06,08:00,13:51,5.86,Black-headed Gull,Chroicocephalus ridibundus,CHROICOCEP,7,NW,visible_migration,windy,True,synthetic_fixture,False
CNT000663,TREK006,2024-04-06,08:00,13:51,5.86,Greylag Goose,Anser anser,ANSER_ANSE,11,NE,visible_migration,,True,synthetic_fixture,False
CNT000664,TREK006,2024-04-06,05:00,07:55,2.93,Barn Swallow,Hirundo rustica,HIRUNDO_RU,10,N,visible_migration,clear,True,synthetic_fixture,False
CNT000665,TREK006,2024-04-06,05:00,07:55,2.93,Bald Eagle,Haliaeetus leucocephalus,HALIAEETUS,10,E,visible_migration,,True,synthetic_fixture,False
CNT000666,TREK006,2024-04-06,05:00,07:55,2.93,Grey Heron,Ardea cinerea,ARDEA_CINE,7,N,visible_migration,overcast,True,synthetic_fixture,False
CNT000667,TREK006,2024-04-06,05:00,07:55,2.93,Mallard,Anas platyrhynchos,ANAS_PLATY,9,SW,visible_migration,,True,synthetic_fixture,False
CNT000668,TREK006,2024-04-12,06:00,07:57,1.95,Mallard,Anas platyrhynchos,ANAS_PLATY,13,SW,visible_migration,windy,True,synthetic_fixture,False
CNT000669,TREK006,2024-04-12,06:00,07:57,1.95,Common Ringed Plover,Charadrius hiaticula,CHARADRIUS,10,W,visible_migration,windy,True,synthetic_fixture,False
CNT000670,TREK006,2024-04-12,06:00,07:57,1.95,Common Kestrel,Falco tinnunculus,FALCO_TINN,14,NW,visible_migration,overcast,True,synthetic_fixture,False
CNT000671,TREK006,2024-04-12,06:00,07:57,1.95,Mute Swan,Cygnus olor,CYGNUS_OLO,6,S,visible_migration,clear,False,synthetic_fixture,False
CNT000672,TREK006,2024-04-12,06:00,07:57,1.95,Great Cormorant,Phalacrocorax carbo,PHALACROCO,18,N,visible_migration,light rain,True,synthetic_fixture,False
CNT000673,TREK006,2024-04-16,05:00,10:27,5.46,Common Starling,Sturnus vulgaris,STURNUS_VU,10,SE,visible_migration,windy,True,synthetic_fixture,False
CNT000674,TREK006,2024-04-16,05:00,10:27,5.46,Common Ringed Plover,Charadrius hiaticula,CHARADRIUS,10,NW,visible_migration,windy,True,synthetic_fixture,False
CNT000675,TREK006,2024-04-16,05:00,10:27,5.46,Great Cormorant,Phalacrocorax carbo,PHALACROCO,14,SE,visible_migration,,True,synthetic_fixture,False
CNT000676,TREK006,2024-04-25,06:00,07:10,1.18,Common Raven,Corvus corax,CORVUS_COR,13,SW,visible_migration,windy,True,synthetic_fixture,False
CNT000677,TREK006,2024-04-25,06:00,07:10,1.18,Black-headed Gull,Chroicocephalus ridibundus,CHROICOCEP,14,NW,visible_migration,clear,True,synthetic_fixture,False
CNT000678,TREK006,2024-04-25,06:00,07:10,1.18,Great Cormorant,Phalacrocorax carbo,PHALACROCO,3,SE,visible_migration,windy,True,synthetic_fixture,False
CNT000679,TREK006,2024-04-25,06:00,07:10,1.18,Common Kestrel,Falco tinnunculus,FALCO_TINN,10,E,visible_migration,light rain,True,synthetic_fixture,False
CNT000680,TREK006,2024-04-25,06:00,07:10,1.18,Grey Heron,Ardea cinerea,ARDEA_CINE,6,SE,visible_migration,overcast,True,synthetic_fixture,False
CNT000681,TREK006,2024-05-05,09:00,14:13,5.23,Bald Eagle,Haliaeetus leucocephalus,HALIAEETUS,8,N,visible_migration,light rain,True,synthetic_fixture,False
CNT000682,TREK006,2024-05-13,07:00,10:49,3.83,Mute Swan,Cygnus olor,CYGNUS_OLO,7,NW,visible_migration,,True,synthetic_fixture,False
CNT000683,TREK006,2024-05-15,07:00,08:22,1.38,Grey Heron,Ardea cinerea,ARDEA_CINE,4,SW,visible_migration,clear,True,synthetic_fixture,False
CNT000684,TREK006,2024-05-15,07:00,08:22,1.38,Common Kestrel,Falco tinnunculus,FALCO_TINN,7,W,visible_migration,overcast,True,synthetic_fixture,False
CNT000685,TREK006,2024-06-24,06:00,11:35,5.6,Mallard,Anas platyrhynchos,ANAS_PLATY,1,SE,visible_migration,windy,True,synthetic_fixture,False
CNT000686,TREK006,2024-06-24,06:00,11:35,5.6,American Crow,Corvus brachyrhynchos,CORVUS_BRA,3,NE,visible_migration,clear,True,synthetic_fixture,False
CNT000687,TREK006,2024-06-24,06:00,11:35,5.6,Bald Eagle,Haliaeetus leucocephalus,HALIAEETUS,2,N,visible_migration,clear,True,synthetic_fixture,False
CNT000688,TREK006,2024-06-24,06:00,11:35,5.6,Great Blue Heron,Ardea herodias,ARDEA_HERO,3,SE,visible_migration,windy,True,synthetic_fixture,False
CNT000689,TREK006,2024-06-24,06:00,11:35,5.6,Barn Swallow,Hirundo rustica,HIRUNDO_RU,1,NW,visible_migration,,True,synthetic_fixture,False
CNT000690,TREK006,2024-07-02,08:00,13:50,5.84,Great Black-backed Gull,Larus marinus,LARUS_MARI,6,SW,visible_migration,windy,True,synthetic_fixture,False
CNT000691,TREK006,2024-07-02,08:00,13:50,5.84,Black-headed Gull,Chroicocephalus ridibundus,CHROICOCEP,3,E,visible_migration,overcast,True,synthetic_fixture,False
CNT000692,TREK006,2024-07-02,08:00,13:50,5.84,Common Buzzard,Buteo buteo,BUTEO_BUTE,4,SW,visible_migration,overcast,True,synthetic_fixture,False
CNT000693,TREK006,2024-07-28,09:00,10:45,1.76,American Crow,Corvus brachyrhynchos,CORVUS_BRA,5,NE,visible_migration,overcast,True,synthetic_fixture,False
CNT000694,TREK006,2024-08-04,06:00,09:59,3.99,Common Buzzard,Buteo buteo,BUTEO_BUTE,6,NE,visible_migration,light rain,True,synthetic_fixture,False
CNT000695,TREK006,2024-08-14,07:00,09:53,2.9,Great Blue Heron,Ardea herodias,ARDEA_HERO,7,NW,visible_migration,,True,synthetic_fixture,False
CNT000696,TREK006,2024-08-14,07:00,09:53,2.9,Common Kestrel,Falco tinnunculus,FALCO_TINN,8,SE,visible_migration,,True,synthetic_fixture,False
CNT000697,TREK006,2024-10-28,09:00,11:44,2.74,Rock Pigeon,Columba livia,COLUMBA_LI,7,NE,visible_migration,overcast,True,synthetic_fixture,False
CNT000698,TREK006,2024-10-28,09:00,11:44,2.74,Mallard,Anas platyrhynchos,ANAS_PLATY,8,NW,visible_migration,light rain,True,synthetic_fixture,False
CNT000699,TREK006,2024-10-28,09:00,11:44,2.74,Grey Heron,Ardea cinerea,ARDEA_CINE,5,W,visible_migration,light rain,True,synthetic_fixture,False
CNT000700,TREK006,2024-11-03,08:00,09:40,1.67,Grey Heron,Ardea cinerea,ARDEA_CINE,5,N,visible_migration,clear,True,synthetic_fixture,False
CNT000701,TREK006,2024-11-03,08:00,09:40,1.67,Greylag Goose,Anser anser,ANSER_ANSE,6,SE,visible_migration,windy,True,synthetic_fixture,False
CNT000702,TREK006,2024-11-12,07:00,10:40,3.67,Common Kestrel,Falco tinnunculus,FALCO_TINN,4,SW,visible_migration,,True,synthetic_fixture,False
CNT000703,TREK006,2024-11-12,07:00,10:40,3.67,Black-headed Gull,Chroicocephalus ridibundus,CHROICOCEP,3,N,visible_migration,light rain,True,synthetic_fixture,False
CNT000704,TREK006,2024-11-12,07:00,10:40,3.67,Greylag Goose,Anser anser,ANSER_ANSE,7,SE,visible_migration,windy,True,synthetic_fixture,False
CNT000705,TREK006,2024-11-12,07:00,10:40,3.67,Common Raven,Corvus corax,CORVUS_COR,4,NW,visible_migration,clear,True,synthetic_fixture,False
CNT000706,TREK006,2024-11-12,07:00,10:40,3.67,Mallard,Anas platyrhynchos,ANAS_PLATY,4,SW,visible_migration,,True,synthetic_fixture,False
CNT000707,TREK006,2024-11-20,08:00,12:37,4.62,Barn Swallow,Hirundo rustica,HIRUNDO_RU,5,W,visible_migration,,True,synthetic_fixture,False
CNT000708,TREK006,2024-11-20,08:00,12:37,4.62,Greylag Goose,Anser anser,ANSER_ANSE,4,NW,visible_migration,windy,True,synthetic_fixture,False
CNT000709,TREK006,2024-11-20,08:00,12:37,4.62,Herring Gull,Larus argentatus,LARUS_ARGE,5,N,visible_migration,,True,synthetic_fixture,False
CNT000710,TREK006,2024-11-20,08:00,12:37,4.62,Great Cormorant,Phalacrocorax carbo,PHALACROCO,2,E,visible_migration,,True,synthetic_fixture,False
CNT000711,TREK006,2024-11-20,08:00,12:37,4.62,Common Kestrel,Falco tinnunculus,FALCO_TINN,4,SW,visible_migration,light rain,True,synthetic_fixture,False
CNT000712,TREK007,2023-01-08,06:00,08:31,2.52,Common Ringed Plover,Charadrius hiaticula,CHARADRIUS,1,NW,visible_migration,overcast,True,synthetic_fixture,False
CNT000713,TREK007,2023-01-10,05:00,07:30,2.51,Bald Eagle,Haliaeetus leucocephalus,HALIAEETUS,1,NW,visible_migration,light rain,True,synthetic_fixture,False
CNT000714,TREK007,2023-01-10,05:00,07:30,2.51,Barn Swallow,Hirundo rustica,HIRUNDO_RU,2,SE,visible_migration,,True,synthetic_fixture,False
CNT000715,TREK007,2023-01-10,05:00,07:30,2.51,Common Ringed Plover,Charadrius hiaticula,CHARADRIUS,3,SW,visible_migration,clear,False,synthetic_fixture,False
CNT000716,TREK007,2023-01-10,05:00,07:30,2.51,Canada Goose,Branta canadensis,BRANTA_CAN,4,W,visible_migration,clear,True,synthetic_fixture,False
CNT000717,TREK007,2023-01-10,05:00,07:30,2.51,Herring Gull,Larus argentatus,LARUS_ARGE,3,W,visible_migration,light rain,True,synthetic_fixture,False
CNT000718,TREK007,2023-01-30,09:00,12:15,3.26,Black-headed Gull,Chroicocephalus ridibundus,CHROICOCEP,6,N,visible_migration,light rain,True,synthetic_fixture,False
CNT000719,TREK007,2023-01-30,09:00,12:15,3.26,Common Ringed Plover,Charadrius hiaticula,CHARADRIUS,8,S,visible_migration,windy,True,synthetic_fixture,False
CNT000720,TREK007,2023-01-30,09:00,12:15,3.26,Mallard,Anas platyrhynchos,ANAS_PLATY,2,N,visible_migration,,True,synthetic_fixture,False
CNT000721,TREK007,2023-02-04,06:00,08:16,2.27,Common Kestrel,Falco tinnunculus,FALCO_TINN,3,W,visible_migration,light rain,True,synthetic_fixture,False
CNT000722,TREK007,2023-02-04,06:00,08:16,2.27,American Crow,Corvus brachyrhynchos,CORVUS_BRA,0,N,visible_migration,,True,synthetic_fixture,False
CNT000723,TREK007,2023-02-04,06:00,08:16,2.27,Great Cormorant,Phalacrocorax carbo,PHALACROCO,2,N,visible_migration,windy,True,synthetic_fixture,False
CNT000724,TREK007,2023-02-19,09:00,10:32,1.54,Canada Goose,Branta canadensis,BRANTA_CAN,2,NE,visible_migration,,True,synthetic_fixture,False
CNT000725,TREK007,2023-02-19,09:00,10:32,1.54,Bald Eagle,Haliaeetus leucocephalus,HALIAEETUS,5,NE,visible_migration,clear,True,synthetic_fixture,False
CNT000726,TREK007,2023-04-19,08:00,13:32,5.55,Common Ringed Plover,Charadrius hiaticula,CHARADRIUS,12,SW,visible_migration,overcast,True,synthetic_fixture,False
CNT000727,TREK007,2023-04-20,08:00,09:18,1.3,Great Blue Heron,Ardea herodias,ARDEA_HERO,7,E,visible_migration,windy,True,synthetic_fixture,False
CNT000728,TREK007,2023-04-20,08:00,09:18,1.3,Common Raven,Corvus corax,CORVUS_COR,8,SW,visible_migration,windy,True,synthetic_fixture,False
CNT000729,TREK007,2023-04-20,08:00,09:18,1.3,Grey Heron,Ardea cinerea,ARDEA_CINE,5,NW,visible_migration,,True,synthetic_fixture,False
CNT000730,TREK007,2023-04-20,08:00,09:18,1.3,Herring Gull,Larus argentatus,LARUS_ARGE,13,E,visible_migration,light rain,True,synthetic_fixture,False
CNT000731,TREK007,2023-05-11,05:00,10:47,5.79,Great Black-backed Gull,Larus marinus,LARUS_MARI,9,E,visible_migration,overcast,True,synthetic_fixture,False
CNT000732,TREK007,2023-05-11,05:00,10:47,5.79,Bald Eagle,Haliaeetus leucocephalus,HALIAEETUS,5,E,visible_migration,clear,True,synthetic_fixture,False
CNT000733,TREK007,2023-05-11,05:00,10:47,5.79,Common Raven,Corvus corax,CORVUS_COR,10,SE,visible_migration,clear,True,synthetic_fixture,False
CNT000734,TREK007,2023-05-15,09:00,12:16,3.28,Great Black-backed Gull,Larus marinus,LARUS_MARI,7,E,visible_migration,light rain,True,synthetic_fixture,False
CNT000735,TREK007,2023-05-26,07:00,10:39,3.66,Grey Heron,Ardea cinerea,ARDEA_CINE,3,S,visible_migration,clear,True,synthetic_fixture,False
CNT000736,TREK007,2023-05-30,08:00,13:12,5.2,Great Blue Heron,Ardea herodias,ARDEA_HERO,3,E,visible_migration,light rain,True,synthetic_fixture,False
CNT000737,TREK007,2023-05-30,08:00,13:12,5.2,Great Cormorant,Phalacrocorax carbo,PHALACROCO,1,NE,visible_migration,windy,True,synthetic_fixture,False
CNT000738,TREK007,2023-05-30,08:00,13:12,5.2,Common Buzzard,Buteo buteo,BUTEO_BUTE,6,NW,visible_migration,light rain,True,synthetic_fixture,False
CNT000739,TREK007,2023-05-30,08:00,13:12,5.2,Common Starling,Sturnus vulgaris,STURNUS_VU,3,W,visible_migration,clear,True,synthetic_fixture,False
CNT000740,TREK007,2023-05-31,06:00,10:02,4.05,Greylag Goose,Anser anser,ANSER_ANSE,2,S,visible_migration,light rain,True,synthetic_fixture,False
CNT000741,TREK007,2023-06-20,06:00,11:32,5.55,Common Kestrel,Falco tinnunculus,FALCO_TINN,3,E,visible_migration,light rain,True,synthetic_fixture,False
CNT000742,TREK007,2023-06-20,06:00,11:32,5.55,Greylag Goose,Anser anser,ANSER_ANSE,6,N,visible_migration,overcast,True,synthetic_fixture,False
CNT000743,TREK007,2023-06-20,06:00,11:32,5.55,Common Starling,Sturnus vulgaris,STURNUS_VU,4,N,visible_migration,light rain,True,synthetic_fixture,False
CNT000744,TREK007,2023-07-02,07:00,09:53,2.9,Great Blue Heron,Ardea herodias,ARDEA_HERO,5,SW,visible_migration,windy,True,synthetic_fixture,False
CNT000745,TREK007,2023-07-02,07:00,09:53,2.9,Grey Heron,Ardea cinerea,ARDEA_CINE,4,E,visible_migration,clear,True,synthetic_fixture,False
CNT000746,TREK007,2023-07-02,07:00,09:53,2.9,Greylag Goose,Anser anser,ANSER_ANSE,4,S,visible_migration,overcast,True,synthetic_fixture,False
CNT000747,TREK007,2023-07-02,07:00,09:53,2.9,Common Buzzard,Buteo buteo,BUTEO_BUTE,4,W,visible_migration,clear,True,synthetic_fixture,False
CNT000748,TREK007,2023-07-13,06:00,09:30,3.51,Mute Swan,Cygnus olor,CYGNUS_OLO,1,N,visible_migration,,True,synthetic_fixture,False
CNT000749,TREK007,2023-07-13,06:00,09:30,3.51,Common Starling,Sturnus vulgaris,STURNUS_VU,2,W,visible_migration,light rain,True,synthetic_fixture,False
CNT000750,TREK007,2023-08-27,08:00,13:18,5.31,Common Raven,Corvus corax,CORVUS_COR,7,S,visible_migration,overcast,True,synthetic_fixture,False
CNT000751,TREK007,2023-10-01,08:00,13:28,5.48,Eurasian Sparrowhawk,Accipiter nisus,ACCIPITER_,13,S,visible_migration,overcast,True,synthetic_fixture,False
CNT000752,TREK007,2023-10-01,08:00,13:28,5.48,Mallard,Anas platyrhynchos,ANAS_PLATY,14,E,visible_migration,clear,True,synthetic_fixture,False
CNT000753,TREK007,2023-10-01,08:00,13:28,5.48,Grey Heron,Ardea cinerea,ARDEA_CINE,9,S,visible_migration,overcast,True,synthetic_fixture,False
CNT000754,TREK007,2023-10-01,08:00,13:28,5.48,Rock Pigeon,Columba livia,COLUMBA_LI,9,E,visible_migration,clear,True,synthetic_fixture,False
CNT000755,TREK007,2023-12-09,07:00,09:46,2.77,Bald Eagle,Haliaeetus leucocephalus,HALIAEETUS,4,SW,visible_migration,clear,True,synthetic_fixture,False
CNT000756,TREK007,2023-12-09,07:00,09:46,2.77,American Crow,Corvus brachyrhynchos,CORVUS_BRA,0,NE,visible_migration,,True,synthetic_fixture,False
CNT000757,TREK007,2023-12-09,07:00,09:46,2.77,Great Black-backed Gull,Larus marinus,LARUS_MARI,1,E,visible_migration,,True,synthetic_fixture,False
CNT000758,TREK007,2024-01-25,08:00,13:00,5.01,Barn Swallow,Hirundo rustica,HIRUNDO_RU,4,W,visible_migration,overcast,True,synthetic_fixture,False
CNT000759,TREK007,2024-01-25,08:00,13:00,5.01,Common Starling,Sturnus vulgaris,STURNUS_VU,2,W,visible_migration,windy,True,synthetic_fixture,False
CNT000760,TREK007,2024-01-25,08:00,13:00,5.01,Rock Pigeon,Columba livia,COLUMBA_LI,3,N,visible_migration,light rain,True,synthetic_fixture,False
CNT000761,TREK007,2024-01-25,08:00,13:00,5.01,Great Cormorant,Phalacrocorax carbo,PHALACROCO,8,W,visible_migration,,True,synthetic_fixture,False
CNT000762,TREK007,2024-02-25,05:00,07:23,2.4,Common Raven,Corvus corax,CORVUS_COR,4,SE,visible_migration,clear,True,synthetic_fixture,False
CNT000763,TREK007,2024-02-25,05:00,07:23,2.4,Great Blue Heron,Ardea herodias,ARDEA_HERO,8,E,visible_migration,,True,synthetic_fixture,False
CNT000764,TREK007,2024-02-25,05:00,07:23,2.4,Rock Pigeon,Columba livia,COLUMBA_LI,11,E,visible_migration,,True,synthetic_fixture,False
CNT000765,TREK007,2024-02-25,05:00,07:23,2.4,Grey Heron,Ardea cinerea,ARDEA_CINE,6,SW,visible_migration,windy,True,synthetic_fixture,False
CNT000766,TREK007,2024-02-27,07:00,08:28,1.48,Eurasian Sparrowhawk,Accipiter nisus,ACCIPITER_,5,SW,visible_migration,,True,synthetic_fixture,False
CNT000767,TREK007,2024-02-27,07:00,08:28,1.48,Herring Gull,Larus argentatus,LARUS_ARGE,9,N,visible_migration,clear,True,synthetic_fixture,False
CNT000768,TREK007,2024-02-27,07:00,08:28,1.48,American Robin,Turdus migratorius,TURDUS_MIG,7,NW,visible_migration,,True,synthetic_fixture,False
CNT000769,TREK007,2024-02-27,07:00,08:28,1.48,Mute Swan,Cygnus olor,CYGNUS_OLO,7,E,visible_migration,clear,True,synthetic_fixture,False
CNT000770,TREK007,2024-02-27,07:00,08:28,1.48,Bald Eagle,Haliaeetus leucocephalus,HALIAEETUS,2,SE,visible_migration,windy,True,synthetic_fixture,False
CNT000771,TREK007,2024-03-04,09:00,11:54,2.91,Common Kestrel,Falco tinnunculus,FALCO_TINN,5,NW,visible_migration,windy,True,synthetic_fixture,False
CNT000772,TREK007,2024-03-04,09:00,11:54,2.91,Canada Goose,Branta canadensis,BRANTA_CAN,0,S,visible_migration,windy,True,synthetic_fixture,False
CNT000773,TREK007,2024-03-04,09:00,11:54,2.91,Rock Pigeon,Columba livia,COLUMBA_LI,3,NE,visible_migration,,True,synthetic_fixture,False
CNT000774,TREK007,2024-03-04,09:00,11:54,2.91,Common Ringed Plover,Charadrius hiaticula,CHARADRIUS,7,SW,visible_migration,overcast,True,synthetic_fixture,False
CNT000775,TREK007,2024-03-04,09:00,11:54,2.91,Eurasian Sparrowhawk,Accipiter nisus,ACCIPITER_,5,E,visible_migration,clear,True,synthetic_fixture,False
CNT000776,TREK007,2024-03-05,06:00,07:42,1.7,Great Black-backed Gull,Larus marinus,LARUS_MARI,8,S,visible_migration,overcast,True,synthetic_fixture,False
CNT000777,TREK007,2024-03-05,06:00,07:42,1.7,Common Buzzard,Buteo buteo,BUTEO_BUTE,9,NW,visible_migration,windy,True,synthetic_fixture,False
CNT000778,TREK007,2024-03-05,06:00,07:42,1.7,Common Kestrel,Falco tinnunculus,FALCO_TINN,8,N,visible_migration,overcast,True,synthetic_fixture,False
CNT000779,TREK007,2024-03-05,06:00,07:42,1.7,Eurasian Sparrowhawk,Accipiter nisus,ACCIPITER_,2,W,visible_migration,overcast,True,synthetic_fixture,False
CNT000780,TREK007,2024-03-05,06:00,07:42,1.7,Mute Swan,Cygnus olor,CYGNUS_OLO,3,NW,visible_migration,windy,True,synthetic_fixture,False
CNT000781,TREK007,2024-04-09,05:00,06:44,1.74,Barn Swallow,Hirundo rustica,HIRUNDO_RU,14,S,visible_migration,windy,True,synthetic_fixture,False
CNT000782,TREK007,2024-04-09,05:00,06:44,1.74,Common Ringed Plover,Charadrius hiaticula,CHARADRIUS,11,W,visible_migration,,True,synthetic_fixture,False
CNT000783,TREK007,2024-04-20,06:00,09:00,3.0,Great Black-backed Gull,Larus marinus,LARUS_MARI,11,SE,visible_migration,overcast,True,synthetic_fixture,False
CNT000784,TREK007,2024-04-20,06:00,09:00,3.0,Rock Pigeon,Columba livia,COLUMBA_LI,13,NW,visible_migration,light rain,True,synthetic_fixture,False
CNT000785,TREK007,2024-04-20,06:00,09:00,3.0,Canada Goose,Branta canadensis,BRANTA_CAN,13,SE,visible_migration,overcast,True,synthetic_fixture,False
CNT000786,TREK007,2024-04-20,06:00,09:00,3.0,Grey Heron,Ardea cinerea,ARDEA_CINE,7,E,visible_migration,windy,True,synthetic_fixture,False
CNT000787,TREK007,2024-05-06,07:00,12:15,5.26,Great Blue Heron,Ardea herodias,ARDEA_HERO,14,SW,visible_migration,overcast,True,synthetic_fixture,False
CNT000788,TREK007,2024-05-11,07:00,11:59,4.99,Rock Pigeon,Columba livia,COLUMBA_LI,4,NE,visible_migration,light rain,True,synthetic_fixture,False
CNT000789,TREK007,2024-06-18,05:00,09:15,4.25,Mallard,Anas platyrhynchos,ANAS_PLATY,3,NW,visible_migration,overcast,True,synthetic_fixture,False
CNT000790,TREK007,2024-06-18,05:00,09:15,4.25,Canada Goose,Branta canadensis,BRANTA_CAN,1,SW,visible_migration,,True,synthetic_fixture,False
CNT000791,TREK007,2024-06-18,05:00,09:15,4.25,Common Raven,Corvus corax,CORVUS_COR,3,E,visible_migration,windy,True,synthetic_fixture,False
CNT000792,TREK007,2024-06-18,05:00,09:15,4.25,Black-headed Gull,Chroicocephalus ridibundus,CHROICOCEP,6,S,visible_migration,overcast,False,synthetic_fixture,False
CNT000793,TREK007,2024-07-03,06:00,11:54,5.91,American Robin,Turdus migratorius,TURDUS_MIG,6,NW,visible_migration,windy,True,synthetic_fixture,False
CNT000794,TREK007,2024-07-03,06:00,11:54,5.91,Grey Heron,Ardea cinerea,ARDEA_CINE,2,SE,visible_migration,clear,True,synthetic_fixture,False
CNT000795,TREK007,2024-07-03,06:00,11:54,5.91,Common Buzzard,Buteo buteo,BUTEO_BUTE,2,SW,visible_migration,clear,True,synthetic_fixture,False
CNT000796,TREK007,2024-07-03,06:00,11:54,5.91,Great Blue Heron,Ardea herodias,ARDEA_HERO,3,W,visible_migration,clear,True,synthetic_fixture,False
CNT000797,TREK007,2024-07-03,06:00,11:54,5.91,Bald Eagle,Haliaeetus leucocephalus,HALIAEETUS,5,NW,visible_migration,light rain,True,synthetic_fixture,False
CNT000798,TREK007,2024-07-06,07:00,12:05,5.1,Common Kestrel,Falco tinnunculus,FALCO_TINN,6,NE,visible_migration,windy,True,synthetic_fixture,False
CNT000799,TREK007,2024-07-06,07:00,12:05,5.1,Common Ringed Plover,Charadrius hiaticula,CHARADRIUS,2,N,visible_migration,windy,True,synthetic_fixture,False
CNT000800,TREK007,2024-07-06,07:00,12:05,5.1,American Crow,Corvus brachyrhynchos,CORVUS_BRA,1,NW,visible_migration,windy,True,synthetic_fixture,False
CNT000801,TREK007,2024-07-06,07:00,12:05,5.1,Canada Goose,Branta canadensis,BRANTA_CAN,6,S,visible_migration,,True,synthetic_fixture,False
CNT000802,TREK007,2024-07-09,06:00,10:46,4.78,Common Kestrel,Falco tinnunculus,FALCO_TINN,4,SW,visible_migration,clear,True,synthetic_fixture,False
CNT000803,TREK007,2024-07-18,05:00,10:34,5.57,American Crow,Corvus brachyrhynchos,CORVUS_BRA,2,E,visible_migration,light rain,True,synthetic_fixture,False
CNT000804,TREK007,2024-07-18,05:00,10:34,5.57,Black-headed Gull,Chroicocephalus ridibundus,CHROICOCEP,3,SW,visible_migration,overcast,True,synthetic_fixture,False
CNT000805,TREK007,2024-07-18,05:00,10:34,5.57,Great Black-backed Gull,Larus marinus,LARUS_MARI,4,SE,visible_migration,,True,synthetic_fixture,False
CNT000806,TREK007,2024-07-18,05:00,10:34,5.57,Mallard,Anas platyrhynchos,ANAS_PLATY,3,W,visible_migration,windy,True,synthetic_fixture,False
CNT000807,TREK007,2024-07-18,05:00,10:34,5.57,American Robin,Turdus migratorius,TURDUS_MIG,4,S,visible_migration,overcast,False,synthetic_fixture,False
CNT000808,TREK007,2024-07-23,05:00,07:57,2.96,Great Cormorant,Phalacrocorax carbo,PHALACROCO,2,N,visible_migration,,True,synthetic_fixture,False
CNT000809,TREK007,2024-07-23,05:00,07:57,2.96,Common Buzzard,Buteo buteo,BUTEO_BUTE,5,SW,visible_migration,,True,synthetic_fixture,False
CNT000810,TREK007,2024-07-23,05:00,07:57,2.96,American Crow,Corvus brachyrhynchos,CORVUS_BRA,2,E,visible_migration,overcast,True,synthetic_fixture,False
CNT000811,TREK007,2024-07-23,05:00,07:57,2.96,Bald Eagle,Haliaeetus leucocephalus,HALIAEETUS,3,N,visible_migration,clear,True,synthetic_fixture,False
CNT000812,TREK007,2024-07-23,05:00,07:57,2.96,Common Raven,Corvus corax,CORVUS_COR,5,N,visible_migration,overcast,True,synthetic_fixture,False
CNT000813,TREK007,2024-07-28,07:00,11:50,4.85,American Robin,Turdus migratorius,TURDUS_MIG,1,NE,visible_migration,,True,synthetic_fixture,False
CNT000814,TREK007,2024-07-28,07:00,11:50,4.85,Great Cormorant,Phalacrocorax carbo,PHALACROCO,6,W,visible_migration,clear,True,synthetic_fixture,False
CNT000815,TREK007,2024-07-28,07:00,11:50,4.85,Common Buzzard,Buteo buteo,BUTEO_BUTE,3,N,visible_migration,windy,True,synthetic_fixture,False
CNT000816,TREK007,2024-10-02,09:00,10:36,1.6,Common Raven,Corvus corax,CORVUS_COR,7,SE,visible_migration,overcast,True,synthetic_fixture,False
CNT000817,TREK007,2024-10-02,09:00,10:36,1.6,Common Kestrel,Falco tinnunculus,FALCO_TINN,17,SW,visible_migration,overcast,True,synthetic_fixture,False
CNT000818,TREK007,2024-10-10,05:00,08:41,3.69,Common Ringed Plover,Charadrius hiaticula,CHARADRIUS,11,S,visible_migration,light rain,True,synthetic_fixture,False
CNT000819,TREK007,2024-10-10,05:00,08:41,3.69,Black-headed Gull,Chroicocephalus ridibundus,CHROICOCEP,13,NE,visible_migration,clear,True,synthetic_fixture,False
CNT000820,TREK007,2024-10-10,05:00,08:41,3.69,Herring Gull,Larus argentatus,LARUS_ARGE,14,S,visible_migration,clear,True,synthetic_fixture,False
CNT000821,TREK007,2024-10-10,05:00,08:41,3.69,Mute Swan,Cygnus olor,CYGNUS_OLO,5,NW,visible_migration,light rain,True,synthetic_fixture,False
CNT000822,TREK007,2024-10-18,05:00,08:28,3.48,Common Raven,Corvus corax,CORVUS_COR,9,SE,visible_migration,light rain,True,synthetic_fixture,False
CNT000823,TREK007,2024-10-23,07:00,09:07,2.12,Rock Pigeon,Columba livia,COLUMBA_LI,7,NW,visible_migration,overcast,True,synthetic_fixture,False
CNT000824,TREK007,2024-10-23,07:00,09:07,2.12,Common Kestrel,Falco tinnunculus,FALCO_TINN,11,SE,visible_migration,light rain,True,synthetic_fixture,False
CNT000825,TREK007,2024-10-29,09:00,10:01,1.02,Rock Pigeon,Columba livia,COLUMBA_LI,7,E,visible_migration,light rain,True,synthetic_fixture,False
CNT000826,TREK007,2024-10-29,09:00,10:01,1.02,Canada Goose,Branta canadensis,BRANTA_CAN,7,SE,visible_migration,clear,False,synthetic_fixture,False
CNT000827,TREK007,2024-10-29,09:00,10:01,1.02,Mute Swan,Cygnus olor,CYGNUS_OLO,9,N,visible_migration,light rain,True,synthetic_fixture,False
CNT000828,TREK007,2024-10-29,09:00,10:01,1.02,Common Ringed Plover,Charadrius hiaticula,CHARADRIUS,10,SW,visible_migration,windy,True,synthetic_fixture,False
CNT000829,TREK007,2024-11-01,08:00,13:20,5.35,Common Kestrel,Falco tinnunculus,FALCO_TINN,3,N,visible_migration,overcast,True,synthetic_fixture,False
CNT000830,TREK007,2024-11-01,08:00,13:20,5.35,Rock Pigeon,Columba livia,COLUMBA_LI,5,NE,visible_migration,overcast,False,synthetic_fixture,False
CNT000831,TREK007,2024-11-01,08:00,13:20,5.35,Great Cormorant,Phalacrocorax carbo,PHALACROCO,7,SE,visible_migration,overcast,True,synthetic_fixture,False
CNT000832,TREK007,2024-11-19,08:00,11:45,3.75,Greylag Goose,Anser anser,ANSER_ANSE,6,S,visible_migration,overcast,True,synthetic_fixture,False
CNT000833,TREK007,2024-11-19,08:00,11:45,3.75,Rock Pigeon,Columba livia,COLUMBA_LI,4,N,visible_migration,overcast,True,synthetic_fixture,False
CNT000834,TREK007,2024-11-19,08:00,11:45,3.75,Bald Eagle,Haliaeetus leucocephalus,HALIAEETUS,3,N,visible_migration,windy,True,synthetic_fixture,False
CNT000835,TREK007,2024-11-19,08:00,11:45,3.75,Great Black-backed Gull,Larus marinus,LARUS_MARI,2,NW,visible_migration,,True,synthetic_fixture,False
CNT000836,TREK007,2024-11-19,08:00,11:45,3.75,Common Kestrel,Falco tinnunculus,FALCO_TINN,1,W,visible_migration,overcast,True,synthetic_fixture,False
CNT000837,TREK008,2023-01-16,09:00,12:33,3.56,Barn Swallow,Hirundo rustica,HIRUNDO_RU,2,W,visible_migration,,True,synthetic_fixture,False
CNT000838,TREK008,2023-01-16,09:00,12:33,3.56,Common Kestrel,Falco tinnunculus,FALCO_TINN,5,S,visible_migration,windy,True,synthetic_fixture,False
CNT000839,TREK008,2023-01-16,09:00,12:33,3.56,Bald Eagle,Haliaeetus leucocephalus,HALIAEETUS,3,SW,visible_migration,clear,True,synthetic_fixture,False
CNT000840,TREK008,2023-01-19,06:00,11:44,5.74,Great Blue Heron,Ardea herodias,ARDEA_HERO,1,NW,visible_migration,light rain,True,synthetic_fixture,False
CNT000841,TREK008,2023-01-27,07:00,12:25,5.43,Black-headed Gull,Chroicocephalus ridibundus,CHROICOCEP,3,SW,visible_migration,,True,synthetic_fixture,False
CNT000842,TREK008,2023-01-27,07:00,12:25,5.43,American Crow,Corvus brachyrhynchos,CORVUS_BRA,3,E,visible_migration,overcast,True,synthetic_fixture,False
CNT000843,TREK008,2023-01-27,07:00,12:25,5.43,Mallard,Anas platyrhynchos,ANAS_PLATY,4,SE,visible_migration,overcast,True,synthetic_fixture,False
CNT000844,TREK008,2023-01-27,07:00,12:25,5.43,Bald Eagle,Haliaeetus leucocephalus,HALIAEETUS,4,NE,visible_migration,,True,synthetic_fixture,False
CNT000845,TREK008,2023-01-29,08:00,09:43,1.73,Bald Eagle,Haliaeetus leucocephalus,HALIAEETUS,4,S,visible_migration,clear,True,synthetic_fixture,False
CNT000846,TREK008,2023-01-29,08:00,09:43,1.73,Common Raven,Corvus corax,CORVUS_COR,7,S,visible_migration,windy,True,synthetic_fixture,False
CNT000847,TREK008,2023-01-29,08:00,09:43,1.73,Rock Pigeon,Columba livia,COLUMBA_LI,3,W,visible_migration,clear,True,synthetic_fixture,False
CNT000848,TREK008,2023-01-29,08:00,09:43,1.73,Eurasian Sparrowhawk,Accipiter nisus,ACCIPITER_,2,SE,visible_migration,overcast,True,synthetic_fixture,False
CNT000849,TREK008,2023-01-29,08:00,09:43,1.73,Common Kestrel,Falco tinnunculus,FALCO_TINN,2,E,visible_migration,clear,True,synthetic_fixture,False
CNT000850,TREK008,2023-03-16,07:00,11:12,4.21,Common Kestrel,Falco tinnunculus,FALCO_TINN,9,W,visible_migration,clear,True,synthetic_fixture,False
CNT000851,TREK008,2023-04-17,06:00,10:50,4.85,Common Kestrel,Falco tinnunculus,FALCO_TINN,16,SE,visible_migration,,True,synthetic_fixture,False
CNT000852,TREK008,2023-04-17,06:00,10:50,4.85,Mute Swan,Cygnus olor,CYGNUS_OLO,13,N,visible_migration,windy,True,synthetic_fixture,False
CNT000853,TREK008,2023-04-17,06:00,10:50,4.85,Common Buzzard,Buteo buteo,BUTEO_BUTE,10,SW,visible_migration,clear,True,synthetic_fixture,False
CNT000854,TREK008,2023-04-17,06:00,10:50,4.85,American Robin,Turdus migratorius,TURDUS_MIG,14,W,visible_migration,overcast,True,synthetic_fixture,False
CNT000855,TREK008,2023-04-17,06:00,10:50,4.85,Great Blue Heron,Ardea herodias,ARDEA_HERO,12,N,visible_migration,light rain,True,synthetic_fixture,False
CNT000856,TREK008,2023-04-28,09:00,13:55,4.93,Canada Goose,Branta canadensis,BRANTA_CAN,10,W,visible_migration,overcast,True,synthetic_fixture,False
CNT000857,TREK008,2023-04-28,09:00,13:55,4.93,Barn Swallow,Hirundo rustica,HIRUNDO_RU,6,NW,visible_migration,windy,True,synthetic_fixture,False
CNT000858,TREK008,2023-04-28,09:00,13:55,4.93,Bald Eagle,Haliaeetus leucocephalus,HALIAEETUS,9,NE,visible_migration,overcast,True,synthetic_fixture,False
CNT000859,TREK008,2023-04-28,09:00,13:55,4.93,Rock Pigeon,Columba livia,COLUMBA_LI,13,NW,visible_migration,,True,synthetic_fixture,False
CNT000860,TREK008,2023-06-09,05:00,06:58,1.98,Grey Heron,Ardea cinerea,ARDEA_CINE,4,E,visible_migration,overcast,False,synthetic_fixture,False
CNT000861,TREK008,2023-06-09,05:00,06:58,1.98,Common Starling,Sturnus vulgaris,STURNUS_VU,3,NW,visible_migration,,True,synthetic_fixture,False
CNT000862,TREK008,2023-08-07,07:00,10:46,3.77,Great Cormorant,Phalacrocorax carbo,PHALACROCO,4,S,visible_migration,,True,synthetic_fixture,False
CNT000863,TREK008,2023-08-07,07:00,10:46,3.77,Common Buzzard,Buteo buteo,BUTEO_BUTE,5,E,visible_migration,clear,True,synthetic_fixture,False
CNT000864,TREK008,2023-08-24,06:00,08:41,2.69,Common Raven,Corvus corax,CORVUS_COR,4,E,visible_migration,clear,True,synthetic_fixture,False
CNT000865,TREK008,2023-08-24,06:00,08:41,2.69,Herring Gull,Larus argentatus,LARUS_ARGE,8,E,visible_migration,overcast,True,synthetic_fixture,False
CNT000866,TREK008,2023-08-24,06:00,08:41,2.69,Great Black-backed Gull,Larus marinus,LARUS_MARI,5,NE,visible_migration,clear,True,synthetic_fixture,False
CNT000867,TREK008,2023-08-24,06:00,08:41,2.69,Barn Swallow,Hirundo rustica,HIRUNDO_RU,3,SW,visible_migration,,False,synthetic_fixture,False
CNT000868,TREK008,2023-09-28,05:00,07:18,2.31,Rock Pigeon,Columba livia,COLUMBA_LI,9,N,visible_migration,overcast,True,synthetic_fixture,False
CNT000869,TREK008,2023-09-28,05:00,07:18,2.31,Common Kestrel,Falco tinnunculus,FALCO_TINN,5,W,visible_migration,overcast,True,synthetic_fixture,False
CNT000870,TREK008,2023-09-28,05:00,07:18,2.31,Mallard,Anas platyrhynchos,ANAS_PLATY,14,N,visible_migration,light rain,True,synthetic_fixture,False
CNT000871,TREK008,2023-09-28,05:00,07:18,2.31,Bald Eagle,Haliaeetus leucocephalus,HALIAEETUS,7,NW,visible_migration,overcast,True,synthetic_fixture,False
CNT000872,TREK008,2023-09-28,05:00,07:18,2.31,Greylag Goose,Anser anser,ANSER_ANSE,13,W,visible_migration,,True,synthetic_fixture,False
CNT000873,TREK008,2023-10-03,06:00,10:07,4.12,Rock Pigeon,Columba livia,COLUMBA_LI,20,SW,visible_migration,overcast,True,synthetic_fixture,False
CNT000874,TREK008,2023-10-03,06:00,10:07,4.12,Common Raven,Corvus corax,CORVUS_COR,12,S,visible_migration,,True,synthetic_fixture,False
CNT000875,TREK008,2023-10-22,09:00,12:02,3.05,Common Starling,Sturnus vulgaris,STURNUS_VU,10,SW,visible_migration,light rain,False,synthetic_fixture,False
CNT000876,TREK008,2023-10-22,09:00,12:02,3.05,Barn Swallow,Hirundo rustica,HIRUNDO_RU,7,W,visible_migration,overcast,True,synthetic_fixture,False
CNT000877,TREK008,2023-10-22,09:00,12:02,3.05,Common Ringed Plover,Charadrius hiaticula,CHARADRIUS,10,NW,visible_migration,windy,True,synthetic_fixture,False
CNT000878,TREK008,2023-10-23,06:00,07:17,1.29,Great Cormorant,Phalacrocorax carbo,PHALACROCO,9,N,visible_migration,overcast,True,synthetic_fixture,False
CNT000879,TREK008,2023-10-23,06:00,07:17,1.29,Barn Swallow,Hirundo rustica,HIRUNDO_RU,8,N,visible_migration,windy,True,synthetic_fixture,False
CNT000880,TREK008,2023-10-23,06:00,07:17,1.29,Bald Eagle,Haliaeetus leucocephalus,HALIAEETUS,12,SE,visible_migration,clear,True,synthetic_fixture,False
CNT000881,TREK008,2023-10-23,06:00,07:17,1.29,Common Buzzard,Buteo buteo,BUTEO_BUTE,8,E,visible_migration,light rain,True,synthetic_fixture,False
CNT000882,TREK008,2023-10-23,06:00,07:17,1.29,Common Raven,Corvus corax,CORVUS_COR,6,S,visible_migration,light rain,True,synthetic_fixture,False
CNT000883,TREK008,2023-10-27,06:00,10:32,4.55,Black-headed Gull,Chroicocephalus ridibundus,CHROICOCEP,9,N,visible_migration,light rain,True,synthetic_fixture,False
CNT000884,TREK008,2023-10-27,06:00,10:32,4.55,Grey Heron,Ardea cinerea,ARDEA_CINE,2,SW,visible_migration,,True,synthetic_fixture,False
CNT000885,TREK008,2023-11-17,05:00,06:25,1.42,Common Starling,Sturnus vulgaris,STURNUS_VU,8,SE,visible_migration,overcast,True,synthetic_fixture,False
CNT000886,TREK008,2023-11-17,05:00,06:25,1.42,Great Blue Heron,Ardea herodias,ARDEA_HERO,8,W,visible_migration,clear,True,synthetic_fixture,False
CNT000887,TREK008,2023-11-17,05:00,06:25,1.42,Herring Gull,Larus argentatus,LARUS_ARGE,3,S,visible_migration,,True,synthetic_fixture,False
CNT000888,TREK008,2024-01-11,05:00,08:07,3.12,Great Blue Heron,Ardea herodias,ARDEA_HERO,4,W,visible_migration,overcast,True,synthetic_fixture,False
CNT000889,TREK008,2024-01-16,08:00,10:02,2.05,Great Cormorant,Phalacrocorax carbo,PHALACROCO,3,W,visible_migration,clear,True,synthetic_fixture,False
CNT000890,TREK008,2024-01-16,08:00,10:02,2.05,American Robin,Turdus migratorius,TURDUS_MIG,2,E,visible_migration,clear,True,synthetic_fixture,False
CNT000891,TREK008,2024-01-16,08:00,10:02,2.05,Great Blue Heron,Ardea herodias,ARDEA_HERO,3,W,visible_migration,windy,True,synthetic_fixture,False
CNT000892,TREK008,2024-01-16,08:00,10:02,2.05,Greylag Goose,Anser anser,ANSER_ANSE,2,NE,visible_migration,windy,True,synthetic_fixture,False
CNT000893,TREK008,2024-01-16,08:00,10:02,2.05,Great Black-backed Gull,Larus marinus,LARUS_MARI,3,E,visible_migration,,True,synthetic_fixture,False
CNT000894,TREK008,2024-02-09,09:00,10:37,1.63,Common Ringed Plover,Charadrius hiaticula,CHARADRIUS,4,NW,visible_migration,,True,synthetic_fixture,False
CNT000895,TREK008,2024-02-09,09:00,10:37,1.63,Great Blue Heron,Ardea herodias,ARDEA_HERO,8,N,visible_migration,light rain,True,synthetic_fixture,False
CNT000896,TREK008,2024-02-09,09:00,10:37,1.63,Common Starling,Sturnus vulgaris,STURNUS_VU,2,NE,visible_migration,overcast,True,synthetic_fixture,False
CNT000897,TREK008,2024-02-09,09:00,10:37,1.63,Herring Gull,Larus argentatus,LARUS_ARGE,4,NW,visible_migration,overcast,True,synthetic_fixture,False
CNT000898,TREK008,2024-02-21,09:00,12:33,3.56,Herring Gull,Larus argentatus,LARUS_ARGE,7,S,visible_migration,windy,True,synthetic_fixture,False
CNT000899,TREK008,2024-03-13,06:00,08:09,2.16,Rock Pigeon,Columba livia,COLUMBA_LI,11,NE,visible_migration,light rain,True,synthetic_fixture,False
CNT000900,TREK008,2024-03-13,06:00,08:09,2.16,Herring Gull,Larus argentatus,LARUS_ARGE,7,SW,visible_migration,light rain,True,synthetic_fixture,False
CNT000901,TREK008,2024-03-14,07:00,11:20,4.34,Common Raven,Corvus corax,CORVUS_COR,5,S,visible_migration,,True,synthetic_fixture,False
CNT000902,TREK008,2024-03-14,07:00,11:20,4.34,Common Starling,Sturnus vulgaris,STURNUS_VU,11,E,visible_migration,windy,True,synthetic_fixture,False
CNT000903,TREK008,2024-03-14,07:00,11:20,4.34,Canada Goose,Branta canadensis,BRANTA_CAN,9,W,visible_migration,clear,True,synthetic_fixture,False
CNT000904,TREK008,2024-03-14,07:00,11:20,4.34,Mallard,Anas platyrhynchos,ANAS_PLATY,10,NW,visible_migration,clear,True,synthetic_fixture,False
CNT000905,TREK008,2024-03-14,07:00,11:20,4.34,Great Cormorant,Phalacrocorax carbo,PHALACROCO,5,NW,visible_migration,clear,True,synthetic_fixture,False
CNT000906,TREK008,2024-03-25,05:00,06:41,1.69,American Crow,Corvus brachyrhynchos,CORVUS_BRA,8,N,visible_migration,light rain,True,synthetic_fixture,False
CNT000907,TREK008,2024-03-25,05:00,06:41,1.69,Common Raven,Corvus corax,CORVUS_COR,17,S,visible_migration,,True,synthetic_fixture,False
CNT000908,TREK008,2024-03-25,05:00,06:41,1.69,Bald Eagle,Haliaeetus leucocephalus,HALIAEETUS,7,W,visible_migration,overcast,True,synthetic_fixture,False
CNT000909,TREK008,2024-03-25,05:00,06:41,1.69,Grey Heron,Ardea cinerea,ARDEA_CINE,13,SW,visible_migration,overcast,True,synthetic_fixture,False
CNT000910,TREK008,2024-03-25,05:00,06:41,1.69,Greylag Goose,Anser anser,ANSER_ANSE,9,N,visible_migration,light rain,True,synthetic_fixture,False
CNT000911,TREK008,2024-03-27,05:00,06:31,1.53,Common Ringed Plover,Charadrius hiaticula,CHARADRIUS,9,NW,visible_migration,,True,synthetic_fixture,False
CNT000912,TREK008,2024-03-27,05:00,06:31,1.53,Grey Heron,Ardea cinerea,ARDEA_CINE,10,SW,visible_migration,light rain,True,synthetic_fixture,False
CNT000913,TREK008,2024-03-27,05:00,06:31,1.53,Mute Swan,Cygnus olor,CYGNUS_OLO,13,SW,visible_migration,,True,synthetic_fixture,False
CNT000914,TREK008,2024-03-31,05:00,09:31,4.52,Common Kestrel,Falco tinnunculus,FALCO_TINN,8,W,visible_migration,windy,True,synthetic_fixture,False
CNT000915,TREK008,2024-04-30,07:00,11:20,4.34,Common Buzzard,Buteo buteo,BUTEO_BUTE,8,E,visible_migration,clear,True,synthetic_fixture,False
CNT000916,TREK008,2024-04-30,07:00,11:20,4.34,Great Blue Heron,Ardea herodias,ARDEA_HERO,11,S,visible_migration,overcast,True,synthetic_fixture,False
CNT000917,TREK008,2024-04-30,07:00,11:20,4.34,Mallard,Anas platyrhynchos,ANAS_PLATY,10,SW,visible_migration,clear,True,synthetic_fixture,False
CNT000918,TREK008,2024-04-30,07:00,11:20,4.34,Common Ringed Plover,Charadrius hiaticula,CHARADRIUS,12,N,visible_migration,light rain,True,synthetic_fixture,False
CNT000919,TREK008,2024-05-13,06:00,11:54,5.91,Common Buzzard,Buteo buteo,BUTEO_BUTE,9,NE,visible_migration,light rain,True,synthetic_fixture,False
CNT000920,TREK008,2024-05-13,06:00,11:54,5.91,American Crow,Corvus brachyrhynchos,CORVUS_BRA,8,E,visible_migration,light rain,True,synthetic_fixture,False
CNT000921,TREK008,2024-05-13,06:00,11:54,5.91,Bald Eagle,Haliaeetus leucocephalus,HALIAEETUS,7,SW,visible_migration,light rain,True,synthetic_fixture,False
CNT000922,TREK008,2024-05-13,06:00,11:54,5.91,Mallard,Anas platyrhynchos,ANAS_PLATY,10,E,visible_migration,,True,synthetic_fixture,False
CNT000923,TREK008,2024-05-13,06:00,11:54,5.91,Great Black-backed Gull,Larus marinus,LARUS_MARI,7,E,visible_migration,light rain,True,synthetic_fixture,False
CNT000924,TREK008,2024-05-28,07:00,12:49,5.82,Grey Heron,Ardea cinerea,ARDEA_CINE,3,N,visible_migration,windy,True,synthetic_fixture,False
CNT000925,TREK008,2024-05-28,07:00,12:49,5.82,Great Blue Heron,Ardea herodias,ARDEA_HERO,5,W,visible_migration,light rain,True,synthetic_fixture,False
CNT000926,TREK008,2024-06-24,07:00,08:06,1.11,Eurasian Sparrowhawk,Accipiter nisus,ACCIPITER_,4,NW,visible_migration,clear,True,synthetic_fixture,False
CNT000927,TREK008,2024-07-31,07:00,08:23,1.39,Black-headed Gull,Chroicocephalus ridibundus,CHROICOCEP,9,NW,visible_migration,clear,True,synthetic_fixture,False
CNT000928,TREK008,2024-08-15,07:00,09:47,2.8,Common Kestrel,Falco tinnunculus,FALCO_TINN,2,SE,visible_migration,overcast,True,synthetic_fixture,False
CNT000929,TREK008,2024-08-15,07:00,09:47,2.8,Herring Gull,Larus argentatus,LARUS_ARGE,3,W,visible_migration,clear,True,synthetic_fixture,False
CNT000930,TREK008,2024-08-22,08:00,12:52,4.87,Great Cormorant,Phalacrocorax carbo,PHALACROCO,10,N,visible_migration,overcast,False,synthetic_fixture,False
CNT000931,TREK008,2024-08-22,08:00,12:52,4.87,Common Starling,Sturnus vulgaris,STURNUS_VU,8,N,visible_migration,overcast,True,synthetic_fixture,False
CNT000932,TREK008,2024-08-22,08:00,12:52,4.87,Bald Eagle,Haliaeetus leucocephalus,HALIAEETUS,7,E,visible_migration,light rain,True,synthetic_fixture,False
CNT000933,TREK008,2024-09-10,08:00,13:50,5.84,Mallard,Anas platyrhynchos,ANAS_PLATY,13,S,visible_migration,windy,False,synthetic_fixture,False
CNT000934,TREK008,2024-09-10,08:00,13:50,5.84,Rock Pigeon,Columba livia,COLUMBA_LI,13,W,visible_migration,clear,True,synthetic_fixture,False
CNT000935,TREK008,2024-09-10,08:00,13:50,5.84,Common Buzzard,Buteo buteo,BUTEO_BUTE,6,N,visible_migration,clear,False,synthetic_fixture,False
CNT000936,TREK008,2024-10-10,06:00,11:52,5.87,Common Starling,Sturnus vulgaris,STURNUS_VU,13,S,visible_migration,,True,synthetic_fixture,False
CNT000937,TREK008,2024-10-10,06:00,11:52,5.87,Common Buzzard,Buteo buteo,BUTEO_BUTE,12,SW,visible_migration,overcast,True,synthetic_fixture,False
CNT000938,TREK008,2024-10-19,08:00,12:57,4.96,Mallard,Anas platyrhynchos,ANAS_PLATY,13,SE,visible_migration,,True,synthetic_fixture,False
CNT000939,TREK008,2024-10-19,08:00,12:57,4.96,American Robin,Turdus migratorius,TURDUS_MIG,5,E,visible_migration,light rain,False,synthetic_fixture,False
CNT000940,TREK008,2024-10-19,08:00,12:57,4.96,Common Raven,Corvus corax,CORVUS_COR,7,SE,visible_migration,,True,synthetic_fixture,False
CNT000941,TREK008,2024-10-19,08:00,12:57,4.96,Black-headed Gull,Chroicocephalus ridibundus,CHROICOCEP,7,NE,visible_migration,overcast,True,synthetic_fixture,False
CNT000942,TREK008,2024-10-19,08:00,12:57,4.96,Grey Heron,Ardea cinerea,ARDEA_CINE,9,S,visible_migration,clear,True,synthetic_fixture,False
CNT000943,TREK008,2024-10-23,08:00,12:25,4.43,Mute Swan,Cygnus olor,CYGNUS_OLO,7,NW,visible_migration,,True,synthetic_fixture,False
CNT000944,TREK008,2024-10-23,08:00,12:25,4.43,Common Raven,Corvus corax,CORVUS_COR,3,W,visible_migration,clear,True,synthetic_fixture,False
CNT000945,TREK008,2024-10-23,08:00,12:25,4.43,Barn Swallow,Hirundo rustica,HIRUNDO_RU,5,SE,visible_migration,clear,True,synthetic_fixture,False
CNT000946,TREK008,2024-11-04,06:00,08:53,2.9,Herring Gull,Larus argentatus,LARUS_ARGE,5,NE,visible_migration,clear,True,synthetic_fixture,False
CNT000947,TREK008,2024-11-04,06:00,08:53,2.9,Common Kestrel,Falco tinnunculus,FALCO_TINN,6,SE,visible_migration,windy,True,synthetic_fixture,False
CNT000948,TREK008,2024-11-04,06:00,08:53,2.9,Grey Heron,Ardea cinerea,ARDEA_CINE,6,E,visible_migration,clear,True,synthetic_fixture,False
CNT000949,TREK008,2024-11-04,06:00,08:53,2.9,Mallard,Anas platyrhynchos,ANAS_PLATY,9,SE,visible_migration,windy,True,synthetic_fixture,False
CNT000950,TREK008,2024-11-21,05:00,10:07,5.13,Common Starling,Sturnus vulgaris,STURNUS_VU,1,S,visible_migration,windy,True,synthetic_fixture,False
CNT000951,TREK008,2024-12-04,05:00,08:27,3.45,Eurasian Sparrowhawk,Accipiter nisus,ACCIPITER_,1,SE,visible_migration,overcast,True,synthetic_fixture,False
CNT000952,TREK008,2024-12-04,05:00,08:27,3.45,Mallard,Anas platyrhynchos,ANAS_PLATY,2,NE,visible_migration,light rain,True,synthetic_fixture,False
CNT000953,TREK008,2024-12-29,07:00,08:10,1.18,Mute Swan,Cygnus olor,CYGNUS_OLO,4,E,visible_migration,windy,True,synthetic_fixture,False
CNT000954,TREK008,2024-12-29,05:00,06:16,1.28,Great Blue Heron,Ardea herodias,ARDEA_HERO,0,SE,visible_migration,,True,synthetic_fixture,False
CNT000955,TREK009,2023-01-07,05:00,09:37,4.62,Common Buzzard,Buteo buteo,BUTEO_BUTE,5,NW,visible_migration,overcast,True,synthetic_fixture,False
CNT000956,TREK009,2023-01-07,05:00,09:37,4.62,Great Cormorant,Phalacrocorax carbo,PHALACROCO,2,NW,visible_migration,light rain,True,synthetic_fixture,False
CNT000957,TREK009,2023-01-07,05:00,09:37,4.62,Eurasian Sparrowhawk,Accipiter nisus,ACCIPITER_,3,N,visible_migration,windy,True,synthetic_fixture,False
CNT000958,TREK009,2023-01-07,05:00,09:37,4.62,American Crow,Corvus brachyrhynchos,CORVUS_BRA,1,NW,visible_migration,clear,True,synthetic_fixture,False
CNT000959,TREK009,2023-01-07,05:00,09:37,4.62,Rock Pigeon,Columba livia,COLUMBA_LI,4,NE,visible_migration,windy,True,synthetic_fixture,False
CNT000960,TREK009,2023-01-16,05:00,08:58,3.98,Common Kestrel,Falco tinnunculus,FALCO_TINN,2,NW,visible_migration,overcast,True,synthetic_fixture,False
CNT000961,TREK009,2023-01-16,05:00,08:58,3.98,Mute Swan,Cygnus olor,CYGNUS_OLO,6,S,visible_migration,overcast,True,synthetic_fixture,False
CNT000962,TREK009,2023-01-28,07:00,11:00,4.0,Black-headed Gull,Chroicocephalus ridibundus,CHROICOCEP,2,NW,visible_migration,overcast,True,synthetic_fixture,False
CNT000963,TREK009,2023-01-28,07:00,11:00,4.0,Mallard,Anas platyrhynchos,ANAS_PLATY,1,N,visible_migration,windy,True,synthetic_fixture,False
CNT000964,TREK009,2023-02-24,09:00,14:07,5.12,American Robin,Turdus migratorius,TURDUS_MIG,12,E,visible_migration,windy,True,synthetic_fixture,False
CNT000965,TREK009,2023-02-24,09:00,14:07,5.12,Black-headed Gull,Chroicocephalus ridibundus,CHROICOCEP,4,NW,visible_migration,light rain,True,synthetic_fixture,False
CNT000966,TREK009,2023-02-24,09:00,14:07,5.12,Great Blue Heron,Ardea herodias,ARDEA_HERO,3,SW,visible_migration,overcast,True,synthetic_fixture,False
CNT000967,TREK009,2023-02-24,09:00,14:07,5.12,Barn Swallow,Hirundo rustica,HIRUNDO_RU,8,NE,visible_migration,windy,True,synthetic_fixture,False
CNT000968,TREK009,2023-02-24,09:00,14:07,5.12,Canada Goose,Branta canadensis,BRANTA_CAN,4,S,visible_migration,light rain,True,synthetic_fixture,False
CNT000969,TREK009,2023-03-22,06:00,11:16,5.27,Greylag Goose,Anser anser,ANSER_ANSE,7,SE,visible_migration,clear,True,synthetic_fixture,False
CNT000970,TREK009,2023-03-22,06:00,11:16,5.27,Great Blue Heron,Ardea herodias,ARDEA_HERO,9,SW,visible_migration,clear,True,synthetic_fixture,False
CNT000971,TREK009,2023-03-22,06:00,11:16,5.27,Canada Goose,Branta canadensis,BRANTA_CAN,8,S,visible_migration,overcast,True,synthetic_fixture,False
CNT000972,TREK009,2023-03-22,09:00,10:56,1.94,Common Kestrel,Falco tinnunculus,FALCO_TINN,12,NW,visible_migration,,True,synthetic_fixture,False
CNT000973,TREK009,2023-04-02,06:00,08:06,2.1,Barn Swallow,Hirundo rustica,HIRUNDO_RU,14,SW,visible_migration,windy,False,synthetic_fixture,False
CNT000974,TREK009,2023-06-13,05:00,08:12,3.2,Eurasian Sparrowhawk,Accipiter nisus,ACCIPITER_,4,SW,visible_migration,clear,True,synthetic_fixture,False
CNT000975,TREK009,2023-06-13,05:00,08:12,3.2,Grey Heron,Ardea cinerea,ARDEA_CINE,3,NE,visible_migration,light rain,True,synthetic_fixture,False
CNT000976,TREK009,2023-07-20,07:00,08:41,1.69,Mallard,Anas platyrhynchos,ANAS_PLATY,3,NW,visible_migration,clear,True,synthetic_fixture,False
CNT000977,TREK009,2023-08-03,06:00,07:47,1.79,Canada Goose,Branta canadensis,BRANTA_CAN,5,E,visible_migration,windy,True,synthetic_fixture,False
CNT000978,TREK009,2023-08-03,06:00,07:47,1.79,Herring Gull,Larus argentatus,LARUS_ARGE,4,S,visible_migration,,True,synthetic_fixture,False
CNT000979,TREK009,2023-08-03,06:00,07:47,1.79,Great Black-backed Gull,Larus marinus,LARUS_MARI,5,S,visible_migration,clear,True,synthetic_fixture,False
CNT000980,TREK009,2023-09-02,06:00,07:09,1.16,Rock Pigeon,Columba livia,COLUMBA_LI,11,NE,visible_migration,,True,synthetic_fixture,False
CNT000981,TREK009,2023-09-20,09:00,11:49,2.83,Canada Goose,Branta canadensis,BRANTA_CAN,9,SE,visible_migration,light rain,False,synthetic_fixture,False
CNT000982,TREK009,2023-09-23,05:00,09:31,4.53,Common Raven,Corvus corax,CORVUS_COR,16,N,visible_migration,overcast,True,synthetic_fixture,False
CNT000983,TREK009,2023-09-23,05:00,09:31,4.53,American Crow,Corvus brachyrhynchos,CORVUS_BRA,15,E,visible_migration,,True,synthetic_fixture,False
CNT000984,TREK009,2023-09-23,05:00,09:31,4.53,Bald Eagle,Haliaeetus leucocephalus,HALIAEETUS,12,NE,visible_migration,light rain,True,synthetic_fixture,False
CNT000985,TREK009,2023-09-23,05:00,09:31,4.53,Mallard,Anas platyrhynchos,ANAS_PLATY,16,SW,visible_migration,clear,True,synthetic_fixture,False
CNT000986,TREK009,2023-09-23,05:00,09:31,4.53,American Robin,Turdus migratorius,TURDUS_MIG,18,N,visible_migration,,True,synthetic_fixture,False
CNT000987,TREK009,2023-10-04,05:00,10:30,5.5,Black-headed Gull,Chroicocephalus ridibundus,CHROICOCEP,4,E,visible_migration,overcast,True,synthetic_fixture,False
CNT000988,TREK009,2023-10-04,05:00,10:30,5.5,Great Blue Heron,Ardea herodias,ARDEA_HERO,13,NE,visible_migration,clear,True,synthetic_fixture,False
CNT000989,TREK009,2023-10-23,05:00,08:02,3.04,Common Kestrel,Falco tinnunculus,FALCO_TINN,14,E,visible_migration,overcast,True,synthetic_fixture,False
CNT000990,TREK009,2023-10-23,05:00,08:02,3.04,Barn Swallow,Hirundo rustica,HIRUNDO_RU,10,NW,visible_migration,overcast,True,synthetic_fixture,False
CNT000991,TREK009,2023-10-23,05:00,08:02,3.04,Great Cormorant,Phalacrocorax carbo,PHALACROCO,3,N,visible_migration,clear,True,synthetic_fixture,False
CNT000992,TREK009,2023-11-19,07:00,10:37,3.63,Canada Goose,Branta canadensis,BRANTA_CAN,4,NE,visible_migration,overcast,True,synthetic_fixture,False
CNT000993,TREK009,2023-11-19,07:00,10:37,3.63,Great Cormorant,Phalacrocorax carbo,PHALACROCO,5,NW,visible_migration,light rain,True,synthetic_fixture,False
CNT000994,TREK009,2023-11-19,07:00,10:37,3.63,Grey Heron,Ardea cinerea,ARDEA_CINE,5,SE,visible_migration,light rain,True,synthetic_fixture,False
CNT000995,TREK009,2023-11-19,07:00,10:37,3.63,Common Buzzard,Buteo buteo,BUTEO_BUTE,9,W,visible_migration,overcast,True,synthetic_fixture,False
CNT000996,TREK009,2023-11-19,07:00,10:37,3.63,American Robin,Turdus migratorius,TURDUS_MIG,3,S,visible_migration,clear,False,synthetic_fixture,False
CNT000997,TREK009,2023-12-17,07:00,11:28,4.48,Bald Eagle,Haliaeetus leucocephalus,HALIAEETUS,2,S,visible_migration,light rain,True,synthetic_fixture,False
CNT000998,TREK009,2024-01-05,08:00,12:22,4.38,Bald Eagle,Haliaeetus leucocephalus,HALIAEETUS,2,SW,visible_migration,overcast,True,synthetic_fixture,False
CNT000999,TREK009,2024-01-05,08:00,12:22,4.38,Greylag Goose,Anser anser,ANSER_ANSE,5,N,visible_migration,clear,True,synthetic_fixture,False
CNT001000,TREK009,2024-01-23,05:00,08:02,3.04,Black-headed Gull,Chroicocephalus ridibundus,CHROICOCEP,5,SE,visible_migration,clear,True,synthetic_fixture,False
CNT001001,TREK009,2024-01-28,08:00,09:51,1.86,American Crow,Corvus brachyrhynchos,CORVUS_BRA,4,N,visible_migration,light rain,False,synthetic_fixture,False
CNT001002,TREK009,2024-01-28,08:00,09:51,1.86,Common Buzzard,Buteo buteo,BUTEO_BUTE,1,W,visible_migration,windy,True,synthetic_fixture,False
CNT001003,TREK009,2024-03-07,07:00,11:46,4.77,Common Ringed Plover,Charadrius hiaticula,CHARADRIUS,9,SE,visible_migration,light rain,True,synthetic_fixture,False
CNT001004,TREK009,2024-04-11,06:00,09:30,3.5,Eurasian Sparrowhawk,Accipiter nisus,ACCIPITER_,11,NW,visible_migration,clear,True,synthetic_fixture,False
CNT001005,TREK009,2024-04-11,06:00,09:30,3.5,Mute Swan,Cygnus olor,CYGNUS_OLO,13,N,visible_migration,overcast,True,synthetic_fixture,False
CNT001006,TREK009,2024-04-26,06:00,11:43,5.73,Great Cormorant,Phalacrocorax carbo,PHALACROCO,8,N,visible_migration,windy,False,synthetic_fixture,False
CNT001007,TREK009,2024-04-26,06:00,11:43,5.73,Mallard,Anas platyrhynchos,ANAS_PLATY,9,SW,visible_migration,windy,True,synthetic_fixture,False
CNT001008,TREK009,2024-04-26,06:00,11:43,5.73,Eurasian Sparrowhawk,Accipiter nisus,ACCIPITER_,15,NE,visible_migration,overcast,True,synthetic_fixture,False
CNT001009,TREK009,2024-04-26,06:00,11:43,5.73,Black-headed Gull,Chroicocephalus ridibundus,CHROICOCEP,18,NW,visible_migration,light rain,False,synthetic_fixture,False
CNT001010,TREK009,2024-05-02,08:00,10:52,2.87,Grey Heron,Ardea cinerea,ARDEA_CINE,12,SE,visible_migration,light rain,True,synthetic_fixture,False
CNT001011,TREK009,2024-05-02,08:00,10:52,2.87,Mute Swan,Cygnus olor,CYGNUS_OLO,13,NW,visible_migration,windy,False,synthetic_fixture,False
CNT001012,TREK009,2024-05-08,09:00,11:34,2.57,Herring Gull,Larus argentatus,LARUS_ARGE,6,N,visible_migration,,True,synthetic_fixture,False
CNT001013,TREK009,2024-05-08,09:00,11:34,2.57,Common Ringed Plover,Charadrius hiaticula,CHARADRIUS,4,NE,visible_migration,windy,True,synthetic_fixture,False
CNT001014,TREK009,2024-05-08,09:00,11:34,2.57,Common Raven,Corvus corax,CORVUS_COR,5,S,visible_migration,,True,synthetic_fixture,False
CNT001015,TREK009,2024-05-08,09:00,11:34,2.57,Bald Eagle,Haliaeetus leucocephalus,HALIAEETUS,9,NW,visible_migration,windy,True,synthetic_fixture,False
CNT001016,TREK009,2024-05-08,09:00,11:34,2.57,Barn Swallow,Hirundo rustica,HIRUNDO_RU,7,S,visible_migration,clear,True,synthetic_fixture,False
CNT001017,TREK009,2024-05-08,05:00,06:14,1.24,Canada Goose,Branta canadensis,BRANTA_CAN,5,W,visible_migration,light rain,True,synthetic_fixture,False
CNT001018,TREK009,2024-05-08,05:00,06:14,1.24,American Robin,Turdus migratorius,TURDUS_MIG,8,W,visible_migration,windy,True,synthetic_fixture,False
CNT001019,TREK009,2024-05-08,05:00,06:14,1.24,Grey Heron,Ardea cinerea,ARDEA_CINE,8,SW,visible_migration,clear,True,synthetic_fixture,False
CNT001020,TREK009,2024-05-08,05:00,06:14,1.24,Common Buzzard,Buteo buteo,BUTEO_BUTE,11,W,visible_migration,clear,True,synthetic_fixture,False
CNT001021,TREK009,2024-06-15,06:00,09:19,3.32,Common Ringed Plover,Charadrius hiaticula,CHARADRIUS,6,E,visible_migration,windy,True,synthetic_fixture,False
CNT001022,TREK009,2024-06-15,06:00,09:19,3.32,Common Kestrel,Falco tinnunculus,FALCO_TINN,4,W,visible_migration,,True,synthetic_fixture,False
CNT001023,TREK009,2024-06-15,09:00,13:19,4.32,Great Blue Heron,Ardea herodias,ARDEA_HERO,2,SW,visible_migration,overcast,True,synthetic_fixture,False
CNT001024,TREK009,2024-06-15,09:00,13:19,4.32,Common Ringed Plover,Charadrius hiaticula,CHARADRIUS,2,SW,visible_migration,windy,True,synthetic_fixture,False
CNT001025,TREK009,2024-06-15,09:00,13:19,4.32,Grey Heron,Ardea cinerea,ARDEA_CINE,5,NW,visible_migration,light rain,True,synthetic_fixture,False
CNT001026,TREK009,2024-06-15,09:00,13:19,4.32,Common Kestrel,Falco tinnunculus,FALCO_TINN,3,N,visible_migration,overcast,True,synthetic_fixture,False
CNT001027,TREK009,2024-06-27,07:00,12:10,5.17,Common Raven,Corvus corax,CORVUS_COR,4,S,visible_migration,windy,True,synthetic_fixture,False
CNT001028,TREK009,2024-06-27,07:00,12:10,5.17,Eurasian Sparrowhawk,Accipiter nisus,ACCIPITER_,4,SE,visible_migration,windy,True,synthetic_fixture,False
CNT001029,TREK009,2024-07-02,05:00,08:37,3.63,Common Buzzard,Buteo buteo,BUTEO_BUTE,4,NW,visible_migration,light rain,True,synthetic_fixture,False
CNT001030,TREK009,2024-07-02,05:00,08:37,3.63,Herring Gull,Larus argentatus,LARUS_ARGE,3,NE,visible_migration,clear,True,synthetic_fixture,False
CNT001031,TREK009,2024-07-02,05:00,08:37,3.63,Rock Pigeon,Columba livia,COLUMBA_LI,2,E,visible_migration,,True,synthetic_fixture,False
CNT001032,TREK009,2024-07-03,08:00,10:07,2.13,Rock Pigeon,Columba livia,COLUMBA_LI,1,E,visible_migration,,True,synthetic_fixture,False
CNT001033,TREK009,2024-07-03,08:00,10:07,2.13,Mallard,Anas platyrhynchos,ANAS_PLATY,6,S,visible_migration,windy,True,synthetic_fixture,False
CNT001034,TREK009,2024-07-03,08:00,10:07,2.13,Grey Heron,Ardea cinerea,ARDEA_CINE,8,NE,visible_migration,clear,True,synthetic_fixture,False
CNT001035,TREK009,2024-07-04,08:00,13:52,5.88,Common Kestrel,Falco tinnunculus,FALCO_TINN,4,NE,visible_migration,,True,synthetic_fixture,False
CNT001036,TREK009,2024-07-11,08:00,09:55,1.93,Common Ringed Plover,Charadrius hiaticula,CHARADRIUS,3,S,visible_migration,,True,synthetic_fixture,False
CNT001037,TREK009,2024-07-11,08:00,09:55,1.93,Greylag Goose,Anser anser,ANSER_ANSE,2,W,visible_migration,,True,synthetic_fixture,False
CNT001038,TREK009,2024-07-11,08:00,09:55,1.93,Great Cormorant,Phalacrocorax carbo,PHALACROCO,0,W,visible_migration,light rain,True,synthetic_fixture,False
CNT001039,TREK009,2024-07-27,09:00,12:32,3.54,Greylag Goose,Anser anser,ANSER_ANSE,7,E,visible_migration,overcast,True,synthetic_fixture,False
CNT001040,TREK009,2024-07-27,09:00,12:32,3.54,Canada Goose,Branta canadensis,BRANTA_CAN,6,SW,visible_migration,,True,synthetic_fixture,False
CNT001041,TREK009,2024-07-27,09:00,12:32,3.54,Great Blue Heron,Ardea herodias,ARDEA_HERO,2,SW,visible_migration,clear,True,synthetic_fixture,False
CNT001042,TREK009,2024-07-27,08:00,09:43,1.73,Canada Goose,Branta canadensis,BRANTA_CAN,5,S,visible_migration,clear,True,synthetic_fixture,False
CNT001043,TREK009,2024-09-04,09:00,12:46,3.78,American Robin,Turdus migratorius,TURDUS_MIG,6,SW,visible_migration,clear,True,synthetic_fixture,False
CNT001044,TREK009,2024-09-04,09:00,12:46,3.78,Great Cormorant,Phalacrocorax carbo,PHALACROCO,8,SW,visible_migration,,True,synthetic_fixture,False
CNT001045,TREK009,2024-09-04,09:00,12:46,3.78,Common Kestrel,Falco tinnunculus,FALCO_TINN,11,W,visible_migration,overcast,True,synthetic_fixture,False
CNT001046,TREK009,2024-09-04,09:00,12:46,3.78,Herring Gull,Larus argentatus,LARUS_ARGE,10,SW,visible_migration,clear,False,synthetic_fixture,False
CNT001047,TREK009,2024-09-30,07:00,08:21,1.36,Grey Heron,Ardea cinerea,ARDEA_CINE,14,SW,visible_migration,windy,True,synthetic_fixture,False
CNT001048,TREK009,2024-11-06,09:00,13:55,4.92,Barn Swallow,Hirundo rustica,HIRUNDO_RU,6,NW,visible_migration,,True,synthetic_fixture,False
CNT001049,TREK009,2024-11-06,09:00,13:55,4.92,Herring Gull,Larus argentatus,LARUS_ARGE,5,S,visible_migration,,True,synthetic_fixture,False
CNT001050,TREK009,2024-11-06,09:00,13:55,4.92,Great Cormorant,Phalacrocorax carbo,PHALACROCO,6,W,visible_migration,light rain,True,synthetic_fixture,False
CNT001051,TREK009,2024-11-06,09:00,13:55,4.92,Mallard,Anas platyrhynchos,ANAS_PLATY,5,SW,visible_migration,overcast,True,synthetic_fixture,False
CNT001052,TREK009,2024-11-25,08:00,13:10,5.17,Common Raven,Corvus corax,CORVUS_COR,8,NE,visible_migration,light rain,True,synthetic_fixture,False
CNT001053,TREK009,2024-11-25,08:00,13:10,5.17,American Robin,Turdus migratorius,TURDUS_MIG,3,NW,visible_migration,,True,synthetic_fixture,False
CNT001054,TREK009,2024-11-25,08:00,13:10,5.17,Greylag Goose,Anser anser,ANSER_ANSE,1,SE,visible_migration,,True,synthetic_fixture,False
CNT001055,TREK009,2024-12-01,07:00,08:45,1.76,Greylag Goose,Anser anser,ANSER_ANSE,2,SE,visible_migration,,True,synthetic_fixture,False
CNT001056,TREK009,2024-12-23,07:00,10:19,3.32,Greylag Goose,Anser anser,ANSER_ANSE,1,S,visible_migration,clear,True,synthetic_fixture,False
CNT001057,TREK009,2024-12-23,07:00,10:19,3.32,Common Kestrel,Falco tinnunculus,FALCO_TINN,2,SE,visible_migration,windy,True,synthetic_fixture,False
CNT001058,TREK010,2023-01-02,08:00,13:42,5.7,Common Buzzard,Buteo buteo,BUTEO_BUTE,1,SW,capture,clear,True,synthetic_fixture,False
CNT001059,TREK010,2023-01-02,08:00,13:42,5.7,Great Black-backed Gull,Larus marinus,LARUS_MARI,4,NW,capture,windy,True,synthetic_fixture,False
CNT001060,TREK010,2023-01-02,08:00,13:42,5.7,Mute Swan,Cygnus olor,CYGNUS_OLO,6,SE,capture,overcast,False,synthetic_fixture,False
CNT001061,TREK010,2023-01-02,08:00,13:42,5.7,Common Starling,Sturnus vulgaris,STURNUS_VU,4,SW,capture,overcast,True,synthetic_fixture,False
CNT001062,TREK010,2023-01-06,07:00,11:40,4.68,Rock Pigeon,Columba livia,COLUMBA_LI,3,E,capture,overcast,True,synthetic_fixture,False
CNT001063,TREK010,2023-01-22,08:00,10:52,2.87,American Crow,Corvus brachyrhynchos,CORVUS_BRA,2,NE,capture,windy,True,synthetic_fixture,False
CNT001064,TREK010,2023-01-22,08:00,10:52,2.87,Common Raven,Corvus corax,CORVUS_COR,4,N,capture,light rain,True,synthetic_fixture,False
CNT001065,TREK010,2023-01-22,08:00,10:52,2.87,Greylag Goose,Anser anser,ANSER_ANSE,2,SW,capture,,True,synthetic_fixture,False
CNT001066,TREK010,2023-02-05,09:00,10:10,1.18,American Robin,Turdus migratorius,TURDUS_MIG,2,N,capture,clear,True,synthetic_fixture,False
CNT001067,TREK010,2023-02-14,06:00,09:01,3.02,Canada Goose,Branta canadensis,BRANTA_CAN,5,N,capture,light rain,True,synthetic_fixture,False
CNT001068,TREK010,2023-02-14,06:00,09:01,3.02,Great Blue Heron,Ardea herodias,ARDEA_HERO,3,E,capture,,True,synthetic_fixture,False
CNT001069,TREK010,2023-02-16,05:00,06:01,1.03,Grey Heron,Ardea cinerea,ARDEA_CINE,6,SE,capture,,True,synthetic_fixture,False
CNT001070,TREK010,2023-02-21,09:00,12:16,3.28,Herring Gull,Larus argentatus,LARUS_ARGE,2,S,capture,clear,True,synthetic_fixture,False
CNT001071,TREK010,2023-02-21,09:00,12:16,3.28,Great Black-backed Gull,Larus marinus,LARUS_MARI,6,S,capture,light rain,True,synthetic_fixture,False
CNT001072,TREK010,2023-02-21,09:00,12:16,3.28,Common Raven,Corvus corax,CORVUS_COR,2,W,capture,overcast,True,synthetic_fixture,False
CNT001073,TREK010,2023-02-21,09:00,12:16,3.28,Eurasian Sparrowhawk,Accipiter nisus,ACCIPITER_,2,S,capture,clear,True,synthetic_fixture,False
CNT001074,TREK010,2023-03-04,06:00,09:35,3.59,Common Ringed Plover,Charadrius hiaticula,CHARADRIUS,3,N,capture,overcast,True,synthetic_fixture,False
CNT001075,TREK010,2023-03-04,06:00,09:35,3.59,Mute Swan,Cygnus olor,CYGNUS_OLO,5,W,capture,overcast,True,synthetic_fixture,False
CNT001076,TREK010,2023-03-04,06:00,09:35,3.59,Eurasian Sparrowhawk,Accipiter nisus,ACCIPITER_,4,E,capture,,True,synthetic_fixture,False
CNT001077,TREK010,2023-03-04,06:00,09:35,3.59,Mallard,Anas platyrhynchos,ANAS_PLATY,6,SW,capture,windy,False,synthetic_fixture,False
CNT001078,TREK010,2023-03-05,07:00,12:29,5.49,Bald Eagle,Haliaeetus leucocephalus,HALIAEETUS,10,NW,capture,windy,True,synthetic_fixture,False
CNT001079,TREK010,2023-03-05,07:00,12:29,5.49,Rock Pigeon,Columba livia,COLUMBA_LI,6,SE,capture,light rain,True,synthetic_fixture,False
CNT001080,TREK010,2023-06-25,06:00,11:27,5.46,Bald Eagle,Haliaeetus leucocephalus,HALIAEETUS,2,NE,capture,clear,True,synthetic_fixture,False
CNT001081,TREK010,2023-06-25,05:00,09:19,4.32,Herring Gull,Larus argentatus,LARUS_ARGE,4,NE,capture,overcast,True,synthetic_fixture,False
CNT001082,TREK010,2023-06-25,05:00,09:19,4.32,Canada Goose,Branta canadensis,BRANTA_CAN,6,NE,capture,clear,True,synthetic_fixture,False
CNT001083,TREK010,2023-06-25,05:00,09:19,4.32,Eurasian Sparrowhawk,Accipiter nisus,ACCIPITER_,3,S,capture,,True,synthetic_fixture,False
CNT001084,TREK010,2023-06-25,05:00,09:19,4.32,Common Raven,Corvus corax,CORVUS_COR,4,N,capture,light rain,True,synthetic_fixture,False
CNT001085,TREK010,2023-07-03,06:00,09:15,3.25,Bald Eagle,Haliaeetus leucocephalus,HALIAEETUS,0,N,capture,clear,True,synthetic_fixture,False
CNT001086,TREK010,2023-07-03,06:00,09:15,3.25,Mallard,Anas platyrhynchos,ANAS_PLATY,3,E,capture,,True,synthetic_fixture,False
CNT001087,TREK010,2023-07-03,06:00,09:15,3.25,Common Ringed Plover,Charadrius hiaticula,CHARADRIUS,3,NW,capture,clear,True,synthetic_fixture,False
CNT001088,TREK010,2023-07-13,05:00,07:24,2.41,Canada Goose,Branta canadensis,BRANTA_CAN,5,SE,capture,overcast,True,synthetic_fixture,False
CNT001089,TREK010,2023-07-13,05:00,07:24,2.41,Black-headed Gull,Chroicocephalus ridibundus,CHROICOCEP,2,N,capture,overcast,True,synthetic_fixture,False
CNT001090,TREK010,2023-07-13,05:00,07:24,2.41,Common Buzzard,Buteo buteo,BUTEO_BUTE,4,SE,capture,clear,True,synthetic_fixture,False
CNT001091,TREK010,2023-07-13,05:00,07:24,2.41,Rock Pigeon,Columba livia,COLUMBA_LI,3,S,capture,overcast,True,synthetic_fixture,False
CNT001092,TREK010,2023-07-20,05:00,06:13,1.22,Greylag Goose,Anser anser,ANSER_ANSE,4,N,capture,,True,synthetic_fixture,False
CNT001093,TREK010,2023-07-20,05:00,06:13,1.22,Mute Swan,Cygnus olor,CYGNUS_OLO,2,E,capture,clear,True,synthetic_fixture,False
CNT001094,TREK010,2023-07-20,05:00,06:13,1.22,Common Buzzard,Buteo buteo,BUTEO_BUTE,5,NW,capture,windy,True,synthetic_fixture,False
CNT001095,TREK010,2023-08-13,09:00,14:28,5.48,Grey Heron,Ardea cinerea,ARDEA_CINE,8,SW,capture,clear,True,synthetic_fixture,False
CNT001096,TREK010,2023-08-13,09:00,14:28,5.48,Eurasian Sparrowhawk,Accipiter nisus,ACCIPITER_,3,NW,capture,overcast,True,synthetic_fixture,False
CNT001097,TREK010,2023-08-13,09:00,14:28,5.48,Black-headed Gull,Chroicocephalus ridibundus,CHROICOCEP,7,E,capture,,True,synthetic_fixture,False
CNT001098,TREK010,2023-08-13,09:00,14:28,5.48,Bald Eagle,Haliaeetus leucocephalus,HALIAEETUS,5,SW,capture,windy,True,synthetic_fixture,False
CNT001099,TREK010,2023-08-13,09:00,14:28,5.48,Great Blue Heron,Ardea herodias,ARDEA_HERO,5,N,capture,,True,synthetic_fixture,False
CNT001100,TREK010,2023-09-15,07:00,11:28,4.48,Common Raven,Corvus corax,CORVUS_COR,7,N,capture,clear,True,synthetic_fixture,False
CNT001101,TREK010,2023-09-15,07:00,11:28,4.48,American Crow,Corvus brachyrhynchos,CORVUS_BRA,7,W,capture,light rain,True,synthetic_fixture,False
CNT001102,TREK010,2023-09-15,07:00,11:28,4.48,Mute Swan,Cygnus olor,CYGNUS_OLO,17,NW,capture,,True,synthetic_fixture,False
CNT001103,TREK010,2023-09-15,07:00,11:28,4.48,Common Ringed Plover,Charadrius hiaticula,CHARADRIUS,15,SW,capture,overcast,True,synthetic_fixture,False
CNT001104,TREK010,2023-09-15,07:00,11:28,4.48,Great Cormorant,Phalacrocorax carbo,PHALACROCO,9,E,capture,light rain,True,synthetic_fixture,False
CNT001105,TREK010,2023-09-29,05:00,10:42,5.71,Great Blue Heron,Ardea herodias,ARDEA_HERO,11,N,capture,clear,True,synthetic_fixture,False
CNT001106,TREK010,2023-10-23,06:00,07:37,1.63,Common Buzzard,Buteo buteo,BUTEO_BUTE,4,NE,capture,,True,synthetic_fixture,False
CNT001107,TREK010,2023-11-12,09:00,12:25,3.42,Great Blue Heron,Ardea herodias,ARDEA_HERO,3,SE,capture,,True,synthetic_fixture,False
CNT001108,TREK010,2023-11-12,09:00,12:25,3.42,Black-headed Gull,Chroicocephalus ridibundus,CHROICOCEP,3,N,capture,clear,True,synthetic_fixture,False
CNT001109,TREK010,2023-11-12,09:00,12:25,3.42,Great Black-backed Gull,Larus marinus,LARUS_MARI,4,SE,capture,overcast,True,synthetic_fixture,False
CNT001110,TREK010,2023-11-12,09:00,12:25,3.42,Common Raven,Corvus corax,CORVUS_COR,5,E,capture,overcast,True,synthetic_fixture,False
CNT001111,TREK010,2023-11-14,05:00,10:46,5.77,American Robin,Turdus migratorius,TURDUS_MIG,6,NW,capture,overcast,True,synthetic_fixture,False
CNT001112,TREK010,2023-12-18,06:00,07:26,1.44,Great Cormorant,Phalacrocorax carbo,PHALACROCO,3,E,capture,clear,True,synthetic_fixture,False
CNT001113,TREK010,2023-12-18,06:00,07:26,1.44,Great Black-backed Gull,Larus marinus,LARUS_MARI,3,N,capture,,True,synthetic_fixture,False
CNT001114,TREK010,2023-12-18,06:00,07:26,1.44,Eurasian Sparrowhawk,Accipiter nisus,ACCIPITER_,2,E,capture,,True,synthetic_fixture,False
CNT001115,TREK010,2023-12-23,07:00,11:08,4.14,Common Raven,Corvus corax,CORVUS_COR,4,SE,capture,,True,synthetic_fixture,False
CNT001116,TREK010,2023-12-23,07:00,11:08,4.14,Canada Goose,Branta canadensis,BRANTA_CAN,0,E,capture,light rain,False,synthetic_fixture,False
CNT001117,TREK010,2023-12-23,07:00,11:08,4.14,Rock Pigeon,Columba livia,COLUMBA_LI,4,SE,capture,overcast,True,synthetic_fixture,False
CNT001118,TREK010,2023-12-23,07:00,11:08,4.14,Great Cormorant,Phalacrocorax carbo,PHALACROCO,7,N,capture,light rain,True,synthetic_fixture,False
CNT001119,TREK010,2024-01-01,05:00,08:38,3.64,Common Buzzard,Buteo buteo,BUTEO_BUTE,3,NW,capture,overcast,False,synthetic_fixture,False
CNT001120,TREK010,2024-01-01,05:00,08:38,3.64,Grey Heron,Ardea cinerea,ARDEA_CINE,2,S,capture,windy,False,synthetic_fixture,False
CNT001121,TREK010,2024-01-01,05:00,08:38,3.64,Black-headed Gull,Chroicocephalus ridibundus,CHROICOCEP,1,SW,capture,,True,synthetic_fixture,False
CNT001122,TREK010,2024-01-01,05:00,08:38,3.64,American Crow,Corvus brachyrhynchos,CORVUS_BRA,6,SE,capture,overcast,True,synthetic_fixture,False
CNT001123,TREK010,2024-01-01,05:00,08:38,3.64,Great Black-backed Gull,Larus marinus,LARUS_MARI,3,W,capture,overcast,True,synthetic_fixture,False
CNT001124,TREK010,2024-02-27,05:00,07:27,2.46,Grey Heron,Ardea cinerea,ARDEA_CINE,4,SW,capture,clear,True,synthetic_fixture,False
CNT001125,TREK010,2024-02-27,05:00,07:27,2.46,Common Raven,Corvus corax,CORVUS_COR,6,SW,capture,overcast,True,synthetic_fixture,False
CNT001126,TREK010,2024-02-27,05:00,07:27,2.46,Eurasian Sparrowhawk,Accipiter nisus,ACCIPITER_,6,NE,capture,,True,synthetic_fixture,False
CNT001127,TREK010,2024-03-18,05:00,09:42,4.7,Great Blue Heron,Ardea herodias,ARDEA_HERO,8,SE,capture,light rain,True,synthetic_fixture,False
CNT001128,TREK010,2024-03-18,05:00,09:42,4.7,Herring Gull,Larus argentatus,LARUS_ARGE,12,SW,capture,overcast,True,synthetic_fixture,False
CNT001129,TREK010,2024-03-18,05:00,09:42,4.7,American Robin,Turdus migratorius,TURDUS_MIG,6,SW,capture,,True,synthetic_fixture,False
CNT001130,TREK010,2024-03-18,05:00,09:42,4.7,Common Buzzard,Buteo buteo,BUTEO_BUTE,11,E,capture,,True,synthetic_fixture,False
CNT001131,TREK010,2024-03-18,05:00,09:42,4.7,Common Ringed Plover,Charadrius hiaticula,CHARADRIUS,13,W,capture,overcast,True,synthetic_fixture,False
CNT001132,TREK010,2024-03-18,06:00,09:29,3.49,Great Cormorant,Phalacrocorax carbo,PHALACROCO,7,N,capture,light rain,True,synthetic_fixture,False
CNT001133,TREK010,2024-03-18,06:00,09:29,3.49,Rock Pigeon,Columba livia,COLUMBA_LI,7,SW,capture,light rain,True,synthetic_fixture,False
CNT001134,TREK010,2024-03-18,06:00,09:29,3.49,Greylag Goose,Anser anser,ANSER_ANSE,10,SW,capture,,True,synthetic_fixture,False
CNT001135,TREK010,2024-03-23,07:00,09:00,2.0,Common Starling,Sturnus vulgaris,STURNUS_VU,12,SE,capture,overcast,True,synthetic_fixture,False
CNT001136,TREK010,2024-04-10,08:00,09:38,1.65,American Crow,Corvus brachyrhynchos,CORVUS_BRA,12,S,capture,,True,synthetic_fixture,False
CNT001137,TREK010,2024-04-20,05:00,06:51,1.86,Mute Swan,Cygnus olor,CYGNUS_OLO,11,S,capture,windy,True,synthetic_fixture,False
CNT001138,TREK010,2024-04-20,05:00,06:51,1.86,Grey Heron,Ardea cinerea,ARDEA_CINE,12,W,capture,windy,True,synthetic_fixture,False
CNT001139,TREK010,2024-04-20,05:00,06:51,1.86,Common Kestrel,Falco tinnunculus,FALCO_TINN,11,S,capture,,True,synthetic_fixture,False
CNT001140,TREK010,2024-04-20,05:00,06:51,1.86,Canada Goose,Branta canadensis,BRANTA_CAN,10,S,capture,overcast,True,synthetic_fixture,False
CNT001141,TREK010,2024-05-10,06:00,09:43,3.72,Canada Goose,Branta canadensis,BRANTA_CAN,8,N,capture,,True,synthetic_fixture,False
CNT001142,TREK010,2024-05-10,06:00,09:43,3.72,Great Cormorant,Phalacrocorax carbo,PHALACROCO,6,SE,capture,,True,synthetic_fixture,False
CNT001143,TREK010,2024-05-10,06:00,09:43,3.72,Grey Heron,Ardea cinerea,ARDEA_CINE,6,NE,capture,light rain,True,synthetic_fixture,False
CNT001144,TREK010,2024-05-10,06:00,09:43,3.72,American Robin,Turdus migratorius,TURDUS_MIG,7,SE,capture,clear,True,synthetic_fixture,False
CNT001145,TREK010,2024-05-25,05:00,10:58,5.97,Common Ringed Plover,Charadrius hiaticula,CHARADRIUS,9,SW,capture,clear,True,synthetic_fixture,False
CNT001146,TREK010,2024-05-25,05:00,10:58,5.97,Grey Heron,Ardea cinerea,ARDEA_CINE,5,S,capture,windy,True,synthetic_fixture,False
CNT001147,TREK010,2024-06-17,07:00,08:48,1.81,Eurasian Sparrowhawk,Accipiter nisus,ACCIPITER_,5,N,capture,windy,True,synthetic_fixture,False
CNT001148,TREK010,2024-06-17,07:00,08:48,1.81,Rock Pigeon,Columba livia,COLUMBA_LI,3,SE,capture,windy,True,synthetic_fixture,False
CNT001149,TREK010,2024-06-17,07:00,08:48,1.81,Greylag Goose,Anser anser,ANSER_ANSE,1,S,capture,overcast,True,synthetic_fixture,False
CNT001150,TREK010,2024-06-17,07:00,08:48,1.81,Common Buzzard,Buteo buteo,BUTEO_BUTE,6,SW,capture,,True,synthetic_fixture,False
CNT001151,TREK010,2024-07-30,05:00,07:13,2.22,Common Kestrel,Falco tinnunculus,FALCO_TINN,3,NE,capture,windy,True,synthetic_fixture,False
CNT001152,TREK010,2024-07-30,05:00,07:13,2.22,Greylag Goose,Anser anser,ANSER_ANSE,2,NE,capture,,True,synthetic_fixture,False
CNT001153,TREK010,2024-07-30,05:00,07:13,2.22,Great Black-backed Gull,Larus marinus,LARUS_MARI,4,W,capture,clear,True,synthetic_fixture,False
CNT001154,TREK010,2024-07-30,05:00,07:13,2.22,Great Blue Heron,Ardea herodias,ARDEA_HERO,5,SW,capture,,True,synthetic_fixture,False
CNT001155,TREK010,2024-07-30,05:00,07:13,2.22,American Crow,Corvus brachyrhynchos,CORVUS_BRA,3,NE,capture,windy,True,synthetic_fixture,False
CNT001156,TREK010,2024-08-05,07:00,10:21,3.35,Common Kestrel,Falco tinnunculus,FALCO_TINN,3,S,capture,clear,True,synthetic_fixture,False
CNT001157,TREK010,2024-08-05,07:00,10:21,3.35,Mute Swan,Cygnus olor,CYGNUS_OLO,4,W,capture,clear,True,synthetic_fixture,False
CNT001158,TREK010,2024-08-05,07:00,10:21,3.35,Great Black-backed Gull,Larus marinus,LARUS_MARI,6,N,capture,,True,synthetic_fixture,False
CNT001159,TREK010,2024-08-10,09:00,13:50,4.84,Herring Gull,Larus argentatus,LARUS_ARGE,3,NE,capture,windy,True,synthetic_fixture,False
CNT001160,TREK010,2024-08-10,09:00,13:50,4.84,Common Starling,Sturnus vulgaris,STURNUS_VU,7,SW,capture,clear,True,synthetic_fixture,False
CNT001161,TREK010,2024-08-10,09:00,13:50,4.84,Mute Swan,Cygnus olor,CYGNUS_OLO,6,SW,capture,,True,synthetic_fixture,False
CNT001162,TREK010,2024-08-16,09:00,11:32,2.55,Great Cormorant,Phalacrocorax carbo,PHALACROCO,7,W,capture,overcast,True,synthetic_fixture,False
CNT001163,TREK010,2024-08-16,09:00,11:32,2.55,Rock Pigeon,Columba livia,COLUMBA_LI,5,SE,capture,clear,True,synthetic_fixture,False
CNT001164,TREK010,2024-08-16,09:00,11:32,2.55,Grey Heron,Ardea cinerea,ARDEA_CINE,6,SE,capture,clear,True,synthetic_fixture,False
CNT001165,TREK010,2024-09-09,05:00,06:58,1.98,American Crow,Corvus brachyrhynchos,CORVUS_BRA,11,N,capture,windy,True,synthetic_fixture,False
CNT001166,TREK010,2024-09-09,05:00,06:58,1.98,Great Black-backed Gull,Larus marinus,LARUS_MARI,9,SE,capture,,True,synthetic_fixture,False
CNT001167,TREK010,2024-09-09,05:00,06:58,1.98,Common Starling,Sturnus vulgaris,STURNUS_VU,10,SW,capture,,True,synthetic_fixture,False
CNT001168,TREK010,2024-09-09,05:00,06:58,1.98,Greylag Goose,Anser anser,ANSER_ANSE,10,SW,capture,overcast,True,synthetic_fixture,False
CNT001169,TREK010,2024-09-10,08:00,11:21,3.35,Canada Goose,Branta canadensis,BRANTA_CAN,13,S,capture,overcast,True,synthetic_fixture,False
CNT001170,TREK010,2024-09-19,05:00,06:54,1.91,Great Blue Heron,Ardea herodias,ARDEA_HERO,13,NE,capture,,True,synthetic_fixture,False
CNT001171,TREK010,2024-10-25,07:00,08:52,1.88,Grey Heron,Ardea cinerea,ARDEA_CINE,4,S,capture,windy,True,synthetic_fixture,False
CNT001172,TREK010,2024-10-25,07:00,08:52,1.88,American Crow,Corvus brachyrhynchos,CORVUS_BRA,11,N,capture,overcast,True,synthetic_fixture,False
CNT001173,TREK010,2024-10-25,07:00,08:52,1.88,Black-headed Gull,Chroicocephalus ridibundus,CHROICOCEP,10,E,capture,overcast,True,synthetic_fixture,False
CNT001174,TREK010,2024-12-22,05:00,07:19,2.33,Great Blue Heron,Ardea herodias,ARDEA_HERO,5,NW,capture,,True,synthetic_fixture,False
CNT001175,TREK010,2024-12-22,05:00,07:19,2.33,Great Cormorant,Phalacrocorax carbo,PHALACROCO,2,S,capture,,True,synthetic_fixture,False
CNT001176,TREK010,2024-12-22,05:00,07:19,2.33,Common Starling,Sturnus vulgaris,STURNUS_VU,0,SE,capture,overcast,True,synthetic_fixture,False
CNT001177,TREK010,2024-12-22,05:00,07:19,2.33,Eurasian Sparrowhawk,Accipiter nisus,ACCIPITER_,2,W,capture,,True,synthetic_fixture,False
CNT001178,TREK010,2024-12-22,05:00,07:19,2.33,Mute Swan,Cygnus olor,CYGNUS_OLO,4,NW,capture,overcast,True,synthetic_fixture,False
CNT001179,TREK011,2023-01-05,07:00,09:27,2.45,Great Blue Heron,Ardea herodias,ARDEA_HERO,4,SW,visible_migration,clear,True,synthetic_fixture,False
CNT001180,TREK011,2023-01-05,07:00,09:27,2.45,Great Black-backed Gull,Larus marinus,LARUS_MARI,4,NW,visible_migration,clear,True,synthetic_fixture,False
CNT001181,TREK011,2023-01-23,07:00,09:24,2.41,Grey Heron,Ardea cinerea,ARDEA_CINE,3,S,visible_migration,clear,True,synthetic_fixture,False
CNT001182,TREK011,2023-01-23,07:00,09:24,2.41,Mute Swan,Cygnus olor,CYGNUS_OLO,1,E,visible_migration,,True,synthetic_fixture,False
CNT001183,TREK011,2023-01-23,07:00,09:24,2.41,Common Ringed Plover,Charadrius hiaticula,CHARADRIUS,3,E,visible_migration,clear,True,synthetic_fixture,False
CNT001184,TREK011,2023-02-10,06:00,08:04,2.07,Common Kestrel,Falco tinnunculus,FALCO_TINN,6,NE,visible_migration,windy,True,synthetic_fixture,False
CNT001185,TREK011,2023-02-10,06:00,08:04,2.07,Grey Heron,Ardea cinerea,ARDEA_CINE,5,SE,visible_migration,light rain,True,synthetic_fixture,False
CNT001186,TREK011,2023-02-10,06:00,08:04,2.07,American Crow,Corvus brachyrhynchos,CORVUS_BRA,1,NE,visible_migration,windy,True,synthetic_fixture,False
CNT001187,TREK011,2023-02-10,06:00,08:04,2.07,Common Starling,Sturnus vulgaris,STURNUS_VU,3,S,visible_migration,,True,synthetic_fixture,False
CNT001188,TREK011,2023-02-14,05:00,08:28,3.48,Common Buzzard,Buteo buteo,BUTEO_BUTE,5,W,visible_migration,clear,True,synthetic_fixture,False
CNT001189,TREK011,2023-02-14,05:00,08:28,3.48,Mute Swan,Cygnus olor,CYGNUS_OLO,2,S,visible_migration,clear,True,synthetic_fixture,False
CNT001190,TREK011,2023-02-20,06:00,09:19,3.32,Great Cormorant,Phalacrocorax carbo,PHALACROCO,2,NW,visible_migration,clear,True,synthetic_fixture,False
CNT001191,TREK011,2023-02-20,06:00,09:19,3.32,Common Starling,Sturnus vulgaris,STURNUS_VU,4,SW,visible_migration,windy,False,synthetic_fixture,False
CNT001192,TREK011,2023-02-20,08:00,13:39,5.65,Herring Gull,Larus argentatus,LARUS_ARGE,4,NW,visible_migration,overcast,True,synthetic_fixture,False
CNT001193,TREK011,2023-02-20,08:00,13:39,5.65,Common Buzzard,Buteo buteo,BUTEO_BUTE,4,S,visible_migration,windy,True,synthetic_fixture,False
CNT001194,TREK011,2023-02-20,08:00,13:39,5.65,Grey Heron,Ardea cinerea,ARDEA_CINE,5,NW,visible_migration,,True,synthetic_fixture,False
CNT001195,TREK011,2023-02-20,08:00,13:39,5.65,Black-headed Gull,Chroicocephalus ridibundus,CHROICOCEP,11,N,visible_migration,overcast,True,synthetic_fixture,False
CNT001196,TREK011,2023-02-20,08:00,13:39,5.65,Great Blue Heron,Ardea herodias,ARDEA_HERO,9,NE,visible_migration,,True,synthetic_fixture,False
CNT001197,TREK011,2023-03-02,05:00,09:27,4.45,Eurasian Sparrowhawk,Accipiter nisus,ACCIPITER_,8,NW,visible_migration,overcast,True,synthetic_fixture,False
CNT001198,TREK011,2023-03-02,05:00,09:27,4.45,Bald Eagle,Haliaeetus leucocephalus,HALIAEETUS,4,E,visible_migration,windy,True,synthetic_fixture,False
CNT001199,TREK011,2023-03-02,05:00,09:27,4.45,Great Cormorant,Phalacrocorax carbo,PHALACROCO,7,SE,visible_migration,,True,synthetic_fixture,False
CNT001200,TREK011,2023-03-02,05:00,09:27,4.45,Mallard,Anas platyrhynchos,ANAS_PLATY,8,E,visible_migration,clear,True,synthetic_fixture,False
CNT001201,TREK011,2023-03-16,07:00,09:41,2.69,Canada Goose,Branta canadensis,BRANTA_CAN,12,SW,visible_migration,light rain,True,synthetic_fixture,False
CNT001202,TREK011,2023-03-16,07:00,09:41,2.69,Common Starling,Sturnus vulgaris,STURNUS_VU,15,N,visible_migration,,True,synthetic_fixture,False
CNT001203,TREK011,2023-03-16,07:00,09:41,2.69,Great Blue Heron,Ardea herodias,ARDEA_HERO,8,S,visible_migration,,True,synthetic_fixture,False
CNT001204,TREK011,2023-03-16,07:00,09:41,2.69,Grey Heron,Ardea cinerea,ARDEA_CINE,7,SW,visible_migration,clear,True,synthetic_fixture,False
CNT001205,TREK011,2023-04-11,06:00,09:09,3.16,Grey Heron,Ardea cinerea,ARDEA_CINE,21,N,visible_migration,,True,synthetic_fixture,False
CNT001206,TREK011,2023-04-11,06:00,09:09,3.16,Common Kestrel,Falco tinnunculus,FALCO_TINN,20,W,visible_migration,clear,True,synthetic_fixture,False
CNT001207,TREK011,2023-04-16,05:00,09:45,4.76,Mute Swan,Cygnus olor,CYGNUS_OLO,8,SW,visible_migration,clear,True,synthetic_fixture,False
CNT001208,TREK011,2023-04-16,05:00,09:45,4.76,Great Cormorant,Phalacrocorax carbo,PHALACROCO,14,E,visible_migration,light rain,True,synthetic_fixture,False
CNT001209,TREK011,2023-04-18,09:00,12:45,3.76,Rock Pigeon,Columba livia,COLUMBA_LI,7,SW,visible_migration,,True,synthetic_fixture,False
CNT001210,TREK011,2023-04-18,09:00,12:45,3.76,American Robin,Turdus migratorius,TURDUS_MIG,13,NW,visible_migration,,True,synthetic_fixture,False
CNT001211,TREK011,2023-04-18,09:00,12:45,3.76,Common Buzzard,Buteo buteo,BUTEO_BUTE,15,W,visible_migration,light rain,True,synthetic_fixture,False
CNT001212,TREK011,2023-04-18,09:00,12:45,3.76,Herring Gull,Larus argentatus,LARUS_ARGE,10,SW,visible_migration,clear,True,synthetic_fixture,False
CNT001213,TREK011,2023-04-18,09:00,12:45,3.76,Grey Heron,Ardea cinerea,ARDEA_CINE,13,SE,visible_migration,clear,True,synthetic_fixture,False
CNT001214,TREK011,2023-04-18,05:00,09:20,4.34,Greylag Goose,Anser anser,ANSER_ANSE,6,SW,visible_migration,light rain,True,synthetic_fixture,False
CNT001215,TREK011,2023-04-18,05:00,09:20,4.34,Grey Heron,Ardea cinerea,ARDEA_CINE,8,E,visible_migration,,True,synthetic_fixture,False
CNT001216,TREK011,2023-04-18,05:00,09:20,4.34,Barn Swallow,Hirundo rustica,HIRUNDO_RU,9,W,visible_migration,overcast,True,synthetic_fixture,False
CNT001217,TREK011,2023-05-09,09:00,14:39,5.65,Common Buzzard,Buteo buteo,BUTEO_BUTE,4,SE,visible_migration,windy,True,synthetic_fixture,False
CNT001218,TREK011,2023-05-09,09:00,14:39,5.65,Barn Swallow,Hirundo rustica,HIRUNDO_RU,4,E,visible_migration,overcast,True,synthetic_fixture,False
CNT001219,TREK011,2023-05-09,09:00,14:39,5.65,Common Raven,Corvus corax,CORVUS_COR,5,W,visible_migration,clear,True,synthetic_fixture,False
CNT001220,TREK011,2023-05-09,09:00,14:39,5.65,Eurasian Sparrowhawk,Accipiter nisus,ACCIPITER_,8,E,visible_migration,windy,True,synthetic_fixture,False
CNT001221,TREK011,2023-05-14,09:00,12:53,3.9,American Robin,Turdus migratorius,TURDUS_MIG,4,S,visible_migration,overcast,True,synthetic_fixture,False
CNT001222,TREK011,2023-05-14,09:00,12:53,3.9,Eurasian Sparrowhawk,Accipiter nisus,ACCIPITER_,5,SE,visible_migration,overcast,True,synthetic_fixture,False
CNT001223,TREK011,2023-05-14,09:00,12:53,3.9,Common Raven,Corvus corax,CORVUS_COR,3,S,visible_migration,overcast,True,synthetic_fixture,False
CNT001224,TREK011,2023-05-14,09:00,12:53,3.9,Great Black-backed Gull,Larus marinus,LARUS_MARI,4,N,visible_migration,clear,True,synthetic_fixture,False
CNT001225,TREK011,2023-05-14,09:00,12:53,3.9,Common Kestrel,Falco tinnunculus,FALCO_TINN,5,S,visible_migration,overcast,True,synthetic_fixture,False
CNT001226,TREK011,2023-05-22,05:00,10:26,5.44,Black-headed Gull,Chroicocephalus ridibundus,CHROICOCEP,2,E,visible_migration,overcast,True,synthetic_fixture,False
CNT001227,TREK011,2023-05-22,05:00,10:26,5.44,Common Ringed Plover,Charadrius hiaticula,CHARADRIUS,5,NW,visible_migration,,True,synthetic_fixture,False
CNT001228,TREK011,2023-05-22,05:00,10:26,5.44,Common Starling,Sturnus vulgaris,STURNUS_VU,6,S,visible_migration,light rain,True,synthetic_fixture,False
CNT001229,TREK011,2023-05-22,05:00,10:26,5.44,Common Kestrel,Falco tinnunculus,FALCO_TINN,6,N,visible_migration,windy,True,synthetic_fixture,False
CNT001230,TREK011,2023-05-22,05:00,10:26,5.44,Eurasian Sparrowhawk,Accipiter nisus,ACCIPITER_,2,W,visible_migration,overcast,True,synthetic_fixture,False
CNT001231,TREK011,2023-07-02,05:00,07:21,2.35,Great Blue Heron,Ardea herodias,ARDEA_HERO,1,S,visible_migration,overcast,True,synthetic_fixture,False
CNT001232,TREK011,2023-07-02,05:00,07:21,2.35,Great Cormorant,Phalacrocorax carbo,PHALACROCO,1,NE,visible_migration,overcast,True,synthetic_fixture,False
CNT001233,TREK011,2023-07-02,05:00,07:21,2.35,American Crow,Corvus brachyrhynchos,CORVUS_BRA,3,NE,visible_migration,,True,synthetic_fixture,False
CNT001234,TREK011,2023-07-18,06:00,07:37,1.63,Barn Swallow,Hirundo rustica,HIRUNDO_RU,2,SW,visible_migration,clear,True,synthetic_fixture,False
CNT001235,TREK011,2023-07-18,06:00,07:37,1.63,Common Kestrel,Falco tinnunculus,FALCO_TINN,4,E,visible_migration,,True,synthetic_fixture,False
CNT001236,TREK011,2023-07-23,09:00,12:45,3.76,Common Ringed Plover,Charadrius hiaticula,CHARADRIUS,11,SE,visible_migration,,False,synthetic_fixture,False
CNT001237,TREK011,2023-08-12,09:00,11:08,2.14,Canada Goose,Branta canadensis,BRANTA_CAN,2,NE,visible_migration,windy,True,synthetic_fixture,False
CNT001238,TREK011,2023-08-12,09:00,11:08,2.14,Rock Pigeon,Columba livia,COLUMBA_LI,4,NE,visible_migration,overcast,True,synthetic_fixture,False
CNT001239,TREK011,2023-08-12,09:00,11:08,2.14,Common Ringed Plover,Charadrius hiaticula,CHARADRIUS,5,NW,visible_migration,light rain,True,synthetic_fixture,False
CNT001240,TREK011,2023-08-12,09:00,11:08,2.14,Black-headed Gull,Chroicocephalus ridibundus,CHROICOCEP,1,S,visible_migration,light rain,True,synthetic_fixture,False
CNT001241,TREK011,2023-08-12,09:00,11:08,2.14,Great Blue Heron,Ardea herodias,ARDEA_HERO,3,E,visible_migration,clear,True,synthetic_fixture,False
CNT001242,TREK011,2023-09-28,09:00,13:40,4.68,Great Blue Heron,Ardea herodias,ARDEA_HERO,5,NW,visible_migration,,True,synthetic_fixture,False
CNT001243,TREK011,2023-09-28,09:00,13:40,4.68,Mallard,Anas platyrhynchos,ANAS_PLATY,12,N,visible_migration,,True,synthetic_fixture,False
CNT001244,TREK011,2023-09-28,09:00,13:40,4.68,Greylag Goose,Anser anser,ANSER_ANSE,8,S,visible_migration,,True,synthetic_fixture,False
CNT001245,TREK011,2023-10-17,09:00,14:24,5.41,Black-headed Gull,Chroicocephalus ridibundus,CHROICOCEP,10,W,visible_migration,clear,True,synthetic_fixture,False
CNT001246,TREK011,2023-10-24,05:00,08:59,3.99,Black-headed Gull,Chroicocephalus ridibundus,CHROICOCEP,7,SW,visible_migration,light rain,True,synthetic_fixture,False
CNT001247,TREK011,2023-10-24,05:00,08:59,3.99,Greylag Goose,Anser anser,ANSER_ANSE,12,E,visible_migration,,True,synthetic_fixture,False
CNT001248,TREK011,2024-01-09,08:00,12:22,4.38,Black-headed Gull,Chroicocephalus ridibundus,CHROICOCEP,1,N,visible_migration,,True,synthetic_fixture,False
CNT001249,TREK011,2024-01-09,08:00,12:22,4.38,Bald Eagle,Haliaeetus leucocephalus,HALIAEETUS,7,S,visible_migration,windy,True,synthetic_fixture,False
CNT001250,TREK011,2024-01-09,08:00,12:22,4.38,Common Buzzard,Buteo buteo,BUTEO_BUTE,2,NW,visible_migration,clear,True,synthetic_fixture,False
CNT001251,TREK011,2024-01-17,08:00,09:39,1.66,Mallard,Anas platyrhynchos,ANAS_PLATY,4,S,visible_migration,clear,True,synthetic_fixture,False
CNT001252,TREK011,2024-01-17,08:00,09:39,1.66,Eurasian Sparrowhawk,Accipiter nisus,ACCIPITER_,1,E,visible_migration,light rain,True,synthetic_fixture,False
CNT001253,TREK011,2024-01-17,08:00,09:39,1.66,American Crow,Corvus brachyrhynchos,CORVUS_BRA,5,N,visible_migration,overcast,True,synthetic_fixture,False
CNT001254,TREK011,2024-01-17,08:00,09:39,1.66,Canada Goose,Branta canadensis,BRANTA_CAN,0,N,visible_migration,,True,synthetic_fixture,False
CNT001255,TREK011,2024-01-17,08:00,09:39,1.66,Mute Swan,Cygnus olor,CYGNUS_OLO,1,NE,visible_migration,clear,True,synthetic_fixture,False
CNT001256,TREK011,2024-01-20,07:00,11:15,4.26,Grey Heron,Ardea cinerea,ARDEA_CINE,4,W,visible_migration,clear,True,synthetic_fixture,False
CNT001257,TREK011,2024-01-20,07:00,11:15,4.26,Great Black-backed Gull,Larus marinus,LARUS_MARI,1,W,visible_migration,clear,True,synthetic_fixture,False
CNT001258,TREK011,2024-01-20,07:00,11:15,4.26,Greylag Goose,Anser anser,ANSER_ANSE,4,NW,visible_migration,windy,True,synthetic_fixture,False
CNT001259,TREK011,2024-01-20,07:00,11:15,4.26,American Robin,Turdus migratorius,TURDUS_MIG,5,SW,visible_migration,clear,False,synthetic_fixture,False
CNT001260,TREK011,2024-02-06,09:00,13:28,4.47,American Robin,Turdus migratorius,TURDUS_MIG,0,E,visible_migration,light rain,True,synthetic_fixture,False
CNT001261,TREK011,2024-02-13,09:00,11:58,2.97,Eurasian Sparrowhawk,Accipiter nisus,ACCIPITER_,3,NW,visible_migration,,True,synthetic_fixture,False
CNT001262,TREK011,2024-02-13,09:00,11:58,2.97,Common Ringed Plover,Charadrius hiaticula,CHARADRIUS,3,NW,visible_migration,overcast,True,synthetic_fixture,False
CNT001263,TREK011,2024-02-13,09:00,11:58,2.97,Bald Eagle,Haliaeetus leucocephalus,HALIAEETUS,4,SW,visible_migration,clear,True,synthetic_fixture,False
CNT001264,TREK011,2024-02-13,09:00,11:58,2.97,Great Cormorant,Phalacrocorax carbo,PHALACROCO,0,S,visible_migration,,True,synthetic_fixture,False
CNT001265,TREK011,2024-03-09,09:00,13:37,4.62,Rock Pigeon,Columba livia,COLUMBA_LI,4,W,visible_migration,clear,True,synthetic_fixture,False
CNT001266,TREK011,2024-06-06,05:00,08:29,3.49,Mute Swan,Cygnus olor,CYGNUS_OLO,3,SW,visible_migration,,True,synthetic_fixture,False
CNT001267,TREK011,2024-06-06,05:00,08:29,3.49,Great Cormorant,Phalacrocorax carbo,PHALACROCO,4,SE,visible_migration,clear,True,synthetic_fixture,False
CNT001268,TREK011,2024-06-22,07:00,08:33,1.56,American Robin,Turdus migratorius,TURDUS_MIG,6,NE,visible_migration,light rain,True,synthetic_fixture,False
CNT001269,TREK011,2024-06-22,07:00,08:33,1.56,Great Cormorant,Phalacrocorax carbo,PHALACROCO,6,NE,visible_migration,clear,True,synthetic_fixture,False
CNT001270,TREK011,2024-06-22,07:00,08:33,1.56,American Crow,Corvus brachyrhynchos,CORVUS_BRA,1,NW,visible_migration,,True,synthetic_fixture,False
CNT001271,TREK011,2024-07-27,06:00,09:46,3.78,Eurasian Sparrowhawk,Accipiter nisus,ACCIPITER_,5,NW,visible_migration,clear,True,synthetic_fixture,False
CNT001272,TREK011,2024-07-27,06:00,09:46,3.78,Common Ringed Plover,Charadrius hiaticula,CHARADRIUS,4,NW,visible_migration,overcast,True,synthetic_fixture,False
CNT001273,TREK011,2024-08-09,06:00,10:34,4.57,American Crow,Corvus brachyrhynchos,CORVUS_BRA,3,NE,visible_migration,overcast,True,synthetic_fixture,False
CNT001274,TREK011,2024-08-09,06:00,10:34,4.57,Greylag Goose,Anser anser,ANSER_ANSE,1,SW,visible_migration,windy,True,synthetic_fixture,False
CNT001275,TREK011,2024-08-09,06:00,10:34,4.57,Mute Swan,Cygnus olor,CYGNUS_OLO,4,N,visible_migration,overcast,True,synthetic_fixture,False
CNT001276,TREK011,2024-08-18,05:00,07:12,2.2,Rock Pigeon,Columba livia,COLUMBA_LI,7,W,visible_migration,clear,True,synthetic_fixture,False
CNT001277,TREK011,2024-08-18,05:00,07:12,2.2,Eurasian Sparrowhawk,Accipiter nisus,ACCIPITER_,8,NE,visible_migration,light rain,True,synthetic_fixture,False
CNT001278,TREK011,2024-08-18,05:00,07:12,2.2,Great Cormorant,Phalacrocorax carbo,PHALACROCO,8,NE,visible_migration,light rain,True,synthetic_fixture,False
CNT001279,TREK011,2024-08-18,05:00,07:12,2.2,Black-headed Gull,Chroicocephalus ridibundus,CHROICOCEP,7,W,visible_migration,windy,True,synthetic_fixture,False
CNT001280,TREK011,2024-08-18,05:00,07:12,2.2,Bald Eagle,Haliaeetus leucocephalus,HALIAEETUS,7,S,visible_migration,overcast,True,synthetic_fixture,False
CNT001281,TREK011,2024-09-02,05:00,08:32,3.54,Common Kestrel,Falco tinnunculus,FALCO_TINN,9,NW,visible_migration,clear,True,synthetic_fixture,False
CNT001282,TREK011,2024-09-02,05:00,08:32,3.54,Black-headed Gull,Chroicocephalus ridibundus,CHROICOCEP,11,E,visible_migration,overcast,True,synthetic_fixture,False
CNT001283,TREK011,2024-09-02,05:00,08:32,3.54,Rock Pigeon,Columba livia,COLUMBA_LI,8,SE,visible_migration,light rain,True,synthetic_fixture,False
CNT001284,TREK011,2024-09-02,05:00,08:32,3.54,American Crow,Corvus brachyrhynchos,CORVUS_BRA,5,NW,visible_migration,,True,synthetic_fixture,False
CNT001285,TREK011,2024-09-02,05:00,08:32,3.54,American Robin,Turdus migratorius,TURDUS_MIG,14,SW,visible_migration,,True,synthetic_fixture,False
CNT001286,TREK011,2024-09-25,07:00,09:27,2.45,Mute Swan,Cygnus olor,CYGNUS_OLO,10,N,visible_migration,,True,synthetic_fixture,False
CNT001287,TREK011,2024-09-26,08:00,11:50,3.84,American Crow,Corvus brachyrhynchos,CORVUS_BRA,10,E,visible_migration,windy,True,synthetic_fixture,False
CNT001288,TREK011,2024-09-26,08:00,11:50,3.84,Common Buzzard,Buteo buteo,BUTEO_BUTE,5,SE,visible_migration,clear,True,synthetic_fixture,False
CNT001289,TREK011,2024-09-26,08:00,11:50,3.84,Common Raven,Corvus corax,CORVUS_COR,13,NW,visible_migration,windy,True,synthetic_fixture,False
CNT001290,TREK011,2024-09-26,08:00,11:50,3.84,Grey Heron,Ardea cinerea,ARDEA_CINE,11,N,visible_migration,light rain,True,synthetic_fixture,False
CNT001291,TREK011,2024-11-07,06:00,08:07,2.13,American Robin,Turdus migratorius,TURDUS_MIG,4,N,visible_migration,windy,True,synthetic_fixture,False
CNT001292,TREK011,2024-11-07,06:00,08:07,2.13,Canada Goose,Branta canadensis,BRANTA_CAN,1,SW,visible_migration,overcast,True,synthetic_fixture,False
CNT001293,TREK011,2024-11-07,06:00,08:07,2.13,Common Ringed Plover,Charadrius hiaticula,CHARADRIUS,6,E,visible_migration,light rain,True,synthetic_fixture,False
CNT001294,TREK011,2024-11-15,08:00,10:27,2.45,Bald Eagle,Haliaeetus leucocephalus,HALIAEETUS,7,W,visible_migration,windy,True,synthetic_fixture,False
CNT001295,TREK011,2024-11-17,09:00,12:19,3.33,Canada Goose,Branta canadensis,BRANTA_CAN,1,NW,visible_migration,light rain,True,synthetic_fixture,False
CNT001296,TREK011,2024-11-17,09:00,12:19,3.33,Greylag Goose,Anser anser,ANSER_ANSE,5,SW,visible_migration,clear,True,synthetic_fixture,False
CNT001297,TREK011,2024-11-17,09:00,12:19,3.33,Common Raven,Corvus corax,CORVUS_COR,1,NW,visible_migration,overcast,True,synthetic_fixture,False
CNT001298,TREK011,2024-11-17,09:00,12:19,3.33,Barn Swallow,Hirundo rustica,HIRUNDO_RU,6,S,visible_migration,,True,synthetic_fixture,False
CNT001299,TREK011,2024-11-17,09:00,12:19,3.33,Bald Eagle,Haliaeetus leucocephalus,HALIAEETUS,6,E,visible_migration,clear,True,synthetic_fixture,False
CNT001300,TREK011,2024-12-02,06:00,08:50,2.84,Barn Swallow,Hirundo rustica,HIRUNDO_RU,3,NE,visible_migration,windy,True,synthetic_fixture,False
CNT001301,TREK011,2024-12-02,06:00,08:50,2.84,American Crow,Corvus brachyrhynchos,CORVUS_BRA,7,S,visible_migration,,False,synthetic_fixture,False
CNT001302,TREK011,2024-12-08,06:00,10:02,4.04,Great Cormorant,Phalacrocorax carbo,PHALACROCO,2,NE,visible_migration,clear,True,synthetic_fixture,False
CNT001303,TREK011,2024-12-08,06:00,10:02,4.04,Canada Goose,Branta canadensis,BRANTA_CAN,5,W,visible_migration,,True,synthetic_fixture,False
CNT001304,TREK011,2024-12-08,06:00,10:02,4.04,Common Kestrel,Falco tinnunculus,FALCO_TINN,1,E,visible_migration,light rain,True,synthetic_fixture,False
CNT001305,TREK012,2023-01-01,09:00,11:20,2.34,Rock Pigeon,Columba livia,COLUMBA_LI,8,NW,nocturnal_flight_call,overcast,True,synthetic_fixture,False
CNT001306,TREK012,2023-01-01,09:00,11:20,2.34,Common Raven,Corvus corax,CORVUS_COR,5,SE,nocturnal_flight_call,windy,True,synthetic_fixture,False
CNT001307,TREK012,2023-01-21,06:00,11:28,5.48,Barn Swallow,Hirundo rustica,HIRUNDO_RU,2,S,nocturnal_flight_call,overcast,True,synthetic_fixture,False
CNT001308,TREK012,2023-01-21,06:00,11:28,5.48,Common Raven,Corvus corax,CORVUS_COR,2,NE,nocturnal_flight_call,light rain,True,synthetic_fixture,False
CNT001309,TREK012,2023-01-21,06:00,11:28,5.48,Eurasian Sparrowhawk,Accipiter nisus,ACCIPITER_,1,SE,nocturnal_flight_call,light rain,True,synthetic_fixture,False
CNT001310,TREK012,2023-01-21,06:00,11:28,5.48,Common Buzzard,Buteo buteo,BUTEO_BUTE,4,NW,nocturnal_flight_call,clear,True,synthetic_fixture,False
CNT001311,TREK012,2023-01-25,07:00,11:46,4.77,Common Kestrel,Falco tinnunculus,FALCO_TINN,3,SW,nocturnal_flight_call,overcast,True,synthetic_fixture,False
CNT001312,TREK012,2023-01-25,07:00,11:46,4.77,Eurasian Sparrowhawk,Accipiter nisus,ACCIPITER_,1,NW,nocturnal_flight_call,overcast,True,synthetic_fixture,False
CNT001313,TREK012,2023-01-25,07:00,11:46,4.77,Great Black-backed Gull,Larus marinus,LARUS_MARI,4,S,nocturnal_flight_call,light rain,True,synthetic_fixture,False
CNT001314,TREK012,2023-01-25,07:00,11:46,4.77,Herring Gull,Larus argentatus,LARUS_ARGE,2,S,nocturnal_flight_call,clear,True,synthetic_fixture,False
CNT001315,TREK012,2023-03-15,09:00,14:36,5.61,American Robin,Turdus migratorius,TURDUS_MIG,7,NE,nocturnal_flight_call,overcast,True,synthetic_fixture,False
CNT001316,TREK012,2023-03-15,09:00,14:36,5.61,Grey Heron,Ardea cinerea,ARDEA_CINE,8,NW,nocturnal_flight_call,light rain,True,synthetic_fixture,False
CNT001317,TREK012,2023-03-15,09:00,14:36,5.61,Herring Gull,Larus argentatus,LARUS_ARGE,7,SE,nocturnal_flight_call,windy,True,synthetic_fixture,False
CNT001318,TREK012,2023-03-15,09:00,14:36,5.61,Bald Eagle,Haliaeetus leucocephalus,HALIAEETUS,10,SW,nocturnal_flight_call,overcast,True,synthetic_fixture,False
CNT001319,TREK012,2023-04-30,07:00,10:53,3.89,Greylag Goose,Anser anser,ANSER_ANSE,9,NE,nocturnal_flight_call,clear,True,synthetic_fixture,False
CNT001320,TREK012,2023-04-30,07:00,10:53,3.89,American Crow,Corvus brachyrhynchos,CORVUS_BRA,12,SW,nocturnal_flight_call,,True,synthetic_fixture,False
CNT001321,TREK012,2023-05-09,09:00,13:31,4.53,Mallard,Anas platyrhynchos,ANAS_PLATY,12,S,nocturnal_flight_call,clear,True,synthetic_fixture,False
CNT001322,TREK012,2023-05-09,09:00,13:31,4.53,Bald Eagle,Haliaeetus leucocephalus,HALIAEETUS,7,N,nocturnal_flight_call,clear,True,synthetic_fixture,False
CNT001323,TREK012,2023-05-09,09:00,13:31,4.53,Grey Heron,Ardea cinerea,ARDEA_CINE,7,W,nocturnal_flight_call,overcast,False,synthetic_fixture,False
CNT001324,TREK012,2023-05-09,09:00,13:31,4.53,Common Buzzard,Buteo buteo,BUTEO_BUTE,8,E,nocturnal_flight_call,light rain,True,synthetic_fixture,False
CNT001325,TREK012,2023-06-11,06:00,10:34,4.58,Mute Swan,Cygnus olor,CYGNUS_OLO,4,SW,nocturnal_flight_call,,True,synthetic_fixture,False
CNT001326,TREK012,2023-06-11,06:00,10:34,4.58,American Crow,Corvus brachyrhynchos,CORVUS_BRA,4,SW,nocturnal_flight_call,light rain,True,synthetic_fixture,False
CNT001327,TREK012,2023-07-06,05:00,09:49,4.82,Bald Eagle,Haliaeetus leucocephalus,HALIAEETUS,1,SE,nocturnal_flight_call,windy,True,synthetic_fixture,False
CNT001328,TREK012,2023-07-06,05:00,09:49,4.82,Black-headed Gull,Chroicocephalus ridibundus,CHROICOCEP,1,W,nocturnal_flight_call,light rain,True,synthetic_fixture,False
CNT001329,TREK012,2023-07-06,05:00,09:49,4.82,Grey Heron,Ardea cinerea,ARDEA_CINE,2,NW,nocturnal_flight_call,overcast,True,synthetic_fixture,False
CNT001330,TREK012,2023-07-06,05:00,09:49,4.82,Common Buzzard,Buteo buteo,BUTEO_BUTE,2,W,nocturnal_flight_call,clear,True,synthetic_fixture,False
CNT001331,TREK012,2023-07-06,05:00,09:49,4.82,Rock Pigeon,Columba livia,COLUMBA_LI,2,SW,nocturnal_flight_call,clear,True,synthetic_fixture,False
CNT001332,TREK012,2023-07-23,07:00,09:22,2.38,Grey Heron,Ardea cinerea,ARDEA_CINE,5,N,nocturnal_flight_call,,True,synthetic_fixture,False
CNT001333,TREK012,2023-07-23,07:00,09:22,2.38,Mute Swan,Cygnus olor,CYGNUS_OLO,5,NW,nocturnal_flight_call,overcast,False,synthetic_fixture,False
CNT001334,TREK012,2023-07-24,07:00,08:44,1.74,Great Black-backed Gull,Larus marinus,LARUS_MARI,2,N,nocturnal_flight_call,windy,True,synthetic_fixture,False
CNT001335,TREK012,2023-08-07,06:00,07:43,1.73,Mallard,Anas platyrhynchos,ANAS_PLATY,8,SE,nocturnal_flight_call,overcast,True,synthetic_fixture,False
CNT001336,TREK012,2023-08-07,06:00,07:43,1.73,Great Black-backed Gull,Larus marinus,LARUS_MARI,4,NE,nocturnal_flight_call,clear,True,synthetic_fixture,False
CNT001337,TREK012,2023-08-07,06:00,07:43,1.73,Great Cormorant,Phalacrocorax carbo,PHALACROCO,7,S,nocturnal_flight_call,overcast,False,synthetic_fixture,False
CNT001338,TREK012,2023-08-26,08:00,13:22,5.38,Grey Heron,Ardea cinerea,ARDEA_CINE,8,NW,nocturnal_flight_call,light rain,True,synthetic_fixture,False
CNT001339,TREK012,2023-08-26,08:00,13:22,5.38,Mute Swan,Cygnus olor,CYGNUS_OLO,8,NE,nocturnal_flight_call,,False,synthetic_fixture,False
CNT001340,TREK012,2023-08-26,08:00,13:22,5.38,Rock Pigeon,Columba livia,COLUMBA_LI,3,W,nocturnal_flight_call,windy,True,synthetic_fixture,False
CNT001341,TREK012,2023-09-04,06:00,09:05,3.09,Common Ringed Plover,Charadrius hiaticula,CHARADRIUS,4,SW,nocturnal_flight_call,,True,synthetic_fixture,False
CNT001342,TREK012,2023-09-04,06:00,09:05,3.09,Eurasian Sparrowhawk,Accipiter nisus,ACCIPITER_,8,W,nocturnal_flight_call,,True,synthetic_fixture,False
CNT001343,TREK012,2023-09-04,06:00,09:05,3.09,Great Blue Heron,Ardea herodias,ARDEA_HERO,14,SE,nocturnal_flight_call,overcast,True,synthetic_fixture,False
CNT001344,TREK012,2023-09-04,06:00,09:05,3.09,Common Kestrel,Falco tinnunculus,FALCO_TINN,12,N,nocturnal_flight_call,light rain,True,synthetic_fixture,False
CNT001345,TREK012,2023-09-05,09:00,14:13,5.22,Great Blue Heron,Ardea herodias,ARDEA_HERO,8,SE,nocturnal_flight_call,light rain,True,synthetic_fixture,False
CNT001346,TREK012,2023-09-05,09:00,14:13,5.22,Common Raven,Corvus corax,CORVUS_COR,7,NE,nocturnal_flight_call,windy,True,synthetic_fixture,False
CNT001347,TREK012,2023-09-07,08:00,11:14,3.24,Barn Swallow,Hirundo rustica,HIRUNDO_RU,9,SE,nocturnal_flight_call,,True,synthetic_fixture,False
CNT001348,TREK012,2023-09-07,08:00,11:14,3.24,Common Starling,Sturnus vulgaris,STURNUS_VU,11,E,nocturnal_flight_call,,True,synthetic_fixture,False
CNT001349,TREK012,2023-09-07,08:00,11:14,3.24,Eurasian Sparrowhawk,Accipiter nisus,ACCIPITER_,3,NE,nocturnal_flight_call,clear,True,synthetic_fixture,False
CNT001350,TREK012,2023-09-07,08:00,11:14,3.24,Grey Heron,Ardea cinerea,ARDEA_CINE,13,E,nocturnal_flight_call,windy,True,synthetic_fixture,False
CNT001351,TREK012,2023-09-07,08:00,11:14,3.24,Greylag Goose,Anser anser,ANSER_ANSE,7,E,nocturnal_flight_call,windy,True,synthetic_fixture,False
CNT001352,TREK012,2023-09-08,08:00,12:37,4.63,Eurasian Sparrowhawk,Accipiter nisus,ACCIPITER_,9,SW,nocturnal_flight_call,light rain,True,synthetic_fixture,False
CNT001353,TREK012,2023-09-08,08:00,12:37,4.63,Common Ringed Plover,Charadrius hiaticula,CHARADRIUS,3,E,nocturnal_flight_call,overcast,True,synthetic_fixture,False
CNT001354,TREK012,2023-09-08,08:00,12:37,4.63,American Robin,Turdus migratorius,TURDUS_MIG,8,NW,nocturnal_flight_call,,True,synthetic_fixture,False
CNT001355,TREK012,2023-09-08,08:00,12:37,4.63,Barn Swallow,Hirundo rustica,HIRUNDO_RU,14,S,nocturnal_flight_call,,True,synthetic_fixture,False
CNT001356,TREK012,2023-09-08,08:00,12:37,4.63,Herring Gull,Larus argentatus,LARUS_ARGE,9,NW,nocturnal_flight_call,overcast,True,synthetic_fixture,False
CNT001357,TREK012,2023-09-21,05:00,07:03,2.06,Common Raven,Corvus corax,CORVUS_COR,8,W,nocturnal_flight_call,clear,True,synthetic_fixture,False
CNT001358,TREK012,2023-10-07,06:00,10:16,4.27,Common Raven,Corvus corax,CORVUS_COR,13,W,nocturnal_flight_call,windy,True,synthetic_fixture,False
CNT001359,TREK012,2023-10-07,06:00,10:16,4.27,Herring Gull,Larus argentatus,LARUS_ARGE,13,W,nocturnal_flight_call,windy,True,synthetic_fixture,False
CNT001360,TREK012,2023-10-07,06:00,10:16,4.27,Common Ringed Plover,Charadrius hiaticula,CHARADRIUS,8,SE,nocturnal_flight_call,,True,synthetic_fixture,False
CNT001361,TREK012,2023-10-07,06:00,10:16,4.27,Bald Eagle,Haliaeetus leucocephalus,HALIAEETUS,15,E,nocturnal_flight_call,clear,True,synthetic_fixture,False
CNT001362,TREK012,2023-10-23,09:00,11:57,2.95,Bald Eagle,Haliaeetus leucocephalus,HALIAEETUS,7,NW,nocturnal_flight_call,overcast,True,synthetic_fixture,False
CNT001363,TREK012,2023-10-23,09:00,11:57,2.95,Common Raven,Corvus corax,CORVUS_COR,8,S,nocturnal_flight_call,,True,synthetic_fixture,False
CNT001364,TREK012,2023-10-23,09:00,11:57,2.95,Barn Swallow,Hirundo rustica,HIRUNDO_RU,5,W,nocturnal_flight_call,clear,True,synthetic_fixture,False
CNT001365,TREK012,2023-10-23,09:00,11:57,2.95,Mute Swan,Cygnus olor,CYGNUS_OLO,10,S,nocturnal_flight_call,light rain,True,synthetic_fixture,False
CNT001366,TREK012,2023-10-23,09:00,11:57,2.95,Herring Gull,Larus argentatus,LARUS_ARGE,8,SE,nocturnal_flight_call,,True,synthetic_fixture,False
CNT001367,TREK012,2023-11-05,09:00,11:30,2.51,American Crow,Corvus brachyrhynchos,CORVUS_BRA,6,S,nocturnal_flight_call,clear,True,synthetic_fixture,False
CNT001368,TREK012,2023-11-30,07:00,12:57,5.95,Canada Goose,Branta canadensis,BRANTA_CAN,4,N,nocturnal_flight_call,light rain,True,synthetic_fixture,False
CNT001369,TREK012,2023-11-30,07:00,12:57,5.95,American Crow,Corvus brachyrhynchos,CORVUS_BRA,4,SE,nocturnal_flight_call,clear,True,synthetic_fixture,False
CNT001370,TREK012,2023-11-30,07:00,12:57,5.95,Common Buzzard,Buteo buteo,BUTEO_BUTE,7,W,nocturnal_flight_call,,True,synthetic_fixture,False
CNT001371,TREK012,2023-11-30,07:00,12:57,5.95,Grey Heron,Ardea cinerea,ARDEA_CINE,5,N,nocturnal_flight_call,overcast,True,synthetic_fixture,False
CNT001372,TREK012,2023-11-30,07:00,12:57,5.95,Rock Pigeon,Columba livia,COLUMBA_LI,5,NW,nocturnal_flight_call,clear,True,synthetic_fixture,False
CNT001373,TREK012,2023-12-01,09:00,13:58,4.97,Mallard,Anas platyrhynchos,ANAS_PLATY,6,S,nocturnal_flight_call,overcast,True,synthetic_fixture,False
CNT001374,TREK012,2024-01-08,09:00,12:36,3.6,Common Raven,Corvus corax,CORVUS_COR,3,S,nocturnal_flight_call,windy,False,synthetic_fixture,False
CNT001375,TREK012,2024-01-08,09:00,12:36,3.6,Herring Gull,Larus argentatus,LARUS_ARGE,5,S,nocturnal_flight_call,overcast,True,synthetic_fixture,False
CNT001376,TREK012,2024-01-08,09:00,12:36,3.6,Mallard,Anas platyrhynchos,ANAS_PLATY,2,N,nocturnal_flight_call,clear,True,synthetic_fixture,False
CNT001377,TREK012,2024-01-08,09:00,12:36,3.6,Great Black-backed Gull,Larus marinus,LARUS_MARI,2,E,nocturnal_flight_call,windy,True,synthetic_fixture,False
CNT001378,TREK012,2024-02-02,05:00,07:00,2.0,American Crow,Corvus brachyrhynchos,CORVUS_BRA,4,NE,nocturnal_flight_call,windy,True,synthetic_fixture,False
CNT001379,TREK012,2024-02-02,05:00,07:00,2.0,Mallard,Anas platyrhynchos,ANAS_PLATY,5,SE,nocturnal_flight_call,overcast,True,synthetic_fixture,False
CNT001380,TREK012,2024-02-02,05:00,07:00,2.0,Bald Eagle,Haliaeetus leucocephalus,HALIAEETUS,1,S,nocturnal_flight_call,clear,True,synthetic_fixture,False
CNT001381,TREK012,2024-03-13,08:00,11:51,3.86,Common Starling,Sturnus vulgaris,STURNUS_VU,7,NE,nocturnal_flight_call,,True,synthetic_fixture,False
CNT001382,TREK012,2024-03-13,08:00,11:51,3.86,Common Ringed Plover,Charadrius hiaticula,CHARADRIUS,13,NW,nocturnal_flight_call,overcast,True,synthetic_fixture,False
CNT001383,TREK012,2024-03-13,08:00,11:51,3.86,Black-headed Gull,Chroicocephalus ridibundus,CHROICOCEP,8,S,nocturnal_flight_call,overcast,True,synthetic_fixture,False
CNT001384,TREK012,2024-03-13,08:00,11:51,3.86,American Robin,Turdus migratorius,TURDUS_MIG,3,NW,nocturnal_flight_call,clear,True,synthetic_fixture,False
CNT001385,TREK012,2024-03-18,05:00,08:10,3.18,Grey Heron,Ardea cinerea,ARDEA_CINE,12,NE,nocturnal_flight_call,windy,True,synthetic_fixture,False
CNT001386,TREK012,2024-03-18,05:00,08:10,3.18,Rock Pigeon,Columba livia,COLUMBA_LI,9,W,nocturnal_flight_call,light rain,True,synthetic_fixture,False
CNT001387,TREK012,2024-03-18,05:00,08:10,3.18,Common Starling,Sturnus vulgaris,STURNUS_VU,9,SE,nocturnal_flight_call,light rain,True,synthetic_fixture,False
CNT001388,TREK012,2024-03-18,05:00,08:10,3.18,Black-headed Gull,Chroicocephalus ridibundus,CHROICOCEP,5,S,nocturnal_flight_call,overcast,True,synthetic_fixture,False
CNT001389,TREK012,2024-03-27,07:00,08:30,1.5,American Crow,Corvus brachyrhynchos,CORVUS_BRA,11,S,nocturnal_flight_call,overcast,True,synthetic_fixture,False
CNT001390,TREK012,2024-03-27,07:00,08:30,1.5,Great Cormorant,Phalacrocorax carbo,PHALACROCO,8,W,nocturnal_flight_call,clear,True,synthetic_fixture,False
CNT001391,TREK012,2024-05-17,09:00,10:58,1.97,Great Black-backed Gull,Larus marinus,LARUS_MARI,6,SW,nocturnal_flight_call,windy,True,synthetic_fixture,False
CNT001392,TREK012,2024-05-26,05:00,07:04,2.08,Barn Swallow,Hirundo rustica,HIRUNDO_RU,4,W,nocturnal_flight_call,overcast,True,synthetic_fixture,False
CNT001393,TREK012,2024-05-26,05:00,07:04,2.08,Herring Gull,Larus argentatus,LARUS_ARGE,5,SW,nocturnal_flight_call,overcast,True,synthetic_fixture,False
CNT001394,TREK012,2024-05-27,08:00,12:16,4.28,Common Raven,Corvus corax,CORVUS_COR,3,SW,nocturnal_flight_call,overcast,True,synthetic_fixture,False
CNT001395,TREK012,2024-05-27,08:00,12:16,4.28,Common Kestrel,Falco tinnunculus,FALCO_TINN,5,NE,nocturnal_flight_call,clear,True,synthetic_fixture,False
CNT001396,TREK012,2024-05-27,08:00,12:16,4.28,American Robin,Turdus migratorius,TURDUS_MIG,3,SE,nocturnal_flight_call,light rain,False,synthetic_fixture,False
CNT001397,TREK012,2024-05-27,08:00,12:16,4.28,Barn Swallow,Hirundo rustica,HIRUNDO_RU,6,W,nocturnal_flight_call,overcast,True,synthetic_fixture,False
CNT001398,TREK012,2024-06-05,05:00,09:55,4.93,Great Blue Heron,Ardea herodias,ARDEA_HERO,3,NE,nocturnal_flight_call,windy,True,synthetic_fixture,False
CNT001399,TREK012,2024-08-05,05:00,09:24,4.41,Mute Swan,Cygnus olor,CYGNUS_OLO,2,NE,nocturnal_flight_call,,True,synthetic_fixture,False
CNT001400,TREK012,2024-08-05,05:00,09:24,4.41,Common Kestrel,Falco tinnunculus,FALCO_TINN,4,W,nocturnal_flight_call,light rain,True,synthetic_fixture,False
CNT001401,TREK012,2024-08-16,05:00,07:35,2.59,Rock Pigeon,Columba livia,COLUMBA_LI,7,NE,nocturnal_flight_call,windy,True,synthetic_fixture,False
CNT001402,TREK012,2024-08-16,05:00,07:35,2.59,Grey Heron,Ardea cinerea,ARDEA_CINE,8,N,nocturnal_flight_call,,True,synthetic_fixture,False
CNT001403,TREK012,2024-08-16,05:00,07:35,2.59,Common Starling,Sturnus vulgaris,STURNUS_VU,3,NE,nocturnal_flight_call,overcast,True,synthetic_fixture,False
CNT001404,TREK012,2024-08-18,09:00,10:45,1.76,Canada Goose,Branta canadensis,BRANTA_CAN,5,SW,nocturnal_flight_call,,True,synthetic_fixture,False
CNT001405,TREK012,2024-08-18,09:00,10:45,1.76,Common Starling,Sturnus vulgaris,STURNUS_VU,7,SW,nocturnal_flight_call,overcast,True,synthetic_fixture,False
CNT001406,TREK012,2024-08-18,09:00,10:45,1.76,Mute Swan,Cygnus olor,CYGNUS_OLO,8,E,nocturnal_flight_call,windy,True,synthetic_fixture,False
CNT001407,TREK012,2024-08-18,09:00,10:45,1.76,Bald Eagle,Haliaeetus leucocephalus,HALIAEETUS,6,S,nocturnal_flight_call,clear,True,synthetic_fixture,False
CNT001408,TREK012,2024-08-18,09:00,10:45,1.76,Grey Heron,Ardea cinerea,ARDEA_CINE,9,E,nocturnal_flight_call,overcast,True,synthetic_fixture,False
CNT001409,TREK012,2024-09-13,05:00,06:18,1.31,Common Buzzard,Buteo buteo,BUTEO_BUTE,15,W,nocturnal_flight_call,clear,True,synthetic_fixture,False
CNT001410,TREK012,2024-09-13,05:00,06:18,1.31,Greylag Goose,Anser anser,ANSER_ANSE,11,N,nocturnal_flight_call,,True,synthetic_fixture,False
CNT001411,TREK012,2024-10-14,05:00,09:45,4.75,Barn Swallow,Hirundo rustica,HIRUNDO_RU,9,S,nocturnal_flight_call,clear,True,synthetic_fixture,False
CNT001412,TREK012,2024-10-15,09:00,14:26,5.44,Common Buzzard,Buteo buteo,BUTEO_BUTE,15,W,nocturnal_flight_call,clear,True,synthetic_fixture,False
CNT001413,TREK012,2024-10-15,09:00,14:26,5.44,Common Kestrel,Falco tinnunculus,FALCO_TINN,8,S,nocturnal_flight_call,overcast,True,synthetic_fixture,False
CNT001414,TREK012,2024-10-15,06:00,08:45,2.75,Canada Goose,Branta canadensis,BRANTA_CAN,3,E,nocturnal_flight_call,,True,synthetic_fixture,False
CNT001415,TREK012,2024-10-15,06:00,08:45,2.75,Common Kestrel,Falco tinnunculus,FALCO_TINN,12,NW,nocturnal_flight_call,overcast,True,synthetic_fixture,False
CNT001416,TREK012,2024-11-25,09:00,11:55,2.92,Herring Gull,Larus argentatus,LARUS_ARGE,6,N,nocturnal_flight_call,clear,True,synthetic_fixture,False
CNT001417,TREK012,2024-11-25,09:00,11:55,2.92,Eurasian Sparrowhawk,Accipiter nisus,ACCIPITER_,3,NW,nocturnal_flight_call,clear,True,synthetic_fixture,False
CNT001418,TREK012,2024-11-25,09:00,11:55,2.92,Common Starling,Sturnus vulgaris,STURNUS_VU,1,SW,nocturnal_flight_call,,True,synthetic_fixture,False
CNT001419,TREK012,2024-11-25,09:00,11:55,2.92,Great Black-backed Gull,Larus marinus,LARUS_MARI,5,W,nocturnal_flight_call,windy,True,synthetic_fixture,False
CNT001420,TREK012,2024-12-16,05:00,07:46,2.78,Greylag Goose,Anser anser,ANSER_ANSE,5,E,nocturnal_flight_call,windy,True,synthetic_fixture,False
CNT001421,TREK012,2024-12-16,05:00,07:46,2.78,Barn Swallow,Hirundo rustica,HIRUNDO_RU,1,NE,nocturnal_flight_call,windy,True,synthetic_fixture,False
CNT001422,TREK012,2024-12-16,05:00,07:46,2.78,Common Raven,Corvus corax,CORVUS_COR,5,NE,nocturnal_flight_call,windy,True,synthetic_fixture,False
CNT001423,TREK012,2024-12-16,05:00,07:46,2.78,Mallard,Anas platyrhynchos,ANAS_PLATY,1,NE,nocturnal_flight_call,,True,synthetic_fixture,False
CNT001424,TREK012,2024-12-23,05:00,10:10,5.18,Bald Eagle,Haliaeetus leucocephalus,HALIAEETUS,3,W,nocturnal_flight_call,,True,synthetic_fixture,False
CNT001425,TREK012,2024-12-23,05:00,10:10,5.18,Rock Pigeon,Columba livia,COLUMBA_LI,3,W,nocturnal_flight_call,clear,True,synthetic_fixture,False
CNT001426,TREK012,2024-12-23,05:00,10:10,5.18,Mallard,Anas platyrhynchos,ANAS_PLATY,3,S,nocturnal_flight_call,,True,synthetic_fixture,False
CNT001427,TREK013,2023-01-06,07:00,12:25,5.43,American Crow,Corvus brachyrhynchos,CORVUS_BRA,1,N,visible_migration,windy,True,synthetic_fixture,False
CNT001428,TREK013,2023-01-06,07:00,12:25,5.43,Rock Pigeon,Columba livia,COLUMBA_LI,2,W,visible_migration,,True,synthetic_fixture,False
CNT001429,TREK013,2023-01-06,07:00,12:25,5.43,Greylag Goose,Anser anser,ANSER_ANSE,3,N,visible_migration,light rain,True,synthetic_fixture,False
CNT001430,TREK013,2023-01-06,07:00,12:25,5.43,Canada Goose,Branta canadensis,BRANTA_CAN,4,SW,visible_migration,clear,True,synthetic_fixture,False
CNT001431,TREK013,2023-01-20,05:00,06:55,1.92,Common Raven,Corvus corax,CORVUS_COR,3,N,visible_migration,clear,True,synthetic_fixture,False
CNT001432,TREK013,2023-01-20,05:00,06:55,1.92,Greylag Goose,Anser anser,ANSER_ANSE,3,E,visible_migration,overcast,True,synthetic_fixture,False
CNT001433,TREK013,2023-03-30,07:00,08:00,1.0,American Crow,Corvus brachyrhynchos,CORVUS_BRA,10,S,visible_migration,,True,synthetic_fixture,False
CNT001434,TREK013,2023-03-30,07:00,08:00,1.0,Bald Eagle,Haliaeetus leucocephalus,HALIAEETUS,16,W,visible_migration,overcast,True,synthetic_fixture,False
CNT001435,TREK013,2023-03-30,07:00,08:00,1.0,Great Black-backed Gull,Larus marinus,LARUS_MARI,10,NE,visible_migration,clear,True,synthetic_fixture,False
CNT001436,TREK013,2023-04-21,08:00,12:03,4.06,Great Blue Heron,Ardea herodias,ARDEA_HERO,13,SW,visible_migration,,True,synthetic_fixture,False
CNT001437,TREK013,2023-04-21,08:00,12:03,4.06,Great Cormorant,Phalacrocorax carbo,PHALACROCO,13,S,visible_migration,clear,True,synthetic_fixture,False
CNT001438,TREK013,2023-04-21,08:00,12:03,4.06,Bald Eagle,Haliaeetus leucocephalus,HALIAEETUS,11,NE,visible_migration,windy,True,synthetic_fixture,False
CNT001439,TREK013,2023-04-26,08:00,12:44,4.74,Mallard,Anas platyrhynchos,ANAS_PLATY,6,NW,visible_migration,,True,synthetic_fixture,False
CNT001440,TREK013,2023-04-26,08:00,12:44,4.74,Common Buzzard,Buteo buteo,BUTEO_BUTE,19,S,visible_migration,,True,synthetic_fixture,False
CNT001441,TREK013,2023-04-26,08:00,12:44,4.74,American Crow,Corvus brachyrhynchos,CORVUS_BRA,13,S,visible_migration,light rain,True,synthetic_fixture,False
CNT001442,TREK013,2023-04-26,08:00,12:44,4.74,Mute Swan,Cygnus olor,CYGNUS_OLO,12,E,visible_migration,light rain,True,synthetic_fixture,False
CNT001443,TREK013,2023-04-26,08:00,12:44,4.74,Grey Heron,Ardea cinerea,ARDEA_CINE,9,W,visible_migration,overcast,True,synthetic_fixture,False
CNT001444,TREK013,2023-05-06,08:00,11:32,3.55,Barn Swallow,Hirundo rustica,HIRUNDO_RU,13,SW,visible_migration,clear,True,synthetic_fixture,False
CNT001445,TREK013,2023-05-14,05:00,07:12,2.2,Rock Pigeon,Columba livia,COLUMBA_LI,8,NW,visible_migration,overcast,True,synthetic_fixture,False
CNT001446,TREK013,2023-05-14,05:00,07:12,2.2,Great Cormorant,Phalacrocorax carbo,PHALACROCO,10,S,visible_migration,clear,True,synthetic_fixture,False
CNT001447,TREK013,2023-06-02,08:00,12:24,4.41,Canada Goose,Branta canadensis,BRANTA_CAN,4,NE,visible_migration,clear,False,synthetic_fixture,False
CNT001448,TREK013,2023-06-02,08:00,12:24,4.41,Eurasian Sparrowhawk,Accipiter nisus,ACCIPITER_,6,NE,visible_migration,windy,True,synthetic_fixture,False
CNT001449,TREK013,2023-06-02,08:00,12:24,4.41,Grey Heron,Ardea cinerea,ARDEA_CINE,4,S,visible_migration,,True,synthetic_fixture,False
CNT001450,TREK013,2023-06-17,05:00,09:30,4.51,Barn Swallow,Hirundo rustica,HIRUNDO_RU,1,W,visible_migration,clear,True,synthetic_fixture,False
CNT001451,TREK013,2023-06-17,05:00,09:30,4.51,Canada Goose,Branta canadensis,BRANTA_CAN,10,E,visible_migration,overcast,True,synthetic_fixture,False
CNT001452,TREK013,2023-07-01,07:00,08:27,1.46,Mute Swan,Cygnus olor,CYGNUS_OLO,3,E,visible_migration,overcast,True,synthetic_fixture,False
CNT001453,TREK013,2023-07-01,07:00,08:27,1.46,American Robin,Turdus migratorius,TURDUS_MIG,1,E,visible_migration,,False,synthetic_fixture,False
CNT001454,TREK013,2023-07-01,07:00,08:27,1.46,Great Blue Heron,Ardea herodias,ARDEA_HERO,7,S,visible_migration,overcast,True,synthetic_fixture,False
CNT001455,TREK013,2023-07-27,07:00,08:07,1.12,Great Black-backed Gull,Larus marinus,LARUS_MARI,7,N,visible_migration,clear,True,synthetic_fixture,False
CNT001456,TREK013,2023-07-27,07:00,08:07,1.12,Great Cormorant,Phalacrocorax carbo,PHALACROCO,3,N,visible_migration,overcast,True,synthetic_fixture,False
CNT001457,TREK013,2023-08-06,05:00,09:22,4.38,Greylag Goose,Anser anser,ANSER_ANSE,2,SE,visible_migration,overcast,True,synthetic_fixture,False
CNT001458,TREK013,2023-08-06,05:00,09:22,4.38,Eurasian Sparrowhawk,Accipiter nisus,ACCIPITER_,3,NE,visible_migration,,True,synthetic_fixture,False
CNT001459,TREK013,2023-08-12,06:00,08:59,2.99,Bald Eagle,Haliaeetus leucocephalus,HALIAEETUS,5,SE,visible_migration,,True,synthetic_fixture,False
CNT001460,TREK013,2023-08-12,06:00,08:59,2.99,American Robin,Turdus migratorius,TURDUS_MIG,6,E,visible_migration,overcast,True,synthetic_fixture,False
CNT001461,TREK013,2023-08-12,06:00,08:59,2.99,Herring Gull,Larus argentatus,LARUS_ARGE,5,N,visible_migration,,True,synthetic_fixture,False
CNT001462,TREK013,2023-08-12,06:00,08:59,2.99,Common Kestrel,Falco tinnunculus,FALCO_TINN,4,E,visible_migration,light rain,True,synthetic_fixture,False
CNT001463,TREK013,2023-08-12,06:00,08:59,2.99,Grey Heron,Ardea cinerea,ARDEA_CINE,5,NE,visible_migration,light rain,True,synthetic_fixture,False
CNT001464,TREK013,2023-09-19,08:00,12:23,4.39,Mute Swan,Cygnus olor,CYGNUS_OLO,14,NE,visible_migration,,True,synthetic_fixture,False
CNT001465,TREK013,2023-09-19,08:00,12:23,4.39,Greylag Goose,Anser anser,ANSER_ANSE,14,NE,visible_migration,,True,synthetic_fixture,False
CNT001466,TREK013,2023-10-01,05:00,08:57,3.96,Eurasian Sparrowhawk,Accipiter nisus,ACCIPITER_,13,NE,visible_migration,,True,synthetic_fixture,False
CNT001467,TREK013,2023-10-17,07:00,09:19,2.32,Rock Pigeon,Columba livia,COLUMBA_LI,12,NE,visible_migration,light rain,True,synthetic_fixture,False
CNT001468,TREK013,2023-10-22,07:00,11:31,4.53,Great Blue Heron,Ardea herodias,ARDEA_HERO,9,NE,visible_migration,,True,synthetic_fixture,False
CNT001469,TREK013,2023-10-22,07:00,11:31,4.53,Great Black-backed Gull,Larus marinus,LARUS_MARI,8,S,visible_migration,windy,True,synthetic_fixture,False
CNT001470,TREK013,2023-10-22,07:00,11:31,4.53,Great Cormorant,Phalacrocorax carbo,PHALACROCO,10,NW,visible_migration,,True,synthetic_fixture,False
CNT001471,TREK013,2023-10-22,07:00,11:31,4.53,American Crow,Corvus brachyrhynchos,CORVUS_BRA,8,NW,visible_migration,clear,True,synthetic_fixture,False
CNT001472,TREK013,2023-10-22,07:00,11:31,4.53,Common Ringed Plover,Charadrius hiaticula,CHARADRIUS,8,SW,visible_migration,clear,True,synthetic_fixture,False
CNT001473,TREK013,2023-10-26,07:00,11:20,4.34,Common Raven,Corvus corax,CORVUS_COR,7,SE,visible_migration,,True,synthetic_fixture,False
CNT001474,TREK013,2023-10-26,07:00,11:20,4.34,Rock Pigeon,Columba livia,COLUMBA_LI,13,W,visible_migration,light rain,True,synthetic_fixture,False
CNT001475,TREK013,2023-10-30,08:00,09:37,1.62,Common Starling,Sturnus vulgaris,STURNUS_VU,6,N,visible_migration,clear,True,synthetic_fixture,False
CNT001476,TREK013,2023-10-30,08:00,09:37,1.62,Common Raven,Corvus corax,CORVUS_COR,5,NE,visible_migration,windy,True,synthetic_fixture,False
CNT001477,TREK013,2023-10-30,08:00,09:37,1.62,Eurasian Sparrowhawk,Accipiter nisus,ACCIPITER_,4,NW,visible_migration,windy,True,synthetic_fixture,False
CNT001478,TREK013,2023-11-20,08:00,12:55,4.93,Rock Pigeon,Columba livia,COLUMBA_LI,4,S,visible_migration,overcast,True,synthetic_fixture,False
CNT001479,TREK013,2023-11-20,08:00,12:55,4.93,Common Ringed Plover,Charadrius hiaticula,CHARADRIUS,2,W,visible_migration,clear,True,synthetic_fixture,False
CNT001480,TREK013,2023-11-20,08:00,12:55,4.93,Herring Gull,Larus argentatus,LARUS_ARGE,2,N,visible_migration,overcast,True,synthetic_fixture,False
CNT001481,TREK013,2023-11-23,08:00,09:44,1.74,Herring Gull,Larus argentatus,LARUS_ARGE,4,S,visible_migration,windy,True,synthetic_fixture,False
CNT001482,TREK013,2023-11-27,05:00,07:54,2.91,Common Starling,Sturnus vulgaris,STURNUS_VU,4,E,visible_migration,,True,synthetic_fixture,False
CNT001483,TREK013,2023-11-29,08:00,13:39,5.66,Common Kestrel,Falco tinnunculus,FALCO_TINN,8,NE,visible_migration,clear,True,synthetic_fixture,False
CNT001484,TREK013,2023-12-10,09:00,12:27,3.45,Great Black-backed Gull,Larus marinus,LARUS_MARI,0,NE,visible_migration,overcast,True,synthetic_fixture,False
CNT001485,TREK013,2023-12-10,09:00,12:27,3.45,Herring Gull,Larus argentatus,LARUS_ARGE,2,SW,visible_migration,overcast,True,synthetic_fixture,False
CNT001486,TREK013,2023-12-10,09:00,12:27,3.45,Rock Pigeon,Columba livia,COLUMBA_LI,0,SE,visible_migration,light rain,True,synthetic_fixture,False
CNT001487,TREK013,2023-12-10,09:00,12:27,3.45,American Robin,Turdus migratorius,TURDUS_MIG,1,SW,visible_migration,clear,True,synthetic_fixture,False
CNT001488,TREK013,2023-12-10,09:00,12:27,3.45,Bald Eagle,Haliaeetus leucocephalus,HALIAEETUS,2,E,visible_migration,clear,True,synthetic_fixture,False
CNT001489,TREK013,2024-01-08,09:00,10:28,1.48,Mallard,Anas platyrhynchos,ANAS_PLATY,3,W,visible_migration,windy,True,synthetic_fixture,False
CNT001490,TREK013,2024-01-08,09:00,10:28,1.48,Eurasian Sparrowhawk,Accipiter nisus,ACCIPITER_,2,N,visible_migration,windy,True,synthetic_fixture,False
CNT001491,TREK013,2024-01-08,09:00,10:28,1.48,Common Raven,Corvus corax,CORVUS_COR,2,N,visible_migration,overcast,True,synthetic_fixture,False
CNT001492,TREK013,2024-01-08,09:00,10:28,1.48,Canada Goose,Branta canadensis,BRANTA_CAN,5,N,visible_migration,,True,synthetic_fixture,False
CNT001493,TREK013,2024-04-14,06:00,09:10,3.17,Common Raven,Corvus corax,CORVUS_COR,12,W,visible_migration,overcast,True,synthetic_fixture,False
CNT001494,TREK013,2024-04-14,06:00,09:10,3.17,Great Blue Heron,Ardea herodias,ARDEA_HERO,12,NW,visible_migration,light rain,True,synthetic_fixture,False
CNT001495,TREK013,2024-04-14,06:00,09:10,3.17,Common Kestrel,Falco tinnunculus,FALCO_TINN,12,SW,visible_migration,overcast,True,synthetic_fixture,False
CNT001496,TREK013,2024-04-25,09:00,10:50,1.84,Bald Eagle,Haliaeetus leucocephalus,HALIAEETUS,5,NE,visible_migration,,True,synthetic_fixture,False
CNT001497,TREK013,2024-04-25,09:00,10:50,1.84,Great Blue Heron,Ardea herodias,ARDEA_HERO,10,N,visible_migration,light rain,True,synthetic_fixture,False
CNT001498,TREK013,2024-04-25,09:00,10:50,1.84,Common Starling,Sturnus vulgaris,STURNUS_VU,10,SE,visible_migration,overcast,True,synthetic_fixture,False
CNT001499,TREK013,2024-04-25,09:00,10:50,1.84,Grey Heron,Ardea cinerea,ARDEA_CINE,11,N,visible_migration,overcast,True,synthetic_fixture,False
CNT001500,TREK013,2024-04-26,08:00,13:45,5.76,Common Kestrel,Falco tinnunculus,FALCO_TINN,10,S,visible_migration,windy,True,synthetic_fixture,False
CNT001501,TREK013,2024-04-26,08:00,13:45,5.76,Barn Swallow,Hirundo rustica,HIRUNDO_RU,14,E,visible_migration,overcast,True,synthetic_fixture,False
CNT001502,TREK013,2024-05-15,07:00,12:55,5.93,Canada Goose,Branta canadensis,BRANTA_CAN,7,E,visible_migration,windy,True,synthetic_fixture,False
CNT001503,TREK013,2024-05-15,07:00,12:55,5.93,Bald Eagle,Haliaeetus leucocephalus,HALIAEETUS,4,N,visible_migration,overcast,True,synthetic_fixture,False
CNT001504,TREK013,2024-05-15,07:00,12:55,5.93,Great Cormorant,Phalacrocorax carbo,PHALACROCO,3,NE,visible_migration,clear,True,synthetic_fixture,False
CNT001505,TREK013,2024-05-26,05:00,10:48,5.81,Greylag Goose,Anser anser,ANSER_ANSE,9,SW,visible_migration,clear,True,synthetic_fixture,False
CNT001506,TREK013,2024-05-26,05:00,10:48,5.81,Common Buzzard,Buteo buteo,BUTEO_BUTE,3,N,visible_migration,,False,synthetic_fixture,False
CNT001507,TREK013,2024-05-26,05:00,10:48,5.81,American Crow,Corvus brachyrhynchos,CORVUS_BRA,8,NE,visible_migration,,True,synthetic_fixture,False
CNT001508,TREK013,2024-05-26,05:00,10:48,5.81,Common Ringed Plover,Charadrius hiaticula,CHARADRIUS,4,S,visible_migration,overcast,True,synthetic_fixture,False
CNT001509,TREK013,2024-05-26,09:00,12:27,3.46,Grey Heron,Ardea cinerea,ARDEA_CINE,6,NE,visible_migration,,True,synthetic_fixture,False
CNT001510,TREK013,2024-05-26,09:00,12:27,3.46,Eurasian Sparrowhawk,Accipiter nisus,ACCIPITER_,2,E,visible_migration,windy,True,synthetic_fixture,False
CNT001511,TREK013,2024-05-26,09:00,12:27,3.46,Great Black-backed Gull,Larus marinus,LARUS_MARI,6,N,visible_migration,overcast,True,synthetic_fixture,False
CNT001512,TREK013,2024-06-22,09:00,13:54,4.9,Black-headed Gull,Chroicocephalus ridibundus,CHROICOCEP,2,SW,visible_migration,light rain,True,synthetic_fixture,False
CNT001513,TREK013,2024-06-22,09:00,13:54,4.9,Greylag Goose,Anser anser,ANSER_ANSE,7,S,visible_migration,overcast,True,synthetic_fixture,False
CNT001514,TREK013,2024-07-01,05:00,07:56,2.94,Black-headed Gull,Chroicocephalus ridibundus,CHROICOCEP,4,N,visible_migration,,True,synthetic_fixture,False
CNT001515,TREK013,2024-07-01,05:00,07:56,2.94,Common Kestrel,Falco tinnunculus,FALCO_TINN,4,NE,visible_migration,,True,synthetic_fixture,False
CNT001516,TREK013,2024-07-01,05:00,07:56,2.94,Common Starling,Sturnus vulgaris,STURNUS_VU,2,E,visible_migration,light rain,True,synthetic_fixture,False
CNT001517,TREK013,2024-07-21,05:00,09:46,4.78,Eurasian Sparrowhawk,Accipiter nisus,ACCIPITER_,5,S,visible_migration,clear,True,synthetic_fixture,False
CNT001518,TREK013,2024-07-21,05:00,09:46,4.78,Common Buzzard,Buteo buteo,BUTEO_BUTE,7,S,visible_migration,light rain,True,synthetic_fixture,False
CNT001519,TREK013,2024-07-21,05:00,09:46,4.78,Common Kestrel,Falco tinnunculus,FALCO_TINN,2,SW,visible_migration,windy,True,synthetic_fixture,False
CNT001520,TREK013,2024-07-21,05:00,09:46,4.78,Rock Pigeon,Columba livia,COLUMBA_LI,7,N,visible_migration,overcast,True,synthetic_fixture,False
CNT001521,TREK013,2024-07-21,05:00,09:46,4.78,American Crow,Corvus brachyrhynchos,CORVUS_BRA,2,SE,visible_migration,windy,True,synthetic_fixture,False
CNT001522,TREK013,2024-08-17,09:00,14:12,5.2,Barn Swallow,Hirundo rustica,HIRUNDO_RU,4,E,visible_migration,light rain,True,synthetic_fixture,False
CNT001523,TREK013,2024-08-17,09:00,14:12,5.2,Common Kestrel,Falco tinnunculus,FALCO_TINN,11,NE,visible_migration,,True,synthetic_fixture,False
CNT001524,TREK013,2024-08-17,09:00,14:12,5.2,Common Raven,Corvus corax,CORVUS_COR,2,N,visible_migration,light rain,True,synthetic_fixture,False
CNT001525,TREK013,2024-08-23,09:00,11:13,2.22,Grey Heron,Ardea cinerea,ARDEA_CINE,6,SE,visible_migration,,True,synthetic_fixture,False
CNT001526,TREK013,2024-08-23,09:00,11:13,2.22,Great Black-backed Gull,Larus marinus,LARUS_MARI,13,W,visible_migration,clear,True,synthetic_fixture,False
CNT001527,TREK013,2024-08-25,06:00,08:53,2.9,Common Ringed Plover,Charadrius hiaticula,CHARADRIUS,11,NE,visible_migration,,True,synthetic_fixture,False
CNT001528,TREK013,2024-08-25,06:00,08:53,2.9,Great Blue Heron,Ardea herodias,ARDEA_HERO,10,SE,visible_migration,,True,synthetic_fixture,False
CNT001529,TREK013,2024-09-09,07:00,09:58,2.98,Barn Swallow,Hirundo rustica,HIRUNDO_RU,6,N,visible_migration,overcast,True,synthetic_fixture,False
CNT001530,TREK013,2024-09-09,07:00,09:58,2.98,Common Buzzard,Buteo buteo,BUTEO_BUTE,9,W,visible_migration,overcast,True,synthetic_fixture,False
CNT001531,TREK013,2024-09-09,07:00,09:58,2.98,Bald Eagle,Haliaeetus leucocephalus,HALIAEETUS,12,NW,visible_migration,light rain,True,synthetic_fixture,False
CNT001532,TREK013,2024-09-09,07:00,09:58,2.98,Mute Swan,Cygnus olor,CYGNUS_OLO,10,SW,visible_migration,windy,True,synthetic_fixture,False
CNT001533,TREK013,2024-09-09,07:00,09:58,2.98,Greylag Goose,Anser anser,ANSER_ANSE,8,SE,visible_migration,windy,True,synthetic_fixture,False
CNT001534,TREK013,2024-09-14,07:00,10:30,3.5,American Crow,Corvus brachyrhynchos,CORVUS_BRA,10,SE,visible_migration,overcast,False,synthetic_fixture,False
CNT001535,TREK013,2024-09-14,07:00,10:30,3.5,Mallard,Anas platyrhynchos,ANAS_PLATY,5,E,visible_migration,clear,True,synthetic_fixture,False
CNT001536,TREK013,2024-10-25,06:00,11:40,5.67,Great Blue Heron,Ardea herodias,ARDEA_HERO,10,SE,visible_migration,light rain,True,synthetic_fixture,False
CNT001537,TREK013,2024-10-25,06:00,11:40,5.67,Great Cormorant,Phalacrocorax carbo,PHALACROCO,8,NE,visible_migration,,True,synthetic_fixture,False
CNT001538,TREK013,2024-10-25,06:00,11:40,5.67,Barn Swallow,Hirundo rustica,HIRUNDO_RU,13,SW,visible_migration,overcast,True,synthetic_fixture,False
CNT001539,TREK013,2024-12-04,08:00,11:59,3.99,Barn Swallow,Hirundo rustica,HIRUNDO_RU,4,W,visible_migration,,True,synthetic_fixture,False
CNT001540,TREK013,2024-12-04,08:00,11:59,3.99,Canada Goose,Branta canadensis,BRANTA_CAN,6,NW,visible_migration,light rain,True,synthetic_fixture,False
CNT001541,TREK013,2024-12-04,08:00,11:59,3.99,Great Black-backed Gull,Larus marinus,LARUS_MARI,8,SW,visible_migration,overcast,True,synthetic_fixture,False
CNT001542,TREK014,2023-02-28,07:00,11:41,4.69,American Crow,Corvus brachyrhynchos,CORVUS_BRA,11,W,nocturnal_flight_call,windy,True,synthetic_fixture,False
CNT001543,TREK014,2023-02-28,07:00,11:41,4.69,Mute Swan,Cygnus olor,CYGNUS_OLO,3,NW,nocturnal_flight_call,clear,True,synthetic_fixture,False
CNT001544,TREK014,2023-02-28,07:00,11:41,4.69,Common Starling,Sturnus vulgaris,STURNUS_VU,5,E,nocturnal_flight_call,light rain,True,synthetic_fixture,False
CNT001545,TREK014,2023-02-28,07:00,11:41,4.69,Greylag Goose,Anser anser,ANSER_ANSE,5,W,nocturnal_flight_call,windy,True,synthetic_fixture,False
CNT001546,TREK014,2023-02-28,07:00,11:41,4.69,Great Black-backed Gull,Larus marinus,LARUS_MARI,5,S,nocturnal_flight_call,,True,synthetic_fixture,False
CNT001547,TREK014,2023-03-01,06:00,07:03,1.05,Black-headed Gull,Chroicocephalus ridibundus,CHROICOCEP,4,NE,nocturnal_flight_call,clear,True,synthetic_fixture,False
CNT001548,TREK014,2023-03-01,06:00,07:03,1.05,Greylag Goose,Anser anser,ANSER_ANSE,2,SE,nocturnal_flight_call,clear,True,synthetic_fixture,False
CNT001549,TREK014,2023-03-01,06:00,07:03,1.05,Common Ringed Plover,Charadrius hiaticula,CHARADRIUS,0,NW,nocturnal_flight_call,,True,synthetic_fixture,False
CNT001550,TREK014,2023-03-01,06:00,07:03,1.05,Herring Gull,Larus argentatus,LARUS_ARGE,5,SE,nocturnal_flight_call,,True,synthetic_fixture,False
CNT001551,TREK014,2023-04-24,08:00,13:13,5.22,Grey Heron,Ardea cinerea,ARDEA_CINE,10,W,nocturnal_flight_call,windy,True,synthetic_fixture,False
CNT001552,TREK014,2023-04-24,08:00,13:13,5.22,Herring Gull,Larus argentatus,LARUS_ARGE,12,NW,nocturnal_flight_call,light rain,True,synthetic_fixture,False
CNT001553,TREK014,2023-04-26,08:00,12:29,4.49,Rock Pigeon,Columba livia,COLUMBA_LI,9,N,nocturnal_flight_call,light rain,True,synthetic_fixture,False
CNT001554,TREK014,2023-04-26,08:00,12:29,4.49,American Robin,Turdus migratorius,TURDUS_MIG,11,NW,nocturnal_flight_call,light rain,True,synthetic_fixture,False
CNT001555,TREK014,2023-04-26,08:00,12:29,4.49,Mute Swan,Cygnus olor,CYGNUS_OLO,6,SE,nocturnal_flight_call,windy,True,synthetic_fixture,False
CNT001556,TREK014,2023-04-26,08:00,12:29,4.49,Bald Eagle,Haliaeetus leucocephalus,HALIAEETUS,18,N,nocturnal_flight_call,overcast,True,synthetic_fixture,False
CNT001557,TREK014,2023-04-29,08:00,13:39,5.66,Great Black-backed Gull,Larus marinus,LARUS_MARI,7,E,nocturnal_flight_call,windy,True,synthetic_fixture,False
CNT001558,TREK014,2023-04-29,08:00,13:39,5.66,Common Raven,Corvus corax,CORVUS_COR,12,N,nocturnal_flight_call,windy,True,synthetic_fixture,False
CNT001559,TREK014,2023-04-29,08:00,13:39,5.66,Common Kestrel,Falco tinnunculus,FALCO_TINN,5,NW,nocturnal_flight_call,light rain,True,synthetic_fixture,False
CNT001560,TREK014,2023-05-27,08:00,11:09,3.16,Common Kestrel,Falco tinnunculus,FALCO_TINN,1,E,nocturnal_flight_call,overcast,True,synthetic_fixture,False
CNT001561,TREK014,2023-05-27,08:00,11:09,3.16,Mallard,Anas platyrhynchos,ANAS_PLATY,1,NW,nocturnal_flight_call,clear,True,synthetic_fixture,False
CNT001562,TREK014,2023-06-15,08:00,09:28,1.47,Rock Pigeon,Columba livia,COLUMBA_LI,3,E,nocturnal_flight_call,light rain,True,synthetic_fixture,False
CNT001563,TREK014,2023-06-16,09:00,14:50,5.84,Common Buzzard,Buteo buteo,BUTEO_BUTE,7,S,nocturnal_flight_call,,True,synthetic_fixture,False
CNT001564,TREK014,2023-06-26,09:00,10:50,1.84,Great Black-backed Gull,Larus marinus,LARUS_MARI,5,NW,nocturnal_flight_call,clear,True,synthetic_fixture,False
CNT001565,TREK014,2023-06-26,09:00,10:50,1.84,Common Starling,Sturnus vulgaris,STURNUS_VU,3,SW,nocturnal_flight_call,windy,True,synthetic_fixture,False
CNT001566,TREK014,2023-06-26,09:00,10:50,1.84,Common Kestrel,Falco tinnunculus,FALCO_TINN,4,SW,nocturnal_flight_call,clear,True,synthetic_fixture,False
CNT001567,TREK014,2023-07-03,07:00,08:37,1.63,Barn Swallow,Hirundo rustica,HIRUNDO_RU,4,NW,nocturnal_flight_call,clear,False,synthetic_fixture,False
CNT001568,TREK014,2023-07-03,07:00,08:37,1.63,Grey Heron,Ardea cinerea,ARDEA_CINE,2,E,nocturnal_flight_call,,True,synthetic_fixture,False
CNT001569,TREK014,2023-07-03,07:00,08:37,1.63,Common Starling,Sturnus vulgaris,STURNUS_VU,4,S,nocturnal_flight_call,windy,True,synthetic_fixture,False
CNT001570,TREK014,2023-07-03,07:00,08:37,1.63,Great Black-backed Gull,Larus marinus,LARUS_MARI,2,SE,nocturnal_flight_call,light rain,True,synthetic_fixture,False
CNT001571,TREK014,2023-07-13,05:00,09:30,4.5,Great Cormorant,Phalacrocorax carbo,PHALACROCO,3,NW,nocturnal_flight_call,windy,True,synthetic_fixture,False
CNT001572,TREK014,2023-07-13,05:00,09:30,4.5,Common Starling,Sturnus vulgaris,STURNUS_VU,2,NE,nocturnal_flight_call,windy,True,synthetic_fixture,False
CNT001573,TREK014,2023-07-13,05:00,09:30,4.5,Grey Heron,Ardea cinerea,ARDEA_CINE,6,S,nocturnal_flight_call,light rain,True,synthetic_fixture,False
CNT001574,TREK014,2023-07-13,05:00,09:30,4.5,Eurasian Sparrowhawk,Accipiter nisus,ACCIPITER_,2,NW,nocturnal_flight_call,light rain,True,synthetic_fixture,False
CNT001575,TREK014,2023-07-13,05:00,09:30,4.5,Great Black-backed Gull,Larus marinus,LARUS_MARI,5,SE,nocturnal_flight_call,clear,True,synthetic_fixture,False
CNT001576,TREK014,2023-08-07,08:00,13:40,5.68,Herring Gull,Larus argentatus,LARUS_ARGE,1,N,nocturnal_flight_call,clear,True,synthetic_fixture,False
CNT001577,TREK014,2023-08-07,08:00,13:40,5.68,Black-headed Gull,Chroicocephalus ridibundus,CHROICOCEP,3,SE,nocturnal_flight_call,windy,True,synthetic_fixture,False
CNT001578,TREK014,2023-08-21,08:00,13:15,5.26,Common Buzzard,Buteo buteo,BUTEO_BUTE,8,NE,nocturnal_flight_call,,True,synthetic_fixture,False
CNT001579,TREK014,2023-08-21,08:00,13:15,5.26,Herring Gull,Larus argentatus,LARUS_ARGE,9,SW,nocturnal_flight_call,windy,True,synthetic_fixture,False
CNT001580,TREK014,2023-08-21,08:00,13:15,5.26,Barn Swallow,Hirundo rustica,HIRUNDO_RU,8,E,nocturnal_flight_call,windy,True,synthetic_fixture,False
CNT001581,TREK014,2023-08-21,08:00,13:15,5.26,Bald Eagle,Haliaeetus leucocephalus,HALIAEETUS,8,N,nocturnal_flight_call,overcast,True,synthetic_fixture,False
CNT001582,TREK014,2023-08-27,08:00,10:24,2.41,Mallard,Anas platyrhynchos,ANAS_PLATY,10,E,nocturnal_flight_call,overcast,False,synthetic_fixture,False
CNT001583,TREK014,2023-08-27,08:00,10:24,2.41,American Robin,Turdus migratorius,TURDUS_MIG,6,N,nocturnal_flight_call,light rain,True,synthetic_fixture,False
CNT001584,TREK014,2023-08-27,08:00,10:24,2.41,Barn Swallow,Hirundo rustica,HIRUNDO_RU,12,W,nocturnal_flight_call,,True,synthetic_fixture,False
CNT001585,TREK014,2023-10-26,06:00,09:25,3.42,Herring Gull,Larus argentatus,LARUS_ARGE,5,E,nocturnal_flight_call,light rain,True,synthetic_fixture,False
CNT001586,TREK014,2023-12-01,07:00,09:32,2.54,Mallard,Anas platyrhynchos,ANAS_PLATY,6,SE,nocturnal_flight_call,,True,synthetic_fixture,False
CNT001587,TREK014,2023-12-01,07:00,09:32,2.54,Great Black-backed Gull,Larus marinus,LARUS_MARI,8,E,nocturnal_flight_call,light rain,True,synthetic_fixture,False
CNT001588,TREK014,2023-12-01,07:00,09:32,2.54,Black-headed Gull,Chroicocephalus ridibundus,CHROICOCEP,0,SW,nocturnal_flight_call,overcast,True,synthetic_fixture,False
CNT001589,TREK014,2023-12-01,07:00,09:32,2.54,Great Cormorant,Phalacrocorax carbo,PHALACROCO,2,E,nocturnal_flight_call,overcast,True,synthetic_fixture,False
CNT001590,TREK014,2023-12-03,06:00,09:01,3.03,Mallard,Anas platyrhynchos,ANAS_PLATY,7,SW,nocturnal_flight_call,overcast,False,synthetic_fixture,False
CNT001591,TREK014,2023-12-03,06:00,09:01,3.03,Mute Swan,Cygnus olor,CYGNUS_OLO,5,NE,nocturnal_flight_call,overcast,True,synthetic_fixture,False
CNT001592,TREK014,2023-12-03,06:00,09:01,3.03,Grey Heron,Ardea cinerea,ARDEA_CINE,4,NE,nocturnal_flight_call,,True,synthetic_fixture,False
CNT001593,TREK014,2023-12-22,06:00,11:28,5.47,American Crow,Corvus brachyrhynchos,CORVUS_BRA,1,S,nocturnal_flight_call,,True,synthetic_fixture,False
CNT001594,TREK014,2023-12-22,06:00,11:28,5.47,Black-headed Gull,Chroicocephalus ridibundus,CHROICOCEP,3,NW,nocturnal_flight_call,windy,True,synthetic_fixture,False
CNT001595,TREK014,2023-12-22,06:00,11:28,5.47,Great Blue Heron,Ardea herodias,ARDEA_HERO,0,W,nocturnal_flight_call,windy,True,synthetic_fixture,False
CNT001596,TREK014,2023-12-22,06:00,11:28,5.47,Rock Pigeon,Columba livia,COLUMBA_LI,2,SE,nocturnal_flight_call,clear,True,synthetic_fixture,False
CNT001597,TREK014,2023-12-22,06:00,11:28,5.47,Common Starling,Sturnus vulgaris,STURNUS_VU,3,SE,nocturnal_flight_call,,True,synthetic_fixture,False
CNT001598,TREK014,2023-12-24,07:00,08:38,1.64,Bald Eagle,Haliaeetus leucocephalus,HALIAEETUS,3,N,nocturnal_flight_call,windy,True,synthetic_fixture,False
CNT001599,TREK014,2023-12-24,07:00,08:38,1.64,Common Ringed Plover,Charadrius hiaticula,CHARADRIUS,3,W,nocturnal_flight_call,windy,True,synthetic_fixture,False
CNT001600,TREK014,2023-12-24,07:00,08:38,1.64,American Robin,Turdus migratorius,TURDUS_MIG,3,SW,nocturnal_flight_call,,True,synthetic_fixture,False
CNT001601,TREK014,2023-12-24,07:00,08:38,1.64,Black-headed Gull,Chroicocephalus ridibundus,CHROICOCEP,1,S,nocturnal_flight_call,clear,False,synthetic_fixture,False
CNT001602,TREK014,2023-12-24,07:00,08:38,1.64,Common Starling,Sturnus vulgaris,STURNUS_VU,3,NW,nocturnal_flight_call,clear,True,synthetic_fixture,False
CNT001603,TREK014,2024-01-31,06:00,07:55,1.93,Mallard,Anas platyrhynchos,ANAS_PLATY,4,N,nocturnal_flight_call,clear,True,synthetic_fixture,False
CNT001604,TREK014,2024-01-31,06:00,07:55,1.93,Great Blue Heron,Ardea herodias,ARDEA_HERO,3,NE,nocturnal_flight_call,overcast,True,synthetic_fixture,False
CNT001605,TREK014,2024-01-31,06:00,07:55,1.93,Common Ringed Plover,Charadrius hiaticula,CHARADRIUS,3,SW,nocturnal_flight_call,clear,True,synthetic_fixture,False
CNT001606,TREK014,2024-01-31,06:00,07:55,1.93,Canada Goose,Branta canadensis,BRANTA_CAN,5,SW,nocturnal_flight_call,windy,True,synthetic_fixture,False
CNT001607,TREK014,2024-01-31,06:00,07:55,1.93,Great Cormorant,Phalacrocorax carbo,PHALACROCO,4,NW,nocturnal_flight_call,clear,True,synthetic_fixture,False
CNT001608,TREK014,2024-02-01,06:00,11:24,5.4,Barn Swallow,Hirundo rustica,HIRUNDO_RU,2,N,nocturnal_flight_call,light rain,True,synthetic_fixture,False
CNT001609,TREK014,2024-02-01,06:00,11:24,5.4,Bald Eagle,Haliaeetus leucocephalus,HALIAEETUS,3,NW,nocturnal_flight_call,,True,synthetic_fixture,False
CNT001610,TREK014,2024-02-03,09:00,10:57,1.96,Common Ringed Plover,Charadrius hiaticula,CHARADRIUS,3,SW,nocturnal_flight_call,overcast,True,synthetic_fixture,False
CNT001611,TREK014,2024-02-03,09:00,10:57,1.96,Black-headed Gull,Chroicocephalus ridibundus,CHROICOCEP,1,W,nocturnal_flight_call,,True,synthetic_fixture,False
CNT001612,TREK014,2024-02-03,09:00,10:57,1.96,American Crow,Corvus brachyrhynchos,CORVUS_BRA,3,S,nocturnal_flight_call,light rain,True,synthetic_fixture,False
CNT001613,TREK014,2024-02-05,09:00,12:29,3.49,Common Starling,Sturnus vulgaris,STURNUS_VU,5,NE,nocturnal_flight_call,,True,synthetic_fixture,False
CNT001614,TREK014,2024-02-05,09:00,12:29,3.49,Canada Goose,Branta canadensis,BRANTA_CAN,2,NE,nocturnal_flight_call,clear,True,synthetic_fixture,False
CNT001615,TREK014,2024-02-05,09:00,12:29,3.49,Bald Eagle,Haliaeetus leucocephalus,HALIAEETUS,2,W,nocturnal_flight_call,light rain,False,synthetic_fixture,False
CNT001616,TREK014,2024-02-11,09:00,11:20,2.34,Herring Gull,Larus argentatus,LARUS_ARGE,3,W,nocturnal_flight_call,light rain,True,synthetic_fixture,False
CNT001617,TREK014,2024-02-11,09:00,11:20,2.34,Great Blue Heron,Ardea herodias,ARDEA_HERO,5,S,nocturnal_flight_call,clear,True,synthetic_fixture,False
CNT001618,TREK014,2024-02-11,09:00,11:20,2.34,Canada Goose,Branta canadensis,BRANTA_CAN,5,NW,nocturnal_flight_call,overcast,True,synthetic_fixture,False
CNT001619,TREK014,2024-02-11,09:00,11:20,2.34,Common Raven,Corvus corax,CORVUS_COR,1,E,nocturnal_flight_call,light rain,True,synthetic_fixture,False
CNT001620,TREK014,2024-02-11,09:00,11:20,2.34,Bald Eagle,Haliaeetus leucocephalus,HALIAEETUS,1,SE,nocturnal_flight_call,clear,True,synthetic_fixture,False
CNT001621,TREK014,2024-02-22,05:00,08:12,3.2,Grey Heron,Ardea cinerea,ARDEA_CINE,5,SW,nocturnal_flight_call,light rain,True,synthetic_fixture,False
CNT001622,TREK014,2024-02-22,05:00,08:12,3.2,Common Buzzard,Buteo buteo,BUTEO_BUTE,3,SW,nocturnal_flight_call,clear,True,synthetic_fixture,False
CNT001623,TREK014,2024-02-22,05:00,08:12,3.2,Common Starling,Sturnus vulgaris,STURNUS_VU,0,S,nocturnal_flight_call,light rain,True,synthetic_fixture,False
CNT001624,TREK014,2024-02-22,05:00,08:12,3.2,Mallard,Anas platyrhynchos,ANAS_PLATY,8,SW,nocturnal_flight_call,windy,False,synthetic_fixture,False
CNT001625,TREK014,2024-02-22,05:00,08:12,3.2,Herring Gull,Larus argentatus,LARUS_ARGE,2,W,nocturnal_flight_call,windy,True,synthetic_fixture,False
CNT001626,TREK014,2024-03-16,05:00,10:05,5.1,Eurasian Sparrowhawk,Accipiter nisus,ACCIPITER_,6,NW,nocturnal_flight_call,,True,synthetic_fixture,False
CNT001627,TREK014,2024-03-16,05:00,10:05,5.1,Great Blue Heron,Ardea herodias,ARDEA_HERO,8,N,nocturnal_flight_call,,True,synthetic_fixture,False
CNT001628,TREK014,2024-03-16,05:00,10:05,5.1,American Robin,Turdus migratorius,TURDUS_MIG,6,SW,nocturnal_flight_call,light rain,True,synthetic_fixture,False
CNT001629,TREK014,2024-03-25,09:00,12:21,3.36,Common Buzzard,Buteo buteo,BUTEO_BUTE,10,S,nocturnal_flight_call,light rain,True,synthetic_fixture,False
CNT001630,TREK014,2024-03-25,09:00,12:21,3.36,Mute Swan,Cygnus olor,CYGNUS_OLO,8,SW,nocturnal_flight_call,,True,synthetic_fixture,False
CNT001631,TREK014,2024-03-25,09:00,12:21,3.36,Canada Goose,Branta canadensis,BRANTA_CAN,16,N,nocturnal_flight_call,light rain,True,synthetic_fixture,False
CNT001632,TREK014,2024-03-25,09:00,12:21,3.36,Great Black-backed Gull,Larus marinus,LARUS_MARI,13,N,nocturnal_flight_call,light rain,True,synthetic_fixture,False
CNT001633,TREK014,2024-03-25,09:00,12:21,3.36,Great Cormorant,Phalacrocorax carbo,PHALACROCO,12,E,nocturnal_flight_call,windy,True,synthetic_fixture,False
CNT001634,TREK014,2024-06-13,06:00,09:25,3.43,Common Buzzard,Buteo buteo,BUTEO_BUTE,4,W,nocturnal_flight_call,,True,synthetic_fixture,False
CNT001635,TREK014,2024-06-30,08:00,09:51,1.85,American Crow,Corvus brachyrhynchos,CORVUS_BRA,1,S,nocturnal_flight_call,,True,synthetic_fixture,False
CNT001636,TREK014,2024-06-30,08:00,09:51,1.85,American Robin,Turdus migratorius,TURDUS_MIG,7,W,nocturnal_flight_call,,True,synthetic_fixture,False
CNT001637,TREK014,2024-06-30,08:00,09:51,1.85,Great Black-backed Gull,Larus marinus,LARUS_MARI,5,SE,nocturnal_flight_call,windy,True,synthetic_fixture,False
CNT001638,TREK014,2024-06-30,08:00,09:51,1.85,Eurasian Sparrowhawk,Accipiter nisus,ACCIPITER_,8,S,nocturnal_flight_call,clear,True,synthetic_fixture,False
CNT001639,TREK014,2024-07-04,06:00,11:22,5.37,Rock Pigeon,Columba livia,COLUMBA_LI,1,W,nocturnal_flight_call,clear,True,synthetic_fixture,False
CNT001640,TREK014,2024-07-04,06:00,11:22,5.37,Great Blue Heron,Ardea herodias,ARDEA_HERO,2,E,nocturnal_flight_call,overcast,True,synthetic_fixture,False
CNT001641,TREK014,2024-07-04,06:00,11:22,5.37,Mallard,Anas platyrhynchos,ANAS_PLATY,2,NW,nocturnal_flight_call,light rain,True,synthetic_fixture,False
CNT001642,TREK014,2024-07-04,06:00,11:22,5.37,Common Ringed Plover,Charadrius hiaticula,CHARADRIUS,4,W,nocturnal_flight_call,windy,True,synthetic_fixture,False
CNT001643,TREK014,2024-07-18,06:00,11:30,5.51,American Robin,Turdus migratorius,TURDUS_MIG,5,NW,nocturnal_flight_call,overcast,True,synthetic_fixture,False
CNT001644,TREK014,2024-07-18,06:00,11:30,5.51,Grey Heron,Ardea cinerea,ARDEA_CINE,0,SW,nocturnal_flight_call,,True,synthetic_fixture,False
CNT001645,TREK014,2024-07-18,06:00,11:30,5.51,Herring Gull,Larus argentatus,LARUS_ARGE,4,N,nocturnal_flight_call,light rain,True,synthetic_fixture,False
CNT001646,TREK014,2024-07-18,06:00,11:30,5.51,Common Ringed Plover,Charadrius hiaticula,CHARADRIUS,2,E,nocturnal_flight_call,windy,True,synthetic_fixture,False
CNT001647,TREK014,2024-07-18,06:00,11:30,5.51,Barn Swallow,Hirundo rustica,HIRUNDO_RU,9,E,nocturnal_flight_call,overcast,True,synthetic_fixture,False
CNT001648,TREK014,2024-07-21,08:00,09:52,1.88,Grey Heron,Ardea cinerea,ARDEA_CINE,2,W,nocturnal_flight_call,windy,True,synthetic_fixture,False
CNT001649,TREK014,2024-07-21,08:00,09:52,1.88,Herring Gull,Larus argentatus,LARUS_ARGE,4,N,nocturnal_flight_call,windy,True,synthetic_fixture,False
CNT001650,TREK014,2024-07-21,08:00,09:52,1.88,Bald Eagle,Haliaeetus leucocephalus,HALIAEETUS,1,SW,nocturnal_flight_call,light rain,True,synthetic_fixture,False
CNT001651,TREK014,2024-08-16,07:00,11:47,4.8,American Robin,Turdus migratorius,TURDUS_MIG,4,SW,nocturnal_flight_call,windy,True,synthetic_fixture,False
CNT001652,TREK014,2024-08-16,07:00,11:47,4.8,Common Starling,Sturnus vulgaris,STURNUS_VU,8,SW,nocturnal_flight_call,light rain,True,synthetic_fixture,False
CNT001653,TREK014,2024-08-16,07:00,11:47,4.8,Black-headed Gull,Chroicocephalus ridibundus,CHROICOCEP,5,NW,nocturnal_flight_call,,True,synthetic_fixture,False
CNT001654,TREK014,2024-08-16,07:00,11:47,4.8,Great Black-backed Gull,Larus marinus,LARUS_MARI,2,SW,nocturnal_flight_call,,True,synthetic_fixture,False
CNT001655,TREK014,2024-08-19,06:00,08:21,2.36,Great Blue Heron,Ardea herodias,ARDEA_HERO,6,W,nocturnal_flight_call,windy,True,synthetic_fixture,False
CNT001656,TREK014,2024-08-19,06:00,08:21,2.36,Herring Gull,Larus argentatus,LARUS_ARGE,4,N,nocturnal_flight_call,clear,True,synthetic_fixture,False
CNT001657,TREK014,2024-08-19,06:00,08:21,2.36,Mallard,Anas platyrhynchos,ANAS_PLATY,5,W,nocturnal_flight_call,clear,True,synthetic_fixture,False
CNT001658,TREK014,2024-09-03,09:00,11:33,2.56,Canada Goose,Branta canadensis,BRANTA_CAN,8,NW,nocturnal_flight_call,overcast,True,synthetic_fixture,False
CNT001659,TREK014,2024-09-03,09:00,11:33,2.56,Great Blue Heron,Ardea herodias,ARDEA_HERO,7,SW,nocturnal_flight_call,windy,True,synthetic_fixture,False
CNT001660,TREK014,2024-09-03,09:00,11:33,2.56,American Robin,Turdus migratorius,TURDUS_MIG,6,E,nocturnal_flight_call,light rain,True,synthetic_fixture,False
CNT001661,TREK014,2024-09-03,08:00,12:00,4.0,Great Blue Heron,Ardea herodias,ARDEA_HERO,5,W,nocturnal_flight_call,light rain,True,synthetic_fixture,False
CNT001662,TREK014,2024-09-03,08:00,12:00,4.0,Eurasian Sparrowhawk,Accipiter nisus,ACCIPITER_,8,S,nocturnal_flight_call,,True,synthetic_fixture,False
CNT001663,TREK014,2024-09-03,08:00,12:00,4.0,Black-headed Gull,Chroicocephalus ridibundus,CHROICOCEP,11,SW,nocturnal_flight_call,windy,True,synthetic_fixture,False
CNT001664,TREK014,2024-09-03,08:00,12:00,4.0,Barn Swallow,Hirundo rustica,HIRUNDO_RU,11,S,nocturnal_flight_call,light rain,False,synthetic_fixture,False
CNT001665,TREK014,2024-09-09,07:00,12:33,5.56,Herring Gull,Larus argentatus,LARUS_ARGE,11,N,nocturnal_flight_call,clear,True,synthetic_fixture,False
CNT001666,TREK014,2024-09-09,07:00,12:33,5.56,Common Buzzard,Buteo buteo,BUTEO_BUTE,13,E,nocturnal_flight_call,light rain,True,synthetic_fixture,False
CNT001667,TREK014,2024-09-09,07:00,12:33,5.56,Grey Heron,Ardea cinerea,ARDEA_CINE,13,NW,nocturnal_flight_call,,True,synthetic_fixture,False
CNT001668,TREK014,2024-09-09,07:00,12:33,5.56,Rock Pigeon,Columba livia,COLUMBA_LI,6,SE,nocturnal_flight_call,windy,True,synthetic_fixture,False
CNT001669,TREK014,2024-09-17,06:00,07:51,1.85,Great Black-backed Gull,Larus marinus,LARUS_MARI,18,E,nocturnal_flight_call,light rain,True,synthetic_fixture,False
CNT001670,TREK014,2024-10-13,06:00,07:05,1.09,Common Buzzard,Buteo buteo,BUTEO_BUTE,5,SE,nocturnal_flight_call,windy,True,synthetic_fixture,False
CNT001671,TREK014,2024-10-13,06:00,07:05,1.09,Black-headed Gull,Chroicocephalus ridibundus,CHROICOCEP,12,W,nocturnal_flight_call,,True,synthetic_fixture,False
CNT001672,TREK014,2024-10-13,06:00,07:05,1.09,Mallard,Anas platyrhynchos,ANAS_PLATY,13,SW,nocturnal_flight_call,clear,True,synthetic_fixture,False
CNT001673,TREK014,2024-11-03,05:00,09:53,4.89,Eurasian Sparrowhawk,Accipiter nisus,ACCIPITER_,6,SE,nocturnal_flight_call,,True,synthetic_fixture,False
CNT001674,TREK014,2024-12-08,05:00,10:54,5.9,American Crow,Corvus brachyrhynchos,CORVUS_BRA,3,S,nocturnal_flight_call,overcast,True,synthetic_fixture,False
CNT001675,TREK014,2024-12-08,05:00,10:54,5.9,Mallard,Anas platyrhynchos,ANAS_PLATY,4,SE,nocturnal_flight_call,windy,True,synthetic_fixture,False
CNT001676,TREK015,2023-01-03,05:00,09:05,4.1,Mute Swan,Cygnus olor,CYGNUS_OLO,3,NW,other,light rain,True,synthetic_fixture,False
CNT001677,TREK015,2023-01-03,05:00,09:05,4.1,Barn Swallow,Hirundo rustica,HIRUNDO_RU,3,N,other,clear,True,synthetic_fixture,False
CNT001678,TREK015,2023-01-03,05:00,09:05,4.1,Greylag Goose,Anser anser,ANSER_ANSE,3,NW,other,clear,True,synthetic_fixture,False
CNT001679,TREK015,2023-01-15,09:00,11:27,2.45,Common Raven,Corvus corax,CORVUS_COR,5,NW,other,clear,True,synthetic_fixture,False
CNT001680,TREK015,2023-01-15,09:00,11:27,2.45,Common Starling,Sturnus vulgaris,STURNUS_VU,5,NW,other,overcast,True,synthetic_fixture,False
CNT001681,TREK015,2023-01-15,09:00,11:27,2.45,Rock Pigeon,Columba livia,COLUMBA_LI,4,E,other,windy,True,synthetic_fixture,False
CNT001682,TREK015,2023-01-15,09:00,11:27,2.45,Bald Eagle,Haliaeetus leucocephalus,HALIAEETUS,2,S,other,windy,True,synthetic_fixture,False
CNT001683,TREK015,2023-02-14,07:00,12:16,5.27,Black-headed Gull,Chroicocephalus ridibundus,CHROICOCEP,4,S,other,windy,True,synthetic_fixture,False
CNT001684,TREK015,2023-02-14,07:00,12:16,5.27,Herring Gull,Larus argentatus,LARUS_ARGE,3,E,other,clear,True,synthetic_fixture,False
CNT001685,TREK015,2023-02-14,07:00,12:16,5.27,Common Ringed Plover,Charadrius hiaticula,CHARADRIUS,4,W,other,light rain,True,synthetic_fixture,False
CNT001686,TREK015,2023-02-14,07:00,12:16,5.27,Rock Pigeon,Columba livia,COLUMBA_LI,1,NW,other,windy,True,synthetic_fixture,False
CNT001687,TREK015,2023-02-14,07:00,12:16,5.27,Eurasian Sparrowhawk,Accipiter nisus,ACCIPITER_,1,SE,other,light rain,True,synthetic_fixture,False
CNT001688,TREK015,2023-02-25,05:00,09:36,4.61,Canada Goose,Branta canadensis,BRANTA_CAN,6,NW,other,,True,synthetic_fixture,False
CNT001689,TREK015,2023-02-25,05:00,09:36,4.61,Barn Swallow,Hirundo rustica,HIRUNDO_RU,7,E,other,overcast,True,synthetic_fixture,False
CNT001690,TREK015,2023-02-25,05:00,09:36,4.61,American Robin,Turdus migratorius,TURDUS_MIG,5,E,other,windy,True,synthetic_fixture,False
CNT001691,TREK015,2023-02-25,05:00,09:36,4.61,Great Black-backed Gull,Larus marinus,LARUS_MARI,5,E,other,light rain,False,synthetic_fixture,False
CNT001692,TREK015,2023-02-25,05:00,09:36,4.61,Common Raven,Corvus corax,CORVUS_COR,2,NW,other,light rain,True,synthetic_fixture,False
CNT001693,TREK015,2023-03-11,07:00,12:27,5.46,Great Blue Heron,Ardea herodias,ARDEA_HERO,5,E,other,overcast,True,synthetic_fixture,False
CNT001694,TREK015,2023-03-15,09:00,10:30,1.5,Great Blue Heron,Ardea herodias,ARDEA_HERO,8,W,other,,True,synthetic_fixture,False
CNT001695,TREK015,2023-06-19,08:00,10:31,2.52,Black-headed Gull,Chroicocephalus ridibundus,CHROICOCEP,6,NE,other,clear,True,synthetic_fixture,False
CNT001696,TREK015,2023-06-19,08:00,10:31,2.52,Great Cormorant,Phalacrocorax carbo,PHALACROCO,3,SW,other,clear,True,synthetic_fixture,False
CNT001697,TREK015,2023-06-19,08:00,10:31,2.52,Mute Swan,Cygnus olor,CYGNUS_OLO,4,S,other,windy,True,synthetic_fixture,False
CNT001698,TREK015,2023-07-13,05:00,09:10,4.17,Common Raven,Corvus corax,CORVUS_COR,6,SW,other,,True,synthetic_fixture,False
CNT001699,TREK015,2023-07-20,09:00,10:31,1.53,Canada Goose,Branta canadensis,BRANTA_CAN,3,SE,other,light rain,True,synthetic_fixture,False
CNT001700,TREK015,2023-07-20,09:00,10:31,1.53,American Crow,Corvus brachyrhynchos,CORVUS_BRA,3,SW,other,windy,True,synthetic_fixture,False
CNT001701,TREK015,2023-07-20,09:00,10:31,1.53,Eurasian Sparrowhawk,Accipiter nisus,ACCIPITER_,6,NE,other,clear,True,synthetic_fixture,False
CNT001702,TREK015,2023-07-21,08:00,13:30,5.51,Greylag Goose,Anser anser,ANSER_ANSE,6,S,other,windy,True,synthetic_fixture,False
CNT001703,TREK015,2023-07-26,06:00,08:22,2.38,Great Cormorant,Phalacrocorax carbo,PHALACROCO,1,E,other,light rain,True,synthetic_fixture,False
CNT001704,TREK015,2023-07-26,06:00,08:22,2.38,Bald Eagle,Haliaeetus leucocephalus,HALIAEETUS,2,N,other,,True,synthetic_fixture,False
CNT001705,TREK015,2023-07-26,06:00,08:22,2.38,Common Ringed Plover,Charadrius hiaticula,CHARADRIUS,1,S,other,clear,True,synthetic_fixture,False
CNT001706,TREK015,2023-07-26,06:00,08:22,2.38,Eurasian Sparrowhawk,Accipiter nisus,ACCIPITER_,1,SW,other,light rain,True,synthetic_fixture,False
CNT001707,TREK015,2023-07-30,08:00,09:10,1.17,Common Buzzard,Buteo buteo,BUTEO_BUTE,3,SW,other,light rain,True,synthetic_fixture,False
CNT001708,TREK015,2023-07-30,08:00,09:10,1.17,Canada Goose,Branta canadensis,BRANTA_CAN,2,S,other,overcast,True,synthetic_fixture,False
CNT001709,TREK015,2023-07-30,08:00,09:10,1.17,Great Cormorant,Phalacrocorax carbo,PHALACROCO,2,S,other,,True,synthetic_fixture,False
CNT001710,TREK015,2023-07-30,08:00,09:10,1.17,American Crow,Corvus brachyrhynchos,CORVUS_BRA,3,S,other,overcast,True,synthetic_fixture,False
CNT001711,TREK015,2023-08-15,09:00,11:30,2.51,American Crow,Corvus brachyrhynchos,CORVUS_BRA,6,SE,other,,True,synthetic_fixture,False
CNT001712,TREK015,2023-08-15,09:00,11:30,2.51,Canada Goose,Branta canadensis,BRANTA_CAN,5,SE,other,light rain,True,synthetic_fixture,False
CNT001713,TREK015,2023-08-15,09:00,11:30,2.51,Great Black-backed Gull,Larus marinus,LARUS_MARI,0,SE,other,,True,synthetic_fixture,False
CNT001714,TREK015,2023-08-16,08:00,12:55,4.92,Great Blue Heron,Ardea herodias,ARDEA_HERO,4,S,other,light rain,True,synthetic_fixture,False
CNT001715,TREK015,2023-08-16,08:00,12:55,4.92,Grey Heron,Ardea cinerea,ARDEA_CINE,10,NE,other,,True,synthetic_fixture,False
CNT001716,TREK015,2023-08-16,08:00,12:55,4.92,Black-headed Gull,Chroicocephalus ridibundus,CHROICOCEP,3,E,other,clear,True,synthetic_fixture,False
CNT001717,TREK015,2023-08-18,05:00,06:04,1.08,American Crow,Corvus brachyrhynchos,CORVUS_BRA,3,S,other,overcast,True,synthetic_fixture,False
CNT001718,TREK015,2023-08-18,05:00,06:04,1.08,Common Raven,Corvus corax,CORVUS_COR,4,SW,other,light rain,True,synthetic_fixture,False
CNT001719,TREK015,2023-08-18,05:00,06:04,1.08,Common Starling,Sturnus vulgaris,STURNUS_VU,5,SE,other,,True,synthetic_fixture,False
CNT001720,TREK015,2023-08-26,09:00,14:08,5.14,Common Raven,Corvus corax,CORVUS_COR,3,N,other,light rain,True,synthetic_fixture,False
CNT001721,TREK015,2023-08-26,09:00,14:08,5.14,Great Cormorant,Phalacrocorax carbo,PHALACROCO,9,NW,other,clear,True,synthetic_fixture,False
CNT001722,TREK015,2023-08-27,09:00,14:43,5.73,Common Starling,Sturnus vulgaris,STURNUS_VU,11,N,other,light rain,True,synthetic_fixture,False
CNT001723,TREK015,2023-08-27,09:00,14:43,5.73,Herring Gull,Larus argentatus,LARUS_ARGE,7,E,other,overcast,True,synthetic_fixture,False
CNT001724,TREK015,2023-11-02,05:00,08:29,3.49,Grey Heron,Ardea cinerea,ARDEA_CINE,5,E,other,light rain,True,synthetic_fixture,False
CNT001725,TREK015,2023-11-02,05:00,08:29,3.49,Bald Eagle,Haliaeetus leucocephalus,HALIAEETUS,1,S,other,light rain,True,synthetic_fixture,False
CNT001726,TREK015,2023-11-02,05:00,08:29,3.49,Mallard,Anas platyrhynchos,ANAS_PLATY,2,W,other,,True,synthetic_fixture,False
CNT001727,TREK015,2023-11-02,05:00,08:29,3.49,Eurasian Sparrowhawk,Accipiter nisus,ACCIPITER_,6,SW,other,overcast,True,synthetic_fixture,False
CNT001728,TREK015,2023-11-12,07:00,09:04,2.08,Bald Eagle,Haliaeetus leucocephalus,HALIAEETUS,2,SW,other,light rain,True,synthetic_fixture,False
CNT001729,TREK015,2023-11-29,05:00,10:26,5.44,Great Cormorant,Phalacrocorax carbo,PHALACROCO,1,SW,other,clear,True,synthetic_fixture,False
CNT001730,TREK015,2023-11-29,05:00,10:26,5.44,Mallard,Anas platyrhynchos,ANAS_PLATY,7,N,other,light rain,True,synthetic_fixture,False
CNT001731,TREK015,2023-11-29,05:00,10:26,5.44,American Robin,Turdus migratorius,TURDUS_MIG,4,N,other,light rain,True,synthetic_fixture,False
CNT001732,TREK015,2023-11-29,05:00,10:26,5.44,Mute Swan,Cygnus olor,CYGNUS_OLO,1,W,other,windy,True,synthetic_fixture,False
CNT001733,TREK015,2023-12-05,08:00,10:35,2.59,Grey Heron,Ardea cinerea,ARDEA_CINE,4,S,other,windy,True,synthetic_fixture,False
CNT001734,TREK015,2023-12-05,08:00,10:35,2.59,Eurasian Sparrowhawk,Accipiter nisus,ACCIPITER_,2,W,other,windy,True,synthetic_fixture,False
CNT001735,TREK015,2023-12-05,08:00,10:35,2.59,Herring Gull,Larus argentatus,LARUS_ARGE,6,S,other,,True,synthetic_fixture,False
CNT001736,TREK015,2023-12-08,08:00,09:57,1.96,Common Ringed Plover,Charadrius hiaticula,CHARADRIUS,3,NW,other,light rain,True,synthetic_fixture,False
CNT001737,TREK015,2023-12-08,08:00,09:57,1.96,Canada Goose,Branta canadensis,BRANTA_CAN,4,NW,other,overcast,True,synthetic_fixture,False
CNT001738,TREK015,2023-12-11,09:00,14:51,5.86,Mallard,Anas platyrhynchos,ANAS_PLATY,3,SW,other,windy,True,synthetic_fixture,False
CNT001739,TREK015,2023-12-11,09:00,14:51,5.86,Common Kestrel,Falco tinnunculus,FALCO_TINN,5,NW,other,light rain,True,synthetic_fixture,False
CNT001740,TREK015,2023-12-11,09:00,14:51,5.86,Bald Eagle,Haliaeetus leucocephalus,HALIAEETUS,4,SW,other,,True,synthetic_fixture,False
CNT001741,TREK015,2023-12-11,09:00,14:51,5.86,Great Blue Heron,Ardea herodias,ARDEA_HERO,4,NE,other,,True,synthetic_fixture,False
CNT001742,TREK015,2023-12-11,09:00,14:51,5.86,Greylag Goose,Anser anser,ANSER_ANSE,1,E,other,light rain,True,synthetic_fixture,False
CNT001743,TREK015,2024-02-01,08:00,13:12,5.2,Canada Goose,Branta canadensis,BRANTA_CAN,0,W,other,,True,synthetic_fixture,False
CNT001744,TREK015,2024-02-01,08:00,13:12,5.2,Rock Pigeon,Columba livia,COLUMBA_LI,4,S,other,light rain,True,synthetic_fixture,False
CNT001745,TREK015,2024-02-17,08:00,09:18,1.3,Common Buzzard,Buteo buteo,BUTEO_BUTE,2,SE,other,windy,True,synthetic_fixture,False
CNT001746,TREK015,2024-02-17,08:00,09:18,1.3,Common Starling,Sturnus vulgaris,STURNUS_VU,6,NE,other,windy,True,synthetic_fixture,False
CNT001747,TREK015,2024-02-26,07:00,12:46,5.78,Great Black-backed Gull,Larus marinus,LARUS_MARI,0,E,other,clear,True,synthetic_fixture,False
CNT001748,TREK015,2024-03-19,09:00,13:40,4.67,Common Raven,Corvus corax,CORVUS_COR,5,W,other,overcast,True,synthetic_fixture,False
CNT001749,TREK015,2024-03-19,09:00,13:40,4.67,Mute Swan,Cygnus olor,CYGNUS_OLO,10,N,other,windy,True,synthetic_fixture,False
CNT001750,TREK015,2024-05-13,08:00,13:52,5.88,Great Blue Heron,Ardea herodias,ARDEA_HERO,6,NE,other,clear,True,synthetic_fixture,False
CNT001751,TREK015,2024-05-13,08:00,13:52,5.88,Great Black-backed Gull,Larus marinus,LARUS_MARI,4,SW,other,overcast,True,synthetic_fixture,False
CNT001752,TREK015,2024-05-13,08:00,13:52,5.88,Common Starling,Sturnus vulgaris,STURNUS_VU,4,SW,other,,True,synthetic_fixture,False
CNT001753,TREK015,2024-05-13,08:00,13:52,5.88,Black-headed Gull,Chroicocephalus ridibundus,CHROICOCEP,9,SE,other,,True,synthetic_fixture,False
CNT001754,TREK015,2024-06-13,06:00,07:25,1.42,Rock Pigeon,Columba livia,COLUMBA_LI,5,N,other,light rain,True,synthetic_fixture,False
CNT001755,TREK015,2024-06-13,06:00,07:25,1.42,Greylag Goose,Anser anser,ANSER_ANSE,0,W,other,windy,True,synthetic_fixture,False
CNT001756,TREK015,2024-06-13,06:00,07:25,1.42,Common Starling,Sturnus vulgaris,STURNUS_VU,10,NE,other,,True,synthetic_fixture,False
CNT001757,TREK015,2024-06-13,06:00,07:25,1.42,American Robin,Turdus migratorius,TURDUS_MIG,1,N,other,overcast,True,synthetic_fixture,False
CNT001758,TREK015,2024-06-19,08:00,10:31,2.52,Bald Eagle,Haliaeetus leucocephalus,HALIAEETUS,3,N,other,overcast,True,synthetic_fixture,False
CNT001759,TREK015,2024-06-19,08:00,10:31,2.52,American Crow,Corvus brachyrhynchos,CORVUS_BRA,5,W,other,windy,True,synthetic_fixture,False
CNT001760,TREK015,2024-07-27,09:00,12:07,3.12,Great Black-backed Gull,Larus marinus,LARUS_MARI,3,SW,other,overcast,True,synthetic_fixture,False
CNT001761,TREK015,2024-07-27,09:00,12:07,3.12,Common Starling,Sturnus vulgaris,STURNUS_VU,3,S,other,clear,True,synthetic_fixture,False
CNT001762,TREK015,2024-07-27,09:00,12:07,3.12,Common Raven,Corvus corax,CORVUS_COR,4,W,other,overcast,True,synthetic_fixture,False
CNT001763,TREK015,2024-07-27,09:00,12:07,3.12,Eurasian Sparrowhawk,Accipiter nisus,ACCIPITER_,1,N,other,windy,True,synthetic_fixture,False
CNT001764,TREK015,2024-07-27,09:00,12:07,3.12,American Robin,Turdus migratorius,TURDUS_MIG,4,NE,other,windy,True,synthetic_fixture,False
CNT001765,TREK015,2024-07-29,08:00,13:52,5.87,Canada Goose,Branta canadensis,BRANTA_CAN,3,N,other,light rain,True,synthetic_fixture,False
CNT001766,TREK015,2024-07-29,08:00,13:52,5.87,Mute Swan,Cygnus olor,CYGNUS_OLO,4,SE,other,overcast,True,synthetic_fixture,False
CNT001767,TREK015,2024-08-24,06:00,10:28,4.48,Common Starling,Sturnus vulgaris,STURNUS_VU,5,N,other,,True,synthetic_fixture,False
CNT001768,TREK015,2024-08-24,06:00,10:28,4.48,Barn Swallow,Hirundo rustica,HIRUNDO_RU,5,W,other,windy,True,synthetic_fixture,False
CNT001769,TREK015,2024-08-24,06:00,10:28,4.48,American Crow,Corvus brachyrhynchos,CORVUS_BRA,5,SW,other,clear,True,synthetic_fixture,False
CNT001770,TREK015,2024-09-07,09:00,14:20,5.35,Great Cormorant,Phalacrocorax carbo,PHALACROCO,7,S,other,windy,True,synthetic_fixture,False
CNT001771,TREK015,2024-09-07,09:00,14:20,5.35,Mute Swan,Cygnus olor,CYGNUS_OLO,11,N,other,,True,synthetic_fixture,False
CNT001772,TREK015,2024-09-07,09:00,14:20,5.35,Great Black-backed Gull,Larus marinus,LARUS_MARI,8,NE,other,overcast,True,synthetic_fixture,False
CNT001773,TREK015,2024-09-07,09:00,14:20,5.35,Herring Gull,Larus argentatus,LARUS_ARGE,8,NW,other,overcast,True,synthetic_fixture,False
CNT001774,TREK015,2024-09-27,05:00,09:59,4.99,Mute Swan,Cygnus olor,CYGNUS_OLO,12,E,other,light rain,True,synthetic_fixture,False
CNT001775,TREK015,2024-09-27,05:00,09:59,4.99,American Robin,Turdus migratorius,TURDUS_MIG,8,SE,other,overcast,True,synthetic_fixture,False
CNT001776,TREK015,2024-09-27,05:00,09:59,4.99,Common Ringed Plover,Charadrius hiaticula,CHARADRIUS,10,SW,other,light rain,True,synthetic_fixture,False
CNT001777,TREK015,2024-09-27,05:00,09:59,4.99,Common Kestrel,Falco tinnunculus,FALCO_TINN,20,SW,other,windy,False,synthetic_fixture,False
CNT001778,TREK015,2024-11-06,08:00,11:30,3.51,Eurasian Sparrowhawk,Accipiter nisus,ACCIPITER_,8,SW,other,,True,synthetic_fixture,False
CNT001779,TREK015,2024-11-06,08:00,11:30,3.51,Mute Swan,Cygnus olor,CYGNUS_OLO,5,SE,other,light rain,True,synthetic_fixture,False
CNT001780,TREK015,2024-11-06,08:00,11:30,3.51,Canada Goose,Branta canadensis,BRANTA_CAN,3,SE,other,,True,synthetic_fixture,False
CNT001781,TREK015,2024-11-06,08:00,11:30,3.51,Rock Pigeon,Columba livia,COLUMBA_LI,3,NW,other,windy,True,synthetic_fixture,False
CNT001782,TREK015,2024-11-07,06:00,07:21,1.36,Canada Goose,Branta canadensis,BRANTA_CAN,3,S,other,clear,True,synthetic_fixture,False
CNT001783,TREK015,2024-11-07,06:00,07:21,1.36,Common Buzzard,Buteo buteo,BUTEO_BUTE,3,SW,other,,True,synthetic_fixture,False
CNT001784,TREK015,2024-11-07,06:00,07:21,1.36,American Robin,Turdus migratorius,TURDUS_MIG,4,NW,other,,True,synthetic_fixture,False
CNT001785,TREK015,2024-11-26,08:00,13:57,5.96,Great Cormorant,Phalacrocorax carbo,PHALACROCO,4,NE,other,overcast,True,synthetic_fixture,False
CNT001786,TREK015,2024-11-26,08:00,13:57,5.96,Common Kestrel,Falco tinnunculus,FALCO_TINN,4,E,other,overcast,True,synthetic_fixture,False
CNT001787,TREK015,2024-11-26,08:00,13:57,5.96,Canada Goose,Branta canadensis,BRANTA_CAN,3,S,other,windy,True,synthetic_fixture,False
CNT001788,TREK015,2024-11-26,08:00,13:57,5.96,Mute Swan,Cygnus olor,CYGNUS_OLO,3,SE,other,light rain,True,synthetic_fixture,False
CNT001789,TREK015,2024-11-26,08:00,13:57,5.96,Greylag Goose,Anser anser,ANSER_ANSE,9,SW,other,windy,True,synthetic_fixture,False
CNT001790,TREK015,2024-12-07,09:00,14:59,5.99,Greylag Goose,Anser anser,ANSER_ANSE,4,N,other,light rain,True,synthetic_fixture,False
CNT001791,TREK015,2024-12-07,09:00,14:59,5.99,Rock Pigeon,Columba livia,COLUMBA_LI,2,N,other,overcast,True,synthetic_fixture,False
CNT001792,TREK015,2024-12-07,09:00,14:59,5.99,Grey Heron,Ardea cinerea,ARDEA_CINE,4,E,other,,True,synthetic_fixture,False
CNT001793,TREK015,2024-12-07,09:00,14:59,5.99,Great Blue Heron,Ardea herodias,ARDEA_HERO,2,NE,other,overcast,False,synthetic_fixture,False
CNT001794,TREK015,2024-12-12,06:00,07:11,1.2,Common Kestrel,Falco tinnunculus,FALCO_TINN,0,E,other,,True,synthetic_fixture,False
CNT001795,TREK015,2024-12-12,06:00,07:11,1.2,Mute Swan,Cygnus olor,CYGNUS_OLO,5,SE,other,,True,synthetic_fixture,False
CNT001796,TREK015,2024-12-12,06:00,07:11,1.2,American Robin,Turdus migratorius,TURDUS_MIG,3,NW,other,windy,True,synthetic_fixture,False
CNT001797,TREK015,2024-12-12,06:00,07:11,1.2,Common Buzzard,Buteo buteo,BUTEO_BUTE,3,N,other,overcast,True,synthetic_fixture,False
CNT001798,TREK015,2024-12-28,08:00,12:15,4.25,American Robin,Turdus migratorius,TURDUS_MIG,1,N,other,overcast,True,synthetic_fixture,False
CNT001799,TREK015,2024-12-28,08:00,12:15,4.25,Grey Heron,Ardea cinerea,ARDEA_CINE,2,N,other,light rain,True,synthetic_fixture,False
CNT001800,TREK015,2024-12-28,08:00,12:15,4.25,Mallard,Anas platyrhynchos,ANAS_PLATY,2,S,other,light rain,True,synthetic_fixture,False
CNT001801,TREK016,2023-01-08,08:00,12:19,4.32,Barn Swallow,Hirundo rustica,HIRUNDO_RU,4,SE,nocturnal_flight_call,,True,synthetic_fixture,False
CNT001802,TREK016,2023-01-08,08:00,12:19,4.32,Bald Eagle,Haliaeetus leucocephalus,HALIAEETUS,3,W,nocturnal_flight_call,overcast,True,synthetic_fixture,False
CNT001803,TREK016,2023-01-17,06:00,07:06,1.11,Black-headed Gull,Chroicocephalus ridibundus,CHROICOCEP,3,W,nocturnal_flight_call,clear,True,synthetic_fixture,False
CNT001804,TREK016,2023-01-30,08:00,13:35,5.59,Bald Eagle,Haliaeetus leucocephalus,HALIAEETUS,4,N,nocturnal_flight_call,clear,True,synthetic_fixture,False
CNT001805,TREK016,2023-01-30,08:00,13:35,5.59,Common Buzzard,Buteo buteo,BUTEO_BUTE,4,W,nocturnal_flight_call,windy,True,synthetic_fixture,False
CNT001806,TREK016,2023-01-30,08:00,13:35,5.59,Common Kestrel,Falco tinnunculus,FALCO_TINN,5,NE,nocturnal_flight_call,clear,True,synthetic_fixture,False
CNT001807,TREK016,2023-01-30,08:00,13:35,5.59,Black-headed Gull,Chroicocephalus ridibundus,CHROICOCEP,5,NW,nocturnal_flight_call,windy,True,synthetic_fixture,False
CNT001808,TREK016,2023-01-30,08:00,13:35,5.59,Common Raven,Corvus corax,CORVUS_COR,6,SW,nocturnal_flight_call,,True,synthetic_fixture,False
CNT001809,TREK016,2023-02-02,06:00,08:05,2.09,Rock Pigeon,Columba livia,COLUMBA_LI,4,S,nocturnal_flight_call,light rain,True,synthetic_fixture,False
CNT001810,TREK016,2023-02-02,06:00,08:05,2.09,Herring Gull,Larus argentatus,LARUS_ARGE,1,S,nocturnal_flight_call,overcast,True,synthetic_fixture,False
CNT001811,TREK016,2023-02-02,06:00,08:05,2.09,Common Buzzard,Buteo buteo,BUTEO_BUTE,3,SW,nocturnal_flight_call,,True,synthetic_fixture,False
CNT001812,TREK016,2023-02-06,05:00,08:13,3.23,Rock Pigeon,Columba livia,COLUMBA_LI,2,W,nocturnal_flight_call,windy,True,synthetic_fixture,False
CNT001813,TREK016,2023-02-06,05:00,08:13,3.23,Great Cormorant,Phalacrocorax carbo,PHALACROCO,6,NE,nocturnal_flight_call,,True,synthetic_fixture,False
CNT001814,TREK016,2023-02-06,05:00,08:13,3.23,American Robin,Turdus migratorius,TURDUS_MIG,3,SW,nocturnal_flight_call,clear,False,synthetic_fixture,False
CNT001815,TREK016,2023-02-06,05:00,08:13,3.23,Great Black-backed Gull,Larus marinus,LARUS_MARI,4,N,nocturnal_flight_call,clear,True,synthetic_fixture,False
CNT001816,TREK016,2023-02-06,05:00,08:13,3.23,Herring Gull,Larus argentatus,LARUS_ARGE,4,W,nocturnal_flight_call,overcast,True,synthetic_fixture,False
CNT001817,TREK016,2023-02-22,06:00,09:28,3.48,Common Kestrel,Falco tinnunculus,FALCO_TINN,5,NE,nocturnal_flight_call,clear,True,synthetic_fixture,False
CNT001818,TREK016,2023-02-22,06:00,09:28,3.48,Barn Swallow,Hirundo rustica,HIRUNDO_RU,2,S,nocturnal_flight_call,light rain,True,synthetic_fixture,False
CNT001819,TREK016,2023-02-22,06:00,09:28,3.48,Eurasian Sparrowhawk,Accipiter nisus,ACCIPITER_,5,N,nocturnal_flight_call,windy,True,synthetic_fixture,False
CNT001820,TREK016,2023-02-22,06:00,09:28,3.48,Common Ringed Plover,Charadrius hiaticula,CHARADRIUS,4,SW,nocturnal_flight_call,,True,synthetic_fixture,False
CNT001821,TREK016,2023-02-22,06:00,09:28,3.48,Great Black-backed Gull,Larus marinus,LARUS_MARI,3,N,nocturnal_flight_call,clear,True,synthetic_fixture,False
CNT001822,TREK016,2023-03-31,09:00,10:08,1.15,American Crow,Corvus brachyrhynchos,CORVUS_BRA,15,W,nocturnal_flight_call,,True,synthetic_fixture,False
CNT001823,TREK016,2023-03-31,09:00,10:08,1.15,Greylag Goose,Anser anser,ANSER_ANSE,9,SE,nocturnal_flight_call,light rain,True,synthetic_fixture,False
CNT001824,TREK016,2023-04-04,07:00,08:53,1.89,American Robin,Turdus migratorius,TURDUS_MIG,10,SW,nocturnal_flight_call,windy,True,synthetic_fixture,False
CNT001825,TREK016,2023-04-04,07:00,08:53,1.89,Common Buzzard,Buteo buteo,BUTEO_BUTE,13,NE,nocturnal_flight_call,clear,True,synthetic_fixture,False
CNT001826,TREK016,2023-04-10,09:00,10:07,1.13,Grey Heron,Ardea cinerea,ARDEA_CINE,10,S,nocturnal_flight_call,windy,True,synthetic_fixture,False
CNT001827,TREK016,2023-04-10,09:00,10:07,1.13,American Robin,Turdus migratorius,TURDUS_MIG,16,SW,nocturnal_flight_call,,True,synthetic_fixture,False
CNT001828,TREK016,2023-04-22,05:00,09:28,4.48,Greylag Goose,Anser anser,ANSER_ANSE,13,N,nocturnal_flight_call,windy,True,synthetic_fixture,False
CNT001829,TREK016,2023-04-22,05:00,09:28,4.48,Mute Swan,Cygnus olor,CYGNUS_OLO,7,S,nocturnal_flight_call,windy,True,synthetic_fixture,False
CNT001830,TREK016,2023-04-22,05:00,09:28,4.48,American Crow,Corvus brachyrhynchos,CORVUS_BRA,14,NE,nocturnal_flight_call,overcast,True,synthetic_fixture,False
CNT001831,TREK016,2023-04-22,05:00,09:28,4.48,Common Kestrel,Falco tinnunculus,FALCO_TINN,10,SE,nocturnal_flight_call,clear,True,synthetic_fixture,False
CNT001832,TREK016,2023-04-23,08:00,10:47,2.79,Grey Heron,Ardea cinerea,ARDEA_CINE,9,E,nocturnal_flight_call,,True,synthetic_fixture,False
CNT001833,TREK016,2023-04-23,08:00,10:47,2.79,American Robin,Turdus migratorius,TURDUS_MIG,10,NW,nocturnal_flight_call,windy,True,synthetic_fixture,False
CNT001834,TREK016,2023-04-23,08:00,10:47,2.79,Great Black-backed Gull,Larus marinus,LARUS_MARI,8,NE,nocturnal_flight_call,windy,True,synthetic_fixture,False
CNT001835,TREK016,2023-04-23,08:00,10:47,2.79,Common Ringed Plover,Charadrius hiaticula,CHARADRIUS,13,NE,nocturnal_flight_call,light rain,True,synthetic_fixture,False
CNT001836,TREK016,2023-05-26,06:00,11:32,5.55,Common Buzzard,Buteo buteo,BUTEO_BUTE,5,W,nocturnal_flight_call,windy,True,synthetic_fixture,False
CNT001837,TREK016,2023-05-26,06:00,11:32,5.55,Grey Heron,Ardea cinerea,ARDEA_CINE,7,S,nocturnal_flight_call,clear,True,synthetic_fixture,False
CNT001838,TREK016,2023-05-26,06:00,11:32,5.55,Common Ringed Plover,Charadrius hiaticula,CHARADRIUS,5,NE,nocturnal_flight_call,light rain,True,synthetic_fixture,False
CNT001839,TREK016,2023-05-26,06:00,11:32,5.55,Mallard,Anas platyrhynchos,ANAS_PLATY,6,N,nocturnal_flight_call,overcast,True,synthetic_fixture,False
CNT001840,TREK016,2023-05-26,06:00,11:32,5.55,Herring Gull,Larus argentatus,LARUS_ARGE,3,NE,nocturnal_flight_call,,True,synthetic_fixture,False
CNT001841,TREK016,2023-06-26,07:00,11:09,4.15,Common Buzzard,Buteo buteo,BUTEO_BUTE,3,SW,nocturnal_flight_call,,True,synthetic_fixture,False
CNT001842,TREK016,2023-07-21,08:00,09:58,1.97,Common Starling,Sturnus vulgaris,STURNUS_VU,9,SW,nocturnal_flight_call,windy,True,synthetic_fixture,False
CNT001843,TREK016,2023-07-21,08:00,09:58,1.97,Common Ringed Plover,Charadrius hiaticula,CHARADRIUS,3,S,nocturnal_flight_call,light rain,True,synthetic_fixture,False
CNT001844,TREK016,2023-07-21,08:00,09:58,1.97,Common Raven,Corvus corax,CORVUS_COR,4,S,nocturnal_flight_call,light rain,True,synthetic_fixture,False
CNT001845,TREK016,2023-07-21,08:00,09:58,1.97,Grey Heron,Ardea cinerea,ARDEA_CINE,5,E,nocturnal_flight_call,windy,True,synthetic_fixture,False
CNT001846,TREK016,2023-07-21,08:00,09:58,1.97,Common Kestrel,Falco tinnunculus,FALCO_TINN,2,NW,nocturnal_flight_call,light rain,True,synthetic_fixture,False
CNT001847,TREK016,2023-07-22,05:00,10:40,5.67,Great Blue Heron,Ardea herodias,ARDEA_HERO,5,E,nocturnal_flight_call,windy,True,synthetic_fixture,False
CNT001848,TREK016,2023-07-22,05:00,10:40,5.67,Rock Pigeon,Columba livia,COLUMBA_LI,0,N,nocturnal_flight_call,clear,True,synthetic_fixture,False
CNT001849,TREK016,2023-07-23,07:00,09:43,2.72,Rock Pigeon,Columba livia,COLUMBA_LI,5,NE,nocturnal_flight_call,light rain,True,synthetic_fixture,False
CNT001850,TREK016,2023-07-23,07:00,09:43,2.72,Canada Goose,Branta canadensis,BRANTA_CAN,4,S,nocturnal_flight_call,,True,synthetic_fixture,False
CNT001851,TREK016,2023-07-23,07:00,09:43,2.72,American Crow,Corvus brachyrhynchos,CORVUS_BRA,2,SW,nocturnal_flight_call,light rain,True,synthetic_fixture,False
CNT001852,TREK016,2023-08-07,08:00,13:39,5.65,Rock Pigeon,Columba livia,COLUMBA_LI,8,SW,nocturnal_flight_call,,True,synthetic_fixture,False
CNT001853,TREK016,2023-08-10,06:00,07:01,1.03,American Crow,Corvus brachyrhynchos,CORVUS_BRA,5,SW,nocturnal_flight_call,,True,synthetic_fixture,False
CNT001854,TREK016,2023-08-10,06:00,07:01,1.03,Eurasian Sparrowhawk,Accipiter nisus,ACCIPITER_,4,S,nocturnal_flight_call,light rain,True,synthetic_fixture,False
CNT001855,TREK016,2023-08-10,06:00,07:01,1.03,Bald Eagle,Haliaeetus leucocephalus,HALIAEETUS,2,SW,nocturnal_flight_call,windy,True,synthetic_fixture,False
CNT001856,TREK016,2023-08-10,06:00,07:01,1.03,Common Ringed Plover,Charadrius hiaticula,CHARADRIUS,4,NE,nocturnal_flight_call,,True,synthetic_fixture,False
CNT001857,TREK016,2023-08-10,06:00,07:01,1.03,Great Black-backed Gull,Larus marinus,LARUS_MARI,4,SE,nocturnal_flight_call,windy,True,synthetic_fixture,False
CNT001858,TREK016,2023-08-21,05:00,10:21,5.36,Herring Gull,Larus argentatus,LARUS_ARGE,7,NW,nocturnal_flight_call,overcast,True,synthetic_fixture,False
CNT001859,TREK016,2023-08-21,05:00,10:21,5.36,Grey Heron,Ardea cinerea,ARDEA_CINE,3,SE,nocturnal_flight_call,light rain,True,synthetic_fixture,False
CNT001860,TREK016,2023-08-21,05:00,10:21,5.36,Great Black-backed Gull,Larus marinus,LARUS_MARI,5,E,nocturnal_flight_call,overcast,True,synthetic_fixture,False
CNT001861,TREK016,2023-08-21,05:00,10:21,5.36,Common Kestrel,Falco tinnunculus,FALCO_TINN,7,N,nocturnal_flight_call,light rain,True,synthetic_fixture,False
CNT001862,TREK016,2023-08-21,05:00,10:21,5.36,Common Buzzard,Buteo buteo,BUTEO_BUTE,7,SE,nocturnal_flight_call,light rain,True,synthetic_fixture,False
CNT001863,TREK016,2023-08-31,09:00,12:09,3.16,Great Black-backed Gull,Larus marinus,LARUS_MARI,9,N,nocturnal_flight_call,windy,True,synthetic_fixture,False
CNT001864,TREK016,2023-08-31,09:00,12:09,3.16,Mallard,Anas platyrhynchos,ANAS_PLATY,10,NW,nocturnal_flight_call,overcast,True,synthetic_fixture,False
CNT001865,TREK016,2023-08-31,09:00,12:09,3.16,Greylag Goose,Anser anser,ANSER_ANSE,11,NW,nocturnal_flight_call,windy,True,synthetic_fixture,False
CNT001866,TREK016,2023-08-31,09:00,12:09,3.16,American Robin,Turdus migratorius,TURDUS_MIG,9,SE,nocturnal_flight_call,clear,True,synthetic_fixture,False
CNT001867,TREK016,2023-10-11,07:00,12:50,5.84,Common Kestrel,Falco tinnunculus,FALCO_TINN,14,NE,nocturnal_flight_call,clear,True,synthetic_fixture,False
CNT001868,TREK016,2023-10-11,07:00,12:50,5.84,American Robin,Turdus migratorius,TURDUS_MIG,11,NE,nocturnal_flight_call,clear,True,synthetic_fixture,False
CNT001869,TREK016,2023-11-01,07:00,11:36,4.61,Common Starling,Sturnus vulgaris,STURNUS_VU,5,SW,nocturnal_flight_call,light rain,True,synthetic_fixture,False
CNT001870,TREK016,2023-11-01,07:00,11:36,4.61,Common Kestrel,Falco tinnunculus,FALCO_TINN,6,S,nocturnal_flight_call,clear,True,synthetic_fixture,False
CNT001871,TREK016,2023-11-01,07:00,11:36,4.61,Common Buzzard,Buteo buteo,BUTEO_BUTE,5,SW,nocturnal_flight_call,windy,True,synthetic_fixture,False
CNT001872,TREK016,2023-12-15,08:00,12:19,4.33,Great Black-backed Gull,Larus marinus,LARUS_MARI,0,SE,nocturnal_flight_call,windy,True,synthetic_fixture,False
CNT001873,TREK016,2023-12-15,08:00,12:19,4.33,Black-headed Gull,Chroicocephalus ridibundus,CHROICOCEP,0,N,nocturnal_flight_call,,True,synthetic_fixture,False
CNT001874,TREK016,2023-12-15,08:00,12:19,4.33,Great Cormorant,Phalacrocorax carbo,PHALACROCO,3,NW,nocturnal_flight_call,light rain,True,synthetic_fixture,False
CNT001875,TREK016,2023-12-18,06:00,10:46,4.77,Common Ringed Plover,Charadrius hiaticula,CHARADRIUS,3,NE,nocturnal_flight_call,windy,False,synthetic_fixture,False
CNT001876,TREK016,2023-12-18,06:00,10:46,4.77,Mute Swan,Cygnus olor,CYGNUS_OLO,4,NE,nocturnal_flight_call,,True,synthetic_fixture,False
CNT001877,TREK016,2023-12-25,05:00,07:23,2.39,Great Cormorant,Phalacrocorax carbo,PHALACROCO,5,N,nocturnal_flight_call,,True,synthetic_fixture,False
CNT001878,TREK016,2023-12-25,05:00,07:23,2.39,Great Black-backed Gull,Larus marinus,LARUS_MARI,3,SW,nocturnal_flight_call,clear,True,synthetic_fixture,False
CNT001879,TREK016,2023-12-25,05:00,07:23,2.39,Grey Heron,Ardea cinerea,ARDEA_CINE,2,SE,nocturnal_flight_call,overcast,True,synthetic_fixture,False
CNT001880,TREK016,2023-12-25,05:00,07:23,2.39,Mallard,Anas platyrhynchos,ANAS_PLATY,1,NW,nocturnal_flight_call,windy,True,synthetic_fixture,False
CNT001881,TREK016,2024-01-31,05:00,09:59,4.99,Common Buzzard,Buteo buteo,BUTEO_BUTE,5,SE,nocturnal_flight_call,light rain,True,synthetic_fixture,False
CNT001882,TREK016,2024-01-31,05:00,09:59,4.99,Common Ringed Plover,Charadrius hiaticula,CHARADRIUS,5,SW,nocturnal_flight_call,overcast,True,synthetic_fixture,False
CNT001883,TREK016,2024-02-03,07:00,12:50,5.84,Great Black-backed Gull,Larus marinus,LARUS_MARI,3,SW,nocturnal_flight_call,,False,synthetic_fixture,False
CNT001884,TREK016,2024-02-03,07:00,12:50,5.84,Common Ringed Plover,Charadrius hiaticula,CHARADRIUS,4,S,nocturnal_flight_call,windy,True,synthetic_fixture,False
CNT001885,TREK016,2024-02-12,07:00,10:06,3.1,Mute Swan,Cygnus olor,CYGNUS_OLO,6,E,nocturnal_flight_call,light rain,True,synthetic_fixture,False
CNT001886,TREK016,2024-02-12,07:00,10:06,3.1,Grey Heron,Ardea cinerea,ARDEA_CINE,2,N,nocturnal_flight_call,,True,synthetic_fixture,False
CNT001887,TREK016,2024-02-12,07:00,10:06,3.1,Canada Goose,Branta canadensis,BRANTA_CAN,3,E,nocturnal_flight_call,,False,synthetic_fixture,False
CNT001888,TREK016,2024-02-12,07:00,10:06,3.1,Great Cormorant,Phalacrocorax carbo,PHALACROCO,2,W,nocturnal_flight_call,,True,synthetic_fixture,False
CNT001889,TREK016,2024-02-12,07:00,10:06,3.1,Rock Pigeon,Columba livia,COLUMBA_LI,2,NW,nocturnal_flight_call,,True,synthetic_fixture,False
CNT001890,TREK016,2024-02-19,09:00,13:08,4.14,Common Buzzard,Buteo buteo,BUTEO_BUTE,8,W,nocturnal_flight_call,windy,True,synthetic_fixture,False
CNT001891,TREK016,2024-02-19,09:00,13:08,4.14,Eurasian Sparrowhawk,Accipiter nisus,ACCIPITER_,3,S,nocturnal_flight_call,windy,True,synthetic_fixture,False
CNT001892,TREK016,2024-03-01,07:00,09:17,2.29,Common Starling,Sturnus vulgaris,STURNUS_VU,5,E,nocturnal_flight_call,clear,True,synthetic_fixture,False
CNT001893,TREK016,2024-03-01,07:00,09:17,2.29,Common Buzzard,Buteo buteo,BUTEO_BUTE,5,W,nocturnal_flight_call,overcast,True,synthetic_fixture,False
CNT001894,TREK016,2024-03-05,08:00,10:19,2.32,Rock Pigeon,Columba livia,COLUMBA_LI,6,SW,nocturnal_flight_call,,True,synthetic_fixture,False
CNT001895,TREK016,2024-03-05,08:00,10:19,2.32,Great Black-backed Gull,Larus marinus,LARUS_MARI,8,SW,nocturnal_flight_call,overcast,True,synthetic_fixture,False
CNT001896,TREK016,2024-03-05,08:00,10:19,2.32,Great Blue Heron,Ardea herodias,ARDEA_HERO,5,N,nocturnal_flight_call,windy,True,synthetic_fixture,False
CNT001897,TREK016,2024-03-05,08:00,10:19,2.32,Barn Swallow,Hirundo rustica,HIRUNDO_RU,9,SW,nocturnal_flight_call,windy,True,synthetic_fixture,False
CNT001898,TREK016,2024-03-05,08:00,10:19,2.32,Mallard,Anas platyrhynchos,ANAS_PLATY,2,NE,nocturnal_flight_call,windy,True,synthetic_fixture,False
CNT001899,TREK016,2024-03-28,05:00,10:05,5.1,Black-headed Gull,Chroicocephalus ridibundus,CHROICOCEP,14,E,nocturnal_flight_call,clear,True,synthetic_fixture,False
CNT001900,TREK016,2024-03-28,05:00,10:05,5.1,American Crow,Corvus brachyrhynchos,CORVUS_BRA,8,W,nocturnal_flight_call,,True,synthetic_fixture,False
CNT001901,TREK016,2024-03-28,05:00,10:05,5.1,Greylag Goose,Anser anser,ANSER_ANSE,9,SE,nocturnal_flight_call,overcast,True,synthetic_fixture,False
CNT001902,TREK016,2024-03-28,05:00,10:05,5.1,Great Cormorant,Phalacrocorax carbo,PHALACROCO,9,SW,nocturnal_flight_call,clear,True,synthetic_fixture,False
CNT001903,TREK016,2024-07-11,07:00,10:47,3.79,Canada Goose,Branta canadensis,BRANTA_CAN,3,NE,nocturnal_flight_call,light rain,True,synthetic_fixture,False
CNT001904,TREK016,2024-08-19,09:00,10:37,1.62,Common Kestrel,Falco tinnunculus,FALCO_TINN,1,E,nocturnal_flight_call,light rain,True,synthetic_fixture,False
CNT001905,TREK016,2024-08-19,09:00,10:37,1.62,Rock Pigeon,Columba livia,COLUMBA_LI,2,NW,nocturnal_flight_call,,True,synthetic_fixture,False
CNT001906,TREK016,2024-08-19,09:00,10:37,1.62,Common Ringed Plover,Charadrius hiaticula,CHARADRIUS,6,S,nocturnal_flight_call,overcast,True,synthetic_fixture,False
CNT001907,TREK016,2024-08-19,09:00,10:37,1.62,Great Blue Heron,Ardea herodias,ARDEA_HERO,2,NW,nocturnal_flight_call,clear,True,synthetic_fixture,False
CNT001908,TREK016,2024-09-15,06:00,09:36,3.6,Greylag Goose,Anser anser,ANSER_ANSE,17,W,nocturnal_flight_call,clear,True,synthetic_fixture,False
CNT001909,TREK016,2024-09-15,06:00,09:36,3.6,Common Kestrel,Falco tinnunculus,FALCO_TINN,16,SE,nocturnal_flight_call,,True,synthetic_fixture,False
CNT001910,TREK016,2024-09-15,06:00,09:36,3.6,American Robin,Turdus migratorius,TURDUS_MIG,8,W,nocturnal_flight_call,,False,synthetic_fixture,False
CNT001911,TREK016,2024-09-15,06:00,09:36,3.6,Barn Swallow,Hirundo rustica,HIRUNDO_RU,6,W,nocturnal_flight_call,light rain,True,synthetic_fixture,False
CNT001912,TREK016,2024-10-16,09:00,10:18,1.3,Common Ringed Plover,Charadrius hiaticula,CHARADRIUS,9,E,nocturnal_flight_call,,True,synthetic_fixture,False
CNT001913,TREK016,2024-10-16,09:00,10:18,1.3,Great Black-backed Gull,Larus marinus,LARUS_MARI,4,NE,nocturnal_flight_call,,True,synthetic_fixture,False
CNT001914,TREK016,2024-10-16,09:00,10:18,1.3,Mallard,Anas platyrhynchos,ANAS_PLATY,11,N,nocturnal_flight_call,,True,synthetic_fixture,False
CNT001915,TREK016,2024-10-20,05:00,06:13,1.23,American Robin,Turdus migratorius,TURDUS_MIG,15,N,nocturnal_flight_call,clear,True,synthetic_fixture,False
CNT001916,TREK016,2024-10-20,05:00,06:13,1.23,Canada Goose,Branta canadensis,BRANTA_CAN,9,SE,nocturnal_flight_call,,True,synthetic_fixture,False
CNT001917,TREK016,2024-10-20,05:00,06:13,1.23,Common Ringed Plover,Charadrius hiaticula,CHARADRIUS,8,SW,nocturnal_flight_call,,True,synthetic_fixture,False
CNT001918,TREK016,2024-10-22,09:00,14:46,5.78,Great Black-backed Gull,Larus marinus,LARUS_MARI,6,SE,nocturnal_flight_call,windy,True,synthetic_fixture,False
CNT001919,TREK016,2024-10-22,09:00,14:46,5.78,Bald Eagle,Haliaeetus leucocephalus,HALIAEETUS,6,N,nocturnal_flight_call,,True,synthetic_fixture,False
CNT001920,TREK016,2024-10-22,09:00,14:46,5.78,Canada Goose,Branta canadensis,BRANTA_CAN,7,NE,nocturnal_flight_call,windy,True,synthetic_fixture,False
CNT001921,TREK016,2024-10-22,09:00,14:46,5.78,Grey Heron,Ardea cinerea,ARDEA_CINE,7,S,nocturnal_flight_call,windy,True,synthetic_fixture,False
CNT001922,TREK016,2024-11-01,09:00,11:21,2.35,Barn Swallow,Hirundo rustica,HIRUNDO_RU,6,W,nocturnal_flight_call,windy,True,synthetic_fixture,False
CNT001923,TREK016,2024-11-01,09:00,11:21,2.35,American Robin,Turdus migratorius,TURDUS_MIG,6,S,nocturnal_flight_call,windy,True,synthetic_fixture,False
CNT001924,TREK016,2024-11-22,08:00,12:43,4.72,Canada Goose,Branta canadensis,BRANTA_CAN,1,SE,nocturnal_flight_call,overcast,True,synthetic_fixture,False
CNT001925,TREK016,2024-11-22,08:00,12:43,4.72,Common Ringed Plover,Charadrius hiaticula,CHARADRIUS,1,S,nocturnal_flight_call,overcast,True,synthetic_fixture,False
CNT001926,TREK016,2024-11-22,08:00,12:43,4.72,Great Blue Heron,Ardea herodias,ARDEA_HERO,4,E,nocturnal_flight_call,light rain,True,synthetic_fixture,False
CNT001927,TREK016,2024-11-22,08:00,12:43,4.72,Rock Pigeon,Columba livia,COLUMBA_LI,3,S,nocturnal_flight_call,,True,synthetic_fixture,False
CNT001928,TREK016,2024-12-17,07:00,08:33,1.55,Great Cormorant,Phalacrocorax carbo,PHALACROCO,3,SE,nocturnal_flight_call,light rain,True,synthetic_fixture,False
CNT001929,TREK016,2024-12-17,07:00,08:33,1.55,Common Starling,Sturnus vulgaris,STURNUS_VU,3,E,nocturnal_flight_call,overcast,True,synthetic_fixture,False
CNT001930,TREK016,2024-12-17,07:00,08:33,1.55,Eurasian Sparrowhawk,Accipiter nisus,ACCIPITER_,5,W,nocturnal_flight_call,,True,synthetic_fixture,False
CNT001931,TREK016,2024-12-17,07:00,08:33,1.55,Black-headed Gull,Chroicocephalus ridibundus,CHROICOCEP,4,S,nocturnal_flight_call,overcast,True,synthetic_fixture,False
CNT001932,TREK016,2024-12-17,07:00,08:33,1.55,Great Blue Heron,Ardea herodias,ARDEA_HERO,4,W,nocturnal_flight_call,,True,synthetic_fixture,False
CNT001933,TREK017,2023-01-02,09:00,13:04,4.08,Grey Heron,Ardea cinerea,ARDEA_CINE,2,SW,capture,clear,True,synthetic_fixture,False
CNT001934,TREK017,2023-02-13,09:00,10:53,1.89,Eurasian Sparrowhawk,Accipiter nisus,ACCIPITER_,2,S,capture,light rain,True,synthetic_fixture,False
CNT001935,TREK017,2023-02-13,09:00,10:53,1.89,Great Blue Heron,Ardea herodias,ARDEA_HERO,4,S,capture,windy,True,synthetic_fixture,False
CNT001936,TREK017,2023-02-13,09:00,10:53,1.89,Common Raven,Corvus corax,CORVUS_COR,2,NW,capture,light rain,True,synthetic_fixture,False
CNT001937,TREK017,2023-03-09,08:00,09:33,1.55,Common Raven,Corvus corax,CORVUS_COR,5,E,capture,clear,True,synthetic_fixture,False
CNT001938,TREK017,2023-03-09,08:00,09:33,1.55,Rock Pigeon,Columba livia,COLUMBA_LI,6,N,capture,light rain,True,synthetic_fixture,False
CNT001939,TREK017,2023-03-09,08:00,09:33,1.55,Bald Eagle,Haliaeetus leucocephalus,HALIAEETUS,7,SW,capture,clear,True,synthetic_fixture,False
CNT001940,TREK017,2023-03-10,08:00,13:50,5.85,Great Cormorant,Phalacrocorax carbo,PHALACROCO,11,NW,capture,overcast,True,synthetic_fixture,False
CNT001941,TREK017,2023-03-10,08:00,13:50,5.85,Greylag Goose,Anser anser,ANSER_ANSE,7,NW,capture,windy,True,synthetic_fixture,False
CNT001942,TREK017,2023-03-10,08:00,13:50,5.85,Grey Heron,Ardea cinerea,ARDEA_CINE,6,SW,capture,windy,True,synthetic_fixture,False
CNT001943,TREK017,2023-03-10,08:00,13:50,5.85,Common Kestrel,Falco tinnunculus,FALCO_TINN,5,E,capture,overcast,True,synthetic_fixture,False
CNT001944,TREK017,2023-03-23,07:00,10:56,3.94,Common Kestrel,Falco tinnunculus,FALCO_TINN,15,NE,capture,clear,False,synthetic_fixture,False
CNT001945,TREK017,2023-03-23,07:00,10:56,3.94,Eurasian Sparrowhawk,Accipiter nisus,ACCIPITER_,13,S,capture,light rain,True,synthetic_fixture,False
CNT001946,TREK017,2023-03-23,07:00,10:56,3.94,Common Ringed Plover,Charadrius hiaticula,CHARADRIUS,13,NW,capture,windy,True,synthetic_fixture,False
CNT001947,TREK017,2023-04-09,05:00,09:28,4.47,Herring Gull,Larus argentatus,LARUS_ARGE,11,NW,capture,clear,True,synthetic_fixture,False
CNT001948,TREK017,2023-04-09,05:00,09:28,4.47,Black-headed Gull,Chroicocephalus ridibundus,CHROICOCEP,7,W,capture,,True,synthetic_fixture,False
CNT001949,TREK017,2023-04-10,07:00,08:53,1.9,Common Raven,Corvus corax,CORVUS_COR,11,S,capture,,True,synthetic_fixture,False
CNT001950,TREK017,2023-04-15,07:00,10:00,3.01,Rock Pigeon,Columba livia,COLUMBA_LI,9,NW,capture,overcast,True,synthetic_fixture,False
CNT001951,TREK017,2023-04-15,07:00,10:00,3.01,Great Black-backed Gull,Larus marinus,LARUS_MARI,17,W,capture,clear,True,synthetic_fixture,False
CNT001952,TREK017,2023-04-15,07:00,10:00,3.01,Eurasian Sparrowhawk,Accipiter nisus,ACCIPITER_,11,N,capture,light rain,True,synthetic_fixture,False
CNT001953,TREK017,2023-04-28,06:00,09:55,3.92,Herring Gull,Larus argentatus,LARUS_ARGE,7,E,capture,,True,synthetic_fixture,False
CNT001954,TREK017,2023-04-28,06:00,09:55,3.92,Bald Eagle,Haliaeetus leucocephalus,HALIAEETUS,8,S,capture,overcast,True,synthetic_fixture,False
CNT001955,TREK017,2023-04-28,06:00,09:55,3.92,Rock Pigeon,Columba livia,COLUMBA_LI,12,NW,capture,,True,synthetic_fixture,False
CNT001956,TREK017,2023-04-28,06:00,09:55,3.92,Grey Heron,Ardea cinerea,ARDEA_CINE,15,SE,capture,,True,synthetic_fixture,False
CNT001957,TREK017,2023-04-28,06:00,09:55,3.92,American Robin,Turdus migratorius,TURDUS_MIG,9,S,capture,light rain,True,synthetic_fixture,False
CNT001958,TREK017,2023-05-21,07:00,08:22,1.37,Canada Goose,Branta canadensis,BRANTA_CAN,3,SW,capture,,True,synthetic_fixture,False
CNT001959,TREK017,2023-05-21,07:00,08:22,1.37,Bald Eagle,Haliaeetus leucocephalus,HALIAEETUS,6,S,capture,light rain,True,synthetic_fixture,False
CNT001960,TREK017,2023-05-21,07:00,08:22,1.37,Common Starling,Sturnus vulgaris,STURNUS_VU,3,N,capture,windy,True,synthetic_fixture,False
CNT001961,TREK017,2023-05-21,07:00,08:22,1.37,Common Buzzard,Buteo buteo,BUTEO_BUTE,8,NW,capture,windy,True,synthetic_fixture,False
CNT001962,TREK017,2023-05-22,05:00,10:38,5.64,Common Ringed Plover,Charadrius hiaticula,CHARADRIUS,2,SW,capture,overcast,True,synthetic_fixture,False
CNT001963,TREK017,2023-05-22,05:00,10:38,5.64,Mallard,Anas platyrhynchos,ANAS_PLATY,7,W,capture,clear,True,synthetic_fixture,False
CNT001964,TREK017,2023-05-22,05:00,10:38,5.64,Bald Eagle,Haliaeetus leucocephalus,HALIAEETUS,7,SW,capture,windy,False,synthetic_fixture,False
CNT001965,TREK017,2023-05-29,05:00,09:15,4.26,Rock Pigeon,Columba livia,COLUMBA_LI,5,SW,capture,clear,True,synthetic_fixture,False
CNT001966,TREK017,2023-05-29,05:00,09:15,4.26,Black-headed Gull,Chroicocephalus ridibundus,CHROICOCEP,8,S,capture,windy,True,synthetic_fixture,False
CNT001967,TREK017,2023-05-29,05:00,09:15,4.26,Great Blue Heron,Ardea herodias,ARDEA_HERO,3,W,capture,windy,True,synthetic_fixture,False
CNT001968,TREK017,2023-05-29,05:00,09:15,4.26,American Crow,Corvus brachyrhynchos,CORVUS_BRA,4,SE,capture,clear,True,synthetic_fixture,False
CNT001969,TREK017,2023-05-31,05:00,09:37,4.62,Mallard,Anas platyrhynchos,ANAS_PLATY,5,NE,capture,light rain,True,synthetic_fixture,False
CNT001970,TREK017,2023-05-31,05:00,09:37,4.62,Common Starling,Sturnus vulgaris,STURNUS_VU,7,SE,capture,,True,synthetic_fixture,False
CNT001971,TREK017,2023-06-08,09:00,14:34,5.58,Black-headed Gull,Chroicocephalus ridibundus,CHROICOCEP,8,W,capture,windy,True,synthetic_fixture,False
CNT001972,TREK017,2023-06-08,09:00,14:34,5.58,Rock Pigeon,Columba livia,COLUMBA_LI,4,NW,capture,,True,synthetic_fixture,False
CNT001973,TREK017,2023-06-08,09:00,14:34,5.58,Great Black-backed Gull,Larus marinus,LARUS_MARI,1,E,capture,,True,synthetic_fixture,False
CNT001974,TREK017,2023-06-08,09:00,14:34,5.58,Bald Eagle,Haliaeetus leucocephalus,HALIAEETUS,2,NE,capture,clear,True,synthetic_fixture,False
CNT001975,TREK017,2023-08-11,08:00,13:17,5.29,Bald Eagle,Haliaeetus leucocephalus,HALIAEETUS,7,S,capture,clear,True,synthetic_fixture,False
CNT001976,TREK017,2023-08-11,08:00,13:17,5.29,Black-headed Gull,Chroicocephalus ridibundus,CHROICOCEP,3,NW,capture,light rain,True,synthetic_fixture,False
CNT001977,TREK017,2023-09-12,06:00,10:15,4.25,Great Blue Heron,Ardea herodias,ARDEA_HERO,14,NW,capture,,True,synthetic_fixture,False
CNT001978,TREK017,2023-09-12,06:00,10:15,4.25,Common Starling,Sturnus vulgaris,STURNUS_VU,16,SW,capture,clear,True,synthetic_fixture,False
CNT001979,TREK017,2023-09-21,05:00,09:19,4.33,Bald Eagle,Haliaeetus leucocephalus,HALIAEETUS,11,E,capture,light rain,True,synthetic_fixture,False
CNT001980,TREK017,2023-09-21,05:00,09:19,4.33,Great Cormorant,Phalacrocorax carbo,PHALACROCO,16,NW,capture,clear,True,synthetic_fixture,False
CNT001981,TREK017,2023-09-21,05:00,09:19,4.33,Rock Pigeon,Columba livia,COLUMBA_LI,12,S,capture,,True,synthetic_fixture,False
CNT001982,TREK017,2023-09-21,05:00,09:19,4.33,Herring Gull,Larus argentatus,LARUS_ARGE,6,NE,capture,windy,True,synthetic_fixture,False
CNT001983,TREK017,2023-09-22,07:00,09:18,2.31,American Robin,Turdus migratorius,TURDUS_MIG,11,N,capture,,True,synthetic_fixture,False
CNT001984,TREK017,2023-09-22,07:00,09:18,2.31,Grey Heron,Ardea cinerea,ARDEA_CINE,11,W,capture,windy,True,synthetic_fixture,False
CNT001985,TREK017,2023-09-22,07:00,09:18,2.31,Canada Goose,Branta canadensis,BRANTA_CAN,9,SW,capture,windy,True,synthetic_fixture,False
CNT001986,TREK017,2023-09-22,07:00,09:18,2.31,Great Blue Heron,Ardea herodias,ARDEA_HERO,11,NW,capture,clear,True,synthetic_fixture,False
CNT001987,TREK017,2023-09-22,07:00,09:18,2.31,Herring Gull,Larus argentatus,LARUS_ARGE,12,W,capture,,True,synthetic_fixture,False
CNT001988,TREK017,2023-10-11,09:00,13:00,4.0,Great Blue Heron,Ardea herodias,ARDEA_HERO,8,SE,capture,light rain,True,synthetic_fixture,False
CNT001989,TREK017,2023-10-11,09:00,13:00,4.0,American Robin,Turdus migratorius,TURDUS_MIG,13,SE,capture,overcast,True,synthetic_fixture,False
CNT001990,TREK017,2023-10-11,09:00,13:00,4.0,Great Cormorant,Phalacrocorax carbo,PHALACROCO,10,SW,capture,overcast,True,synthetic_fixture,False
CNT001991,TREK017,2023-10-11,09:00,13:00,4.0,Greylag Goose,Anser anser,ANSER_ANSE,14,N,capture,overcast,True,synthetic_fixture,False
CNT001992,TREK017,2023-10-13,07:00,09:53,2.9,Grey Heron,Ardea cinerea,ARDEA_CINE,12,NE,capture,light rain,True,synthetic_fixture,False
CNT001993,TREK017,2023-10-20,07:00,12:10,5.17,Great Cormorant,Phalacrocorax carbo,PHALACROCO,5,NW,capture,windy,True,synthetic_fixture,False
CNT001994,TREK017,2023-10-20,07:00,12:10,5.17,Rock Pigeon,Columba livia,COLUMBA_LI,10,NE,capture,clear,True,synthetic_fixture,False
CNT001995,TREK017,2023-10-20,07:00,12:10,5.17,Common Buzzard,Buteo buteo,BUTEO_BUTE,11,E,capture,,True,synthetic_fixture,False
CNT001996,TREK017,2023-11-26,06:00,11:19,5.33,Great Cormorant,Phalacrocorax carbo,PHALACROCO,8,SE,capture,overcast,False,synthetic_fixture,False
CNT001997,TREK017,2023-11-26,06:00,11:19,5.33,Mallard,Anas platyrhynchos,ANAS_PLATY,9,E,capture,clear,True,synthetic_fixture,False
CNT001998,TREK017,2023-11-26,06:00,11:19,5.33,Grey Heron,Ardea cinerea,ARDEA_CINE,6,N,capture,light rain,True,synthetic_fixture,False
CNT001999,TREK017,2023-11-26,06:00,11:19,5.33,Barn Swallow,Hirundo rustica,HIRUNDO_RU,4,NE,capture,light rain,True,synthetic_fixture,False
CNT002000,TREK017,2023-11-26,06:00,11:19,5.33,Common Starling,Sturnus vulgaris,STURNUS_VU,2,NE,capture,light rain,True,synthetic_fixture,False
CNT002001,TREK017,2023-12-11,05:00,06:30,1.51,Great Blue Heron,Ardea herodias,ARDEA_HERO,1,NW,capture,overcast,True,synthetic_fixture,False
CNT002002,TREK017,2023-12-11,05:00,06:30,1.51,Common Raven,Corvus corax,CORVUS_COR,2,N,capture,clear,True,synthetic_fixture,False
CNT002003,TREK017,2023-12-11,05:00,06:30,1.51,Black-headed Gull,Chroicocephalus ridibundus,CHROICOCEP,2,NE,capture,,True,synthetic_fixture,False
CNT002004,TREK017,2024-01-21,06:00,08:54,2.91,Bald Eagle,Haliaeetus leucocephalus,HALIAEETUS,4,NE,capture,clear,True,synthetic_fixture,False
CNT002005,TREK017,2024-01-23,08:00,10:47,2.8,Great Cormorant,Phalacrocorax carbo,PHALACROCO,6,SE,capture,light rain,False,synthetic_fixture,False
CNT002006,TREK017,2024-01-23,08:00,10:47,2.8,Common Raven,Corvus corax,CORVUS_COR,2,NW,capture,windy,True,synthetic_fixture,False
CNT002007,TREK017,2024-01-23,08:00,10:47,2.8,Greylag Goose,Anser anser,ANSER_ANSE,3,SW,capture,clear,True,synthetic_fixture,False
CNT002008,TREK017,2024-01-23,08:00,10:47,2.8,Mute Swan,Cygnus olor,CYGNUS_OLO,3,E,capture,light rain,True,synthetic_fixture,False
CNT002009,TREK017,2024-01-23,08:00,10:47,2.8,Canada Goose,Branta canadensis,BRANTA_CAN,6,W,capture,overcast,True,synthetic_fixture,False
CNT002010,TREK017,2024-01-31,06:00,10:24,4.4,Herring Gull,Larus argentatus,LARUS_ARGE,3,N,capture,light rain,True,synthetic_fixture,False
CNT002011,TREK017,2024-04-01,06:00,10:35,4.59,Great Black-backed Gull,Larus marinus,LARUS_MARI,18,W,capture,windy,True,synthetic_fixture,False
CNT002012,TREK017,2024-04-01,06:00,10:35,4.59,Barn Swallow,Hirundo rustica,HIRUNDO_RU,11,NW,capture,clear,True,synthetic_fixture,False
CNT002013,TREK017,2024-04-01,06:00,10:35,4.59,Eurasian Sparrowhawk,Accipiter nisus,ACCIPITER_,11,NE,capture,,True,synthetic_fixture,False
CNT002014,TREK017,2024-04-01,06:00,10:35,4.59,Mute Swan,Cygnus olor,CYGNUS_OLO,9,N,capture,,True,synthetic_fixture,False
CNT002015,TREK017,2024-04-01,09:00,10:38,1.65,Herring Gull,Larus argentatus,LARUS_ARGE,13,SW,capture,,True,synthetic_fixture,False
CNT002016,TREK017,2024-04-01,09:00,10:38,1.65,Bald Eagle,Haliaeetus leucocephalus,HALIAEETUS,9,SE,capture,clear,True,synthetic_fixture,False
CNT002017,TREK017,2024-04-01,09:00,10:38,1.65,Grey Heron,Ardea cinerea,ARDEA_CINE,10,S,capture,clear,True,synthetic_fixture,False
CNT002018,TREK017,2024-04-01,09:00,10:38,1.65,Mute Swan,Cygnus olor,CYGNUS_OLO,15,NW,capture,overcast,True,synthetic_fixture,False
CNT002019,TREK017,2024-04-13,06:00,09:01,3.03,Grey Heron,Ardea cinerea,ARDEA_CINE,10,NW,capture,windy,True,synthetic_fixture,False
CNT002020,TREK017,2024-04-13,06:00,09:01,3.03,Great Blue Heron,Ardea herodias,ARDEA_HERO,23,SW,capture,light rain,True,synthetic_fixture,False
CNT002021,TREK017,2024-05-08,05:00,10:02,5.04,Common Buzzard,Buteo buteo,BUTEO_BUTE,9,NE,capture,windy,True,synthetic_fixture,False
CNT002022,TREK017,2024-05-08,05:00,10:02,5.04,Eurasian Sparrowhawk,Accipiter nisus,ACCIPITER_,1,SE,capture,,True,synthetic_fixture,False
CNT002023,TREK017,2024-05-08,05:00,10:02,5.04,Greylag Goose,Anser anser,ANSER_ANSE,5,NE,capture,overcast,True,synthetic_fixture,False
CNT002024,TREK017,2024-05-08,05:00,10:02,5.04,Black-headed Gull,Chroicocephalus ridibundus,CHROICOCEP,6,SE,capture,,True,synthetic_fixture,False
CNT002025,TREK017,2024-05-14,05:00,09:22,4.38,Barn Swallow,Hirundo rustica,HIRUNDO_RU,6,S,capture,,True,synthetic_fixture,False
CNT002026,TREK017,2024-05-14,05:00,09:22,4.38,Common Kestrel,Falco tinnunculus,FALCO_TINN,4,NW,capture,,True,synthetic_fixture,False
CNT002027,TREK017,2024-05-14,05:00,09:22,4.38,American Robin,Turdus migratorius,TURDUS_MIG,6,W,capture,overcast,True,synthetic_fixture,False
CNT002028,TREK017,2024-05-14,05:00,09:22,4.38,Eurasian Sparrowhawk,Accipiter nisus,ACCIPITER_,7,S,capture,clear,True,synthetic_fixture,False
CNT002029,TREK017,2024-05-25,06:00,10:25,4.43,Common Starling,Sturnus vulgaris,STURNUS_VU,3,N,capture,clear,True,synthetic_fixture,False
CNT002030,TREK017,2024-05-25,06:00,10:25,4.43,Common Buzzard,Buteo buteo,BUTEO_BUTE,10,SW,capture,,True,synthetic_fixture,False
CNT002031,TREK017,2024-05-27,09:00,10:49,1.83,Common Ringed Plover,Charadrius hiaticula,CHARADRIUS,3,N,capture,clear,True,synthetic_fixture,False
CNT002032,TREK017,2024-06-29,09:00,12:08,3.14,Herring Gull,Larus argentatus,LARUS_ARGE,6,E,capture,light rain,True,synthetic_fixture,False
CNT002033,TREK017,2024-07-23,06:00,09:36,3.6,Great Black-backed Gull,Larus marinus,LARUS_MARI,4,W,capture,overcast,True,synthetic_fixture,False
CNT002034,TREK017,2024-08-14,07:00,10:05,3.09,Barn Swallow,Hirundo rustica,HIRUNDO_RU,6,SW,capture,light rain,True,synthetic_fixture,False
CNT002035,TREK017,2024-08-14,07:00,10:05,3.09,Grey Heron,Ardea cinerea,ARDEA_CINE,5,SE,capture,,True,synthetic_fixture,False
CNT002036,TREK017,2024-08-14,07:00,10:05,3.09,Common Raven,Corvus corax,CORVUS_COR,2,E,capture,clear,True,synthetic_fixture,False
CNT002037,TREK017,2024-08-14,07:00,10:05,3.09,Common Buzzard,Buteo buteo,BUTEO_BUTE,7,SW,capture,clear,True,synthetic_fixture,False
CNT002038,TREK017,2024-08-14,07:00,10:05,3.09,Great Black-backed Gull,Larus marinus,LARUS_MARI,7,SW,capture,,True,synthetic_fixture,False
CNT002039,TREK017,2024-08-18,08:00,13:49,5.83,Rock Pigeon,Columba livia,COLUMBA_LI,4,E,capture,clear,True,synthetic_fixture,False
CNT002040,TREK017,2024-08-18,08:00,13:49,5.83,Grey Heron,Ardea cinerea,ARDEA_CINE,4,S,capture,,True,synthetic_fixture,False
CNT002041,TREK017,2024-08-18,08:00,13:49,5.83,Black-headed Gull,Chroicocephalus ridibundus,CHROICOCEP,4,NW,capture,windy,True,synthetic_fixture,False
CNT002042,TREK017,2024-08-25,08:00,11:42,3.7,Canada Goose,Branta canadensis,BRANTA_CAN,9,W,capture,overcast,True,synthetic_fixture,False
CNT002043,TREK017,2024-08-25,08:00,11:42,3.7,Common Raven,Corvus corax,CORVUS_COR,3,E,capture,clear,True,synthetic_fixture,False
CNT002044,TREK017,2024-08-25,08:00,11:42,3.7,Greylag Goose,Anser anser,ANSER_ANSE,11,S,capture,windy,True,synthetic_fixture,False
CNT002045,TREK017,2024-08-25,08:00,11:42,3.7,Great Cormorant,Phalacrocorax carbo,PHALACROCO,6,NW,capture,windy,True,synthetic_fixture,False
CNT002046,TREK017,2024-10-05,05:00,06:01,1.03,Common Ringed Plover,Charadrius hiaticula,CHARADRIUS,11,SE,capture,clear,True,synthetic_fixture,False
CNT002047,TREK017,2024-10-05,05:00,06:01,1.03,Black-headed Gull,Chroicocephalus ridibundus,CHROICOCEP,8,SW,capture,clear,True,synthetic_fixture,False
CNT002048,TREK017,2024-10-09,07:00,09:18,2.31,Great Cormorant,Phalacrocorax carbo,PHALACROCO,17,W,capture,overcast,True,synthetic_fixture,False
CNT002049,TREK017,2024-10-09,07:00,09:18,2.31,Mute Swan,Cygnus olor,CYGNUS_OLO,16,SW,capture,windy,False,synthetic_fixture,False
CNT002050,TREK017,2024-10-09,07:00,09:18,2.31,Herring Gull,Larus argentatus,LARUS_ARGE,12,E,capture,overcast,True,synthetic_fixture,False
CNT002051,TREK017,2024-10-09,07:00,09:18,2.31,Great Black-backed Gull,Larus marinus,LARUS_MARI,14,W,capture,windy,True,synthetic_fixture,False
CNT002052,TREK017,2024-10-09,07:00,09:18,2.31,Common Raven,Corvus corax,CORVUS_COR,9,S,capture,,True,synthetic_fixture,False
CNT002053,TREK017,2024-10-17,06:00,11:01,5.03,American Crow,Corvus brachyrhynchos,CORVUS_BRA,11,W,capture,,True,synthetic_fixture,False
CNT002054,TREK017,2024-10-17,06:00,11:01,5.03,Common Buzzard,Buteo buteo,BUTEO_BUTE,11,SW,capture,clear,True,synthetic_fixture,False
CNT002055,TREK017,2024-10-17,06:00,11:01,5.03,Canada Goose,Branta canadensis,BRANTA_CAN,12,N,capture,windy,True,synthetic_fixture,False
CNT002056,TREK017,2024-10-17,06:00,11:01,5.03,Common Ringed Plover,Charadrius hiaticula,CHARADRIUS,8,N,capture,windy,True,synthetic_fixture,False
CNT002057,TREK017,2024-10-17,06:00,11:01,5.03,Mute Swan,Cygnus olor,CYGNUS_OLO,9,W,capture,light rain,True,synthetic_fixture,False
CNT002058,TREK018,2023-01-30,08:00,13:07,5.12,Common Raven,Corvus corax,CORVUS_COR,4,NE,visible_migration,,True,synthetic_fixture,False
CNT002059,TREK018,2023-01-30,08:00,13:07,5.12,Black-headed Gull,Chroicocephalus ridibundus,CHROICOCEP,1,SE,visible_migration,overcast,True,synthetic_fixture,False
CNT002060,TREK018,2023-01-30,08:00,13:07,5.12,Great Black-backed Gull,Larus marinus,LARUS_MARI,1,SW,visible_migration,windy,False,synthetic_fixture,False
CNT002061,TREK018,2023-01-30,08:00,13:07,5.12,Greylag Goose,Anser anser,ANSER_ANSE,5,E,visible_migration,clear,True,synthetic_fixture,False
CNT002062,TREK018,2023-03-17,09:00,14:13,5.23,Rock Pigeon,Columba livia,COLUMBA_LI,7,N,visible_migration,light rain,True,synthetic_fixture,False
CNT002063,TREK018,2023-03-17,09:00,14:13,5.23,Common Buzzard,Buteo buteo,BUTEO_BUTE,11,SW,visible_migration,,True,synthetic_fixture,False
CNT002064,TREK018,2023-03-30,05:00,06:04,1.07,Great Blue Heron,Ardea herodias,ARDEA_HERO,4,SW,visible_migration,clear,True,synthetic_fixture,False
CNT002065,TREK018,2023-03-30,05:00,06:04,1.07,Great Black-backed Gull,Larus marinus,LARUS_MARI,15,S,visible_migration,,True,synthetic_fixture,False
CNT002066,TREK018,2023-03-30,05:00,06:04,1.07,Common Kestrel,Falco tinnunculus,FALCO_TINN,10,NW,visible_migration,overcast,True,synthetic_fixture,False
CNT002067,TREK018,2023-03-30,05:00,06:04,1.07,Great Cormorant,Phalacrocorax carbo,PHALACROCO,4,NW,visible_migration,overcast,True,synthetic_fixture,False
CNT002068,TREK018,2023-04-16,05:00,10:04,5.07,Herring Gull,Larus argentatus,LARUS_ARGE,17,S,visible_migration,windy,True,synthetic_fixture,False
CNT002069,TREK018,2023-04-16,05:00,10:04,5.07,Canada Goose,Branta canadensis,BRANTA_CAN,14,S,visible_migration,clear,True,synthetic_fixture,False
CNT002070,TREK018,2023-04-16,05:00,10:04,5.07,Common Starling,Sturnus vulgaris,STURNUS_VU,9,S,visible_migration,clear,True,synthetic_fixture,False
CNT002071,TREK018,2023-04-25,09:00,10:58,1.97,Great Blue Heron,Ardea herodias,ARDEA_HERO,10,SW,visible_migration,windy,True,synthetic_fixture,False
CNT002072,TREK018,2023-04-25,09:00,10:58,1.97,American Robin,Turdus migratorius,TURDUS_MIG,11,S,visible_migration,windy,True,synthetic_fixture,False
CNT002073,TREK018,2023-04-25,09:00,10:58,1.97,Eurasian Sparrowhawk,Accipiter nisus,ACCIPITER_,11,W,visible_migration,light rain,True,synthetic_fixture,False
CNT002074,TREK018,2023-04-25,09:00,10:58,1.97,Common Raven,Corvus corax,CORVUS_COR,10,N,visible_migration,clear,True,synthetic_fixture,False
CNT002075,TREK018,2023-04-27,06:00,11:19,5.32,American Robin,Turdus migratorius,TURDUS_MIG,8,N,visible_migration,clear,True,synthetic_fixture,False
CNT002076,TREK018,2023-04-27,06:00,11:19,5.32,Canada Goose,Branta canadensis,BRANTA_CAN,13,SW,visible_migration,windy,True,synthetic_fixture,False
CNT002077,TREK018,2023-04-27,06:00,11:19,5.32,Great Black-backed Gull,Larus marinus,LARUS_MARI,12,S,visible_migration,overcast,True,synthetic_fixture,False
CNT002078,TREK018,2023-05-07,09:00,13:54,4.9,Great Black-backed Gull,Larus marinus,LARUS_MARI,4,SW,visible_migration,windy,True,synthetic_fixture,False
CNT002079,TREK018,2023-05-07,09:00,13:54,4.9,Mallard,Anas platyrhynchos,ANAS_PLATY,3,N,visible_migration,light rain,True,synthetic_fixture,False
CNT002080,TREK018,2023-05-12,05:00,09:06,4.11,Herring Gull,Larus argentatus,LARUS_ARGE,6,S,visible_migration,windy,True,synthetic_fixture,False
CNT002081,TREK018,2023-05-12,05:00,09:06,4.11,Common Kestrel,Falco tinnunculus,FALCO_TINN,9,S,visible_migration,,True,synthetic_fixture,False
CNT002082,TREK018,2023-05-21,09:00,14:06,5.11,Herring Gull,Larus argentatus,LARUS_ARGE,5,NE,visible_migration,overcast,True,synthetic_fixture,False
CNT002083,TREK018,2023-05-21,09:00,14:06,5.11,Common Raven,Corvus corax,CORVUS_COR,3,SE,visible_migration,,True,synthetic_fixture,False
CNT002084,TREK018,2023-05-21,09:00,14:06,5.11,Common Buzzard,Buteo buteo,BUTEO_BUTE,7,N,visible_migration,light rain,True,synthetic_fixture,False
CNT002085,TREK018,2023-05-21,09:00,14:06,5.11,Canada Goose,Branta canadensis,BRANTA_CAN,7,E,visible_migration,overcast,True,synthetic_fixture,False
CNT002086,TREK018,2023-06-13,06:00,11:08,5.14,Rock Pigeon,Columba livia,COLUMBA_LI,5,NE,visible_migration,,True,synthetic_fixture,False
CNT002087,TREK018,2023-06-13,06:00,11:08,5.14,American Crow,Corvus brachyrhynchos,CORVUS_BRA,1,SW,visible_migration,light rain,True,synthetic_fixture,False
CNT002088,TREK018,2023-06-16,08:00,09:45,1.76,Mute Swan,Cygnus olor,CYGNUS_OLO,5,W,visible_migration,light rain,True,synthetic_fixture,False
CNT002089,TREK018,2023-07-05,09:00,10:43,1.72,Greylag Goose,Anser anser,ANSER_ANSE,1,S,visible_migration,light rain,True,synthetic_fixture,False
CNT002090,TREK018,2023-07-05,09:00,10:43,1.72,Herring Gull,Larus argentatus,LARUS_ARGE,3,W,visible_migration,clear,True,synthetic_fixture,False
CNT002091,TREK018,2023-07-05,09:00,10:43,1.72,Common Kestrel,Falco tinnunculus,FALCO_TINN,1,N,visible_migration,,True,synthetic_fixture,False
CNT002092,TREK018,2023-07-16,06:00,07:40,1.68,Common Buzzard,Buteo buteo,BUTEO_BUTE,5,S,visible_migration,,True,synthetic_fixture,False
CNT002093,TREK018,2023-07-16,06:00,07:40,1.68,Eurasian Sparrowhawk,Accipiter nisus,ACCIPITER_,5,W,visible_migration,windy,True,synthetic_fixture,False
CNT002094,TREK018,2023-07-16,06:00,07:40,1.68,Bald Eagle,Haliaeetus leucocephalus,HALIAEETUS,4,S,visible_migration,windy,True,synthetic_fixture,False
CNT002095,TREK018,2023-07-16,06:00,07:40,1.68,Grey Heron,Ardea cinerea,ARDEA_CINE,1,NE,visible_migration,,True,synthetic_fixture,False
CNT002096,TREK018,2023-07-16,06:00,07:40,1.68,Black-headed Gull,Chroicocephalus ridibundus,CHROICOCEP,4,W,visible_migration,clear,False,synthetic_fixture,False
CNT002097,TREK018,2023-09-21,07:00,11:19,4.32,American Crow,Corvus brachyrhynchos,CORVUS_BRA,9,SW,visible_migration,overcast,True,synthetic_fixture,False
CNT002098,TREK018,2023-09-21,07:00,11:19,4.32,Great Cormorant,Phalacrocorax carbo,PHALACROCO,12,S,visible_migration,light rain,True,synthetic_fixture,False
CNT002099,TREK018,2023-09-21,07:00,11:19,4.32,Barn Swallow,Hirundo rustica,HIRUNDO_RU,12,SW,visible_migration,overcast,True,synthetic_fixture,False
CNT002100,TREK018,2023-09-21,07:00,11:19,4.32,Black-headed Gull,Chroicocephalus ridibundus,CHROICOCEP,11,E,visible_migration,,True,synthetic_fixture,False
CNT002101,TREK018,2023-09-21,07:00,11:19,4.32,Common Buzzard,Buteo buteo,BUTEO_BUTE,12,S,visible_migration,windy,True,synthetic_fixture,False
CNT002102,TREK018,2023-10-23,06:00,09:13,3.23,American Robin,Turdus migratorius,TURDUS_MIG,13,S,visible_migration,light rain,True,synthetic_fixture,False
CNT002103,TREK018,2023-10-29,09:00,11:52,2.87,Common Raven,Corvus corax,CORVUS_COR,8,S,visible_migration,,True,synthetic_fixture,False
CNT002104,TREK018,2023-11-10,09:00,10:16,1.28,Mallard,Anas platyrhynchos,ANAS_PLATY,2,W,visible_migration,overcast,True,synthetic_fixture,False
CNT002105,TREK018,2023-11-10,09:00,10:16,1.28,Mute Swan,Cygnus olor,CYGNUS_OLO,4,SE,visible_migration,windy,True,synthetic_fixture,False
CNT002106,TREK018,2023-11-10,09:00,10:16,1.28,Great Cormorant,Phalacrocorax carbo,PHALACROCO,4,S,visible_migration,light rain,True,synthetic_fixture,False
CNT002107,TREK018,2023-11-23,07:00,11:23,4.39,Common Ringed Plover,Charadrius hiaticula,CHARADRIUS,3,E,visible_migration,overcast,False,synthetic_fixture,False
CNT002108,TREK018,2023-11-25,09:00,10:38,1.64,American Robin,Turdus migratorius,TURDUS_MIG,2,S,visible_migration,windy,True,synthetic_fixture,False
CNT002109,TREK018,2023-11-25,08:00,12:44,4.74,American Crow,Corvus brachyrhynchos,CORVUS_BRA,2,W,visible_migration,light rain,True,synthetic_fixture,False
CNT002110,TREK018,2023-11-25,08:00,12:44,4.74,Black-headed Gull,Chroicocephalus ridibundus,CHROICOCEP,6,NW,visible_migration,windy,True,synthetic_fixture,False
CNT002111,TREK018,2023-11-25,08:00,12:44,4.74,Barn Swallow,Hirundo rustica,HIRUNDO_RU,6,E,visible_migration,clear,True,synthetic_fixture,False
CNT002112,TREK018,2023-11-25,08:00,12:44,4.74,Eurasian Sparrowhawk,Accipiter nisus,ACCIPITER_,2,SE,visible_migration,windy,True,synthetic_fixture,False
CNT002113,TREK018,2023-11-25,08:00,12:44,4.74,Herring Gull,Larus argentatus,LARUS_ARGE,6,SW,visible_migration,windy,True,synthetic_fixture,False
CNT002114,TREK018,2023-12-10,06:00,08:09,2.16,American Crow,Corvus brachyrhynchos,CORVUS_BRA,2,SW,visible_migration,light rain,True,synthetic_fixture,False
CNT002115,TREK018,2023-12-16,05:00,08:27,3.46,Barn Swallow,Hirundo rustica,HIRUNDO_RU,7,SW,visible_migration,light rain,True,synthetic_fixture,False
CNT002116,TREK018,2023-12-16,05:00,08:27,3.46,Black-headed Gull,Chroicocephalus ridibundus,CHROICOCEP,3,NW,visible_migration,windy,True,synthetic_fixture,False
CNT002117,TREK018,2023-12-27,08:00,10:30,2.51,Common Raven,Corvus corax,CORVUS_COR,1,E,visible_migration,,True,synthetic_fixture,False
CNT002118,TREK018,2023-12-27,08:00,10:30,2.51,Grey Heron,Ardea cinerea,ARDEA_CINE,5,N,visible_migration,,True,synthetic_fixture,False
CNT002119,TREK018,2023-12-29,08:00,13:53,5.89,Great Cormorant,Phalacrocorax carbo,PHALACROCO,3,E,visible_migration,light rain,True,synthetic_fixture,False
CNT002120,TREK018,2023-12-29,08:00,13:53,5.89,Black-headed Gull,Chroicocephalus ridibundus,CHROICOCEP,3,E,visible_migration,,True,synthetic_fixture,False
CNT002121,TREK018,2023-12-29,08:00,13:53,5.89,Great Black-backed Gull,Larus marinus,LARUS_MARI,0,NW,visible_migration,windy,True,synthetic_fixture,False
CNT002122,TREK018,2023-12-29,08:00,13:53,5.89,Herring Gull,Larus argentatus,LARUS_ARGE,7,SW,visible_migration,light rain,True,synthetic_fixture,False
CNT002123,TREK018,2024-01-01,05:00,09:34,4.58,Mallard,Anas platyrhynchos,ANAS_PLATY,3,S,visible_migration,overcast,False,synthetic_fixture,False
CNT002124,TREK018,2024-01-23,07:00,10:34,3.58,Grey Heron,Ardea cinerea,ARDEA_CINE,4,NE,visible_migration,light rain,True,synthetic_fixture,False
CNT002125,TREK018,2024-01-23,07:00,10:34,3.58,Rock Pigeon,Columba livia,COLUMBA_LI,2,NW,visible_migration,light rain,True,synthetic_fixture,False
CNT002126,TREK018,2024-01-24,05:00,09:41,4.69,Eurasian Sparrowhawk,Accipiter nisus,ACCIPITER_,4,NW,visible_migration,windy,True,synthetic_fixture,False
CNT002127,TREK018,2024-01-24,05:00,09:41,4.69,Grey Heron,Ardea cinerea,ARDEA_CINE,4,E,visible_migration,clear,False,synthetic_fixture,False
CNT002128,TREK018,2024-01-24,05:00,09:41,4.69,Mute Swan,Cygnus olor,CYGNUS_OLO,2,S,visible_migration,clear,True,synthetic_fixture,False
CNT002129,TREK018,2024-01-24,05:00,09:41,4.69,Herring Gull,Larus argentatus,LARUS_ARGE,4,S,visible_migration,,True,synthetic_fixture,False
CNT002130,TREK018,2024-01-27,09:00,14:54,5.9,Mallard,Anas platyrhynchos,ANAS_PLATY,3,SW,visible_migration,clear,True,synthetic_fixture,False
CNT002131,TREK018,2024-01-27,09:00,14:54,5.9,Herring Gull,Larus argentatus,LARUS_ARGE,3,SE,visible_migration,windy,True,synthetic_fixture,False
CNT002132,TREK018,2024-01-27,09:00,14:54,5.9,Great Black-backed Gull,Larus marinus,LARUS_MARI,3,NE,visible_migration,clear,False,synthetic_fixture,False
CNT002133,TREK018,2024-01-27,09:00,14:54,5.9,Common Ringed Plover,Charadrius hiaticula,CHARADRIUS,5,NW,visible_migration,overcast,True,synthetic_fixture,False
CNT002134,TREK018,2024-01-27,09:00,14:54,5.9,Grey Heron,Ardea cinerea,ARDEA_CINE,8,W,visible_migration,overcast,True,synthetic_fixture,False
CNT002135,TREK018,2024-02-04,07:00,08:16,1.27,American Robin,Turdus migratorius,TURDUS_MIG,1,S,visible_migration,clear,True,synthetic_fixture,False
CNT002136,TREK018,2024-02-04,07:00,08:16,1.27,Common Raven,Corvus corax,CORVUS_COR,0,E,visible_migration,overcast,False,synthetic_fixture,False
CNT002137,TREK018,2024-02-04,07:00,08:16,1.27,American Crow,Corvus brachyrhynchos,CORVUS_BRA,6,NW,visible_migration,,True,synthetic_fixture,False
CNT002138,TREK018,2024-03-10,07:00,12:23,5.39,Grey Heron,Ardea cinerea,ARDEA_CINE,8,SW,visible_migration,windy,False,synthetic_fixture,False
CNT002139,TREK018,2024-03-10,07:00,12:23,5.39,American Crow,Corvus brachyrhynchos,CORVUS_BRA,7,SW,visible_migration,clear,True,synthetic_fixture,False
CNT002140,TREK018,2024-03-10,07:00,12:23,5.39,Great Black-backed Gull,Larus marinus,LARUS_MARI,12,SE,visible_migration,clear,True,synthetic_fixture,False
CNT002141,TREK018,2024-03-10,07:00,12:23,5.39,Great Blue Heron,Ardea herodias,ARDEA_HERO,7,SW,visible_migration,windy,True,synthetic_fixture,False
CNT002142,TREK018,2024-03-10,07:00,12:23,5.39,Bald Eagle,Haliaeetus leucocephalus,HALIAEETUS,13,E,visible_migration,,True,synthetic_fixture,False
CNT002143,TREK018,2024-05-02,09:00,13:12,4.21,Grey Heron,Ardea cinerea,ARDEA_CINE,4,NW,visible_migration,light rain,True,synthetic_fixture,False
CNT002144,TREK018,2024-05-22,07:00,09:19,2.32,Great Black-backed Gull,Larus marinus,LARUS_MARI,3,NW,visible_migration,windy,True,synthetic_fixture,False
CNT002145,TREK018,2024-05-22,07:00,09:19,2.32,Greylag Goose,Anser anser,ANSER_ANSE,5,S,visible_migration,clear,True,synthetic_fixture,False
CNT002146,TREK018,2024-05-22,07:00,09:19,2.32,Common Ringed Plover,Charadrius hiaticula,CHARADRIUS,5,SE,visible_migration,light rain,True,synthetic_fixture,False
CNT002147,TREK018,2024-06-02,06:00,09:10,3.18,Herring Gull,Larus argentatus,LARUS_ARGE,5,S,visible_migration,,True,synthetic_fixture,False
CNT002148,TREK018,2024-06-02,06:00,09:10,3.18,Great Cormorant,Phalacrocorax carbo,PHALACROCO,4,SE,visible_migration,,True,synthetic_fixture,False
CNT002149,TREK018,2024-06-02,06:00,09:10,3.18,Greylag Goose,Anser anser,ANSER_ANSE,5,N,visible_migration,,True,synthetic_fixture,False
CNT002150,TREK018,2024-06-08,07:00,12:34,5.58,American Robin,Turdus migratorius,TURDUS_MIG,4,S,visible_migration,,True,synthetic_fixture,False
CNT002151,TREK018,2024-06-08,07:00,12:34,5.58,Great Blue Heron,Ardea herodias,ARDEA_HERO,3,E,visible_migration,windy,True,synthetic_fixture,False
CNT002152,TREK018,2024-06-08,07:00,12:34,5.58,Grey Heron,Ardea cinerea,ARDEA_CINE,3,NE,visible_migration,light rain,True,synthetic_fixture,False
CNT002153,TREK018,2024-06-08,07:00,12:34,5.58,Greylag Goose,Anser anser,ANSER_ANSE,5,SE,visible_migration,overcast,True,synthetic_fixture,False
CNT002154,TREK018,2024-06-08,07:00,12:34,5.58,American Crow,Corvus brachyrhynchos,CORVUS_BRA,5,W,visible_migration,overcast,False,synthetic_fixture,False
CNT002155,TREK018,2024-08-06,07:00,11:34,4.57,American Crow,Corvus brachyrhynchos,CORVUS_BRA,5,W,visible_migration,windy,True,synthetic_fixture,False
CNT002156,TREK018,2024-08-06,07:00,11:34,4.57,Great Blue Heron,Ardea herodias,ARDEA_HERO,3,SE,visible_migration,clear,True,synthetic_fixture,False
CNT002157,TREK018,2024-08-30,06:00,07:09,1.16,Great Cormorant,Phalacrocorax carbo,PHALACROCO,13,N,visible_migration,windy,True,synthetic_fixture,False
CNT002158,TREK018,2024-08-30,06:00,07:09,1.16,Common Raven,Corvus corax,CORVUS_COR,6,E,visible_migration,,True,synthetic_fixture,False
CNT002159,TREK018,2024-08-30,06:00,07:09,1.16,Greylag Goose,Anser anser,ANSER_ANSE,7,E,visible_migration,,True,synthetic_fixture,False
CNT002160,TREK018,2024-08-30,06:00,07:09,1.16,Grey Heron,Ardea cinerea,ARDEA_CINE,9,S,visible_migration,,True,synthetic_fixture,False
CNT002161,TREK018,2024-08-30,06:00,07:09,1.16,Herring Gull,Larus argentatus,LARUS_ARGE,11,NE,visible_migration,light rain,True,synthetic_fixture,False
CNT002162,TREK018,2024-10-12,05:00,09:31,4.53,American Robin,Turdus migratorius,TURDUS_MIG,10,SE,visible_migration,windy,True,synthetic_fixture,False
CNT002163,TREK018,2024-10-12,05:00,09:31,4.53,Black-headed Gull,Chroicocephalus ridibundus,CHROICOCEP,9,E,visible_migration,overcast,True,synthetic_fixture,False
CNT002164,TREK018,2024-10-12,05:00,09:31,4.53,Great Black-backed Gull,Larus marinus,LARUS_MARI,8,E,visible_migration,clear,True,synthetic_fixture,False
CNT002165,TREK018,2024-10-12,06:00,08:34,2.57,Common Ringed Plover,Charadrius hiaticula,CHARADRIUS,15,S,visible_migration,windy,True,synthetic_fixture,False
CNT002166,TREK018,2024-10-12,06:00,08:34,2.57,Common Buzzard,Buteo buteo,BUTEO_BUTE,6,SW,visible_migration,overcast,True,synthetic_fixture,False
CNT002167,TREK018,2024-10-12,06:00,08:34,2.57,Mute Swan,Cygnus olor,CYGNUS_OLO,15,N,visible_migration,,True,synthetic_fixture,False
CNT002168,TREK018,2024-10-12,06:00,08:34,2.57,Canada Goose,Branta canadensis,BRANTA_CAN,8,SE,visible_migration,windy,True,synthetic_fixture,False
CNT002169,TREK018,2024-10-12,06:00,08:34,2.57,Barn Swallow,Hirundo rustica,HIRUNDO_RU,7,N,visible_migration,windy,True,synthetic_fixture,False
CNT002170,TREK018,2024-10-16,05:00,08:55,3.93,Mute Swan,Cygnus olor,CYGNUS_OLO,8,W,visible_migration,light rain,True,synthetic_fixture,False
CNT002171,TREK018,2024-10-16,05:00,08:55,3.93,Grey Heron,Ardea cinerea,ARDEA_CINE,7,S,visible_migration,windy,True,synthetic_fixture,False
CNT002172,TREK018,2024-11-16,08:00,12:10,4.18,Common Kestrel,Falco tinnunculus,FALCO_TINN,4,SW,visible_migration,clear,True,synthetic_fixture,False
CNT002173,TREK018,2024-11-16,08:00,12:10,4.18,Common Starling,Sturnus vulgaris,STURNUS_VU,5,S,visible_migration,,True,synthetic_fixture,False
CNT002174,TREK018,2024-11-16,08:00,12:10,4.18,Greylag Goose,Anser anser,ANSER_ANSE,4,SE,visible_migration,overcast,False,synthetic_fixture,False
CNT002175,TREK018,2024-11-16,08:00,12:10,4.18,Eurasian Sparrowhawk,Accipiter nisus,ACCIPITER_,6,E,visible_migration,,True,synthetic_fixture,False
CNT002176,TREK018,2024-11-20,08:00,10:42,2.7,Common Starling,Sturnus vulgaris,STURNUS_VU,2,S,visible_migration,overcast,True,synthetic_fixture,False
CNT002177,TREK018,2024-11-20,08:00,10:42,2.7,Great Black-backed Gull,Larus marinus,LARUS_MARI,4,NW,visible_migration,windy,True,synthetic_fixture,False
CNT002178,TREK019,2023-01-09,08:00,09:03,1.05,Black-headed Gull,Chroicocephalus ridibundus,CHROICOCEP,1,SE,visible_migration,,True,synthetic_fixture,False
CNT002179,TREK019,2023-01-09,08:00,09:03,1.05,Mute Swan,Cygnus olor,CYGNUS_OLO,2,S,visible_migration,overcast,True,synthetic_fixture,False
CNT002180,TREK019,2023-01-09,08:00,09:03,1.05,American Robin,Turdus migratorius,TURDUS_MIG,3,SE,visible_migration,windy,True,synthetic_fixture,False
CNT002181,TREK019,2023-01-20,09:00,14:14,5.24,Herring Gull,Larus argentatus,LARUS_ARGE,3,NE,visible_migration,overcast,True,synthetic_fixture,False
CNT002182,TREK019,2023-02-09,07:00,11:05,4.09,American Crow,Corvus brachyrhynchos,CORVUS_BRA,2,SW,visible_migration,,True,synthetic_fixture,False
CNT002183,TREK019,2023-02-09,07:00,11:05,4.09,Greylag Goose,Anser anser,ANSER_ANSE,2,S,visible_migration,overcast,True,synthetic_fixture,False
CNT002184,TREK019,2023-02-09,07:00,11:05,4.09,Great Cormorant,Phalacrocorax carbo,PHALACROCO,4,SE,visible_migration,,True,synthetic_fixture,False
CNT002185,TREK019,2023-02-09,07:00,11:05,4.09,Great Blue Heron,Ardea herodias,ARDEA_HERO,5,E,visible_migration,,True,synthetic_fixture,False
CNT002186,TREK019,2023-02-09,07:00,11:05,4.09,Barn Swallow,Hirundo rustica,HIRUNDO_RU,6,NE,visible_migration,overcast,True,synthetic_fixture,False
CNT002187,TREK019,2023-02-22,05:00,08:38,3.65,American Crow,Corvus brachyrhynchos,CORVUS_BRA,6,SW,visible_migration,light rain,True,synthetic_fixture,False
CNT002188,TREK019,2023-02-22,05:00,08:38,3.65,Common Buzzard,Buteo buteo,BUTEO_BUTE,3,SW,visible_migration,windy,True,synthetic_fixture,False
CNT002189,TREK019,2023-02-22,05:00,08:38,3.65,American Robin,Turdus migratorius,TURDUS_MIG,7,NW,visible_migration,clear,True,synthetic_fixture,False
CNT002190,TREK019,2023-02-22,05:00,08:38,3.65,Mallard,Anas platyrhynchos,ANAS_PLATY,4,W,visible_migration,light rain,True,synthetic_fixture,False
CNT002191,TREK019,2023-02-22,05:00,08:38,3.65,Common Ringed Plover,Charadrius hiaticula,CHARADRIUS,1,SW,visible_migration,overcast,True,synthetic_fixture,False
CNT002192,TREK019,2023-03-30,07:00,08:29,1.49,Grey Heron,Ardea cinerea,ARDEA_CINE,11,SE,visible_migration,,True,synthetic_fixture,False
CNT002193,TREK019,2023-03-30,07:00,08:29,1.49,Great Cormorant,Phalacrocorax carbo,PHALACROCO,11,S,visible_migration,overcast,True,synthetic_fixture,False
CNT002194,TREK019,2023-03-30,07:00,08:29,1.49,Common Raven,Corvus corax,CORVUS_COR,8,SE,visible_migration,,True,synthetic_fixture,False
CNT002195,TREK019,2023-03-30,07:00,08:29,1.49,Black-headed Gull,Chroicocephalus ridibundus,CHROICOCEP,9,NW,visible_migration,light rain,True,synthetic_fixture,False
CNT002196,TREK019,2023-03-30,07:00,08:29,1.49,Great Black-backed Gull,Larus marinus,LARUS_MARI,15,N,visible_migration,,False,synthetic_fixture,False
CNT002197,TREK019,2023-05-05,06:00,07:12,1.21,Common Starling,Sturnus vulgaris,STURNUS_VU,9,S,visible_migration,light rain,True,synthetic_fixture,False
CNT002198,TREK019,2023-05-05,06:00,07:12,1.21,Common Raven,Corvus corax,CORVUS_COR,7,SW,visible_migration,clear,True,synthetic_fixture,False
CNT002199,TREK019,2023-05-05,06:00,07:12,1.21,Great Cormorant,Phalacrocorax carbo,PHALACROCO,10,N,visible_migration,overcast,False,synthetic_fixture,False
CNT002200,TREK019,2023-05-05,06:00,07:12,1.21,Greylag Goose,Anser anser,ANSER_ANSE,8,NE,visible_migration,,True,synthetic_fixture,False
CNT002201,TREK019,2023-05-05,06:00,07:12,1.21,Canada Goose,Branta canadensis,BRANTA_CAN,11,SW,visible_migration,windy,True,synthetic_fixture,False
CNT002202,TREK019,2023-05-06,08:00,12:12,4.21,Common Buzzard,Buteo buteo,BUTEO_BUTE,10,NW,visible_migration,windy,True,synthetic_fixture,False
CNT002203,TREK019,2023-05-06,08:00,12:12,4.21,Common Ringed Plover,Charadrius hiaticula,CHARADRIUS,7,SE,visible_migration,light rain,True,synthetic_fixture,False
CNT002204,TREK019,2023-05-06,08:00,12:12,4.21,Common Kestrel,Falco tinnunculus,FALCO_TINN,5,E,visible_migration,windy,True,synthetic_fixture,False
CNT002205,TREK019,2023-05-06,08:00,12:12,4.21,Common Raven,Corvus corax,CORVUS_COR,7,NW,visible_migration,windy,True,synthetic_fixture,False
CNT002206,TREK019,2023-05-10,09:00,12:31,3.52,Black-headed Gull,Chroicocephalus ridibundus,CHROICOCEP,7,W,visible_migration,overcast,True,synthetic_fixture,False
CNT002207,TREK019,2023-06-12,05:00,06:32,1.54,Common Raven,Corvus corax,CORVUS_COR,2,NW,visible_migration,windy,True,synthetic_fixture,False
CNT002208,TREK019,2023-06-12,05:00,06:32,1.54,Black-headed Gull,Chroicocephalus ridibundus,CHROICOCEP,2,S,visible_migration,,True,synthetic_fixture,False
CNT002209,TREK019,2023-06-12,05:00,06:32,1.54,Grey Heron,Ardea cinerea,ARDEA_CINE,3,SW,visible_migration,clear,False,synthetic_fixture,False
CNT002210,TREK019,2023-06-12,05:00,06:32,1.54,Common Ringed Plover,Charadrius hiaticula,CHARADRIUS,5,W,visible_migration,overcast,True,synthetic_fixture,False
CNT002211,TREK019,2023-07-05,08:00,10:37,2.62,Grey Heron,Ardea cinerea,ARDEA_CINE,2,NW,visible_migration,windy,True,synthetic_fixture,False
CNT002212,TREK019,2023-07-05,08:00,10:37,2.62,Mute Swan,Cygnus olor,CYGNUS_OLO,6,N,visible_migration,overcast,True,synthetic_fixture,False
CNT002213,TREK019,2023-07-09,07:00,11:46,4.78,Common Buzzard,Buteo buteo,BUTEO_BUTE,1,NE,visible_migration,,True,synthetic_fixture,False
CNT002214,TREK019,2023-07-09,07:00,11:46,4.78,Bald Eagle,Haliaeetus leucocephalus,HALIAEETUS,1,E,visible_migration,clear,True,synthetic_fixture,False
CNT002215,TREK019,2023-07-09,07:00,11:46,4.78,American Crow,Corvus brachyrhynchos,CORVUS_BRA,5,SW,visible_migration,windy,False,synthetic_fixture,False
CNT002216,TREK019,2023-07-18,09:00,11:50,2.84,Common Raven,Corvus corax,CORVUS_COR,1,E,visible_migration,overcast,True,synthetic_fixture,False
CNT002217,TREK019,2023-07-18,09:00,11:50,2.84,Common Ringed Plover,Charadrius hiaticula,CHARADRIUS,5,NE,visible_migration,clear,False,synthetic_fixture,False
CNT002218,TREK019,2023-07-18,09:00,11:50,2.84,Black-headed Gull,Chroicocephalus ridibundus,CHROICOCEP,1,S,visible_migration,,True,synthetic_fixture,False
CNT002219,TREK019,2023-07-18,09:00,11:50,2.84,Eurasian Sparrowhawk,Accipiter nisus,ACCIPITER_,3,SW,visible_migration,windy,True,synthetic_fixture,False
CNT002220,TREK019,2023-07-18,09:00,11:50,2.84,Common Kestrel,Falco tinnunculus,FALCO_TINN,2,N,visible_migration,,True,synthetic_fixture,False
CNT002221,TREK019,2023-07-18,07:00,08:20,1.34,Bald Eagle,Haliaeetus leucocephalus,HALIAEETUS,6,N,visible_migration,windy,True,synthetic_fixture,False
CNT002222,TREK019,2023-07-18,07:00,08:20,1.34,Black-headed Gull,Chroicocephalus ridibundus,CHROICOCEP,2,N,visible_migration,light rain,True,synthetic_fixture,False
CNT002223,TREK019,2023-07-18,07:00,08:20,1.34,Barn Swallow,Hirundo rustica,HIRUNDO_RU,2,SE,visible_migration,clear,True,synthetic_fixture,False
CNT002224,TREK019,2023-07-18,07:00,08:20,1.34,Grey Heron,Ardea cinerea,ARDEA_CINE,5,W,visible_migration,,True,synthetic_fixture,False
CNT002225,TREK019,2023-07-18,07:00,08:20,1.34,Common Raven,Corvus corax,CORVUS_COR,3,W,visible_migration,windy,True,synthetic_fixture,False
CNT002226,TREK019,2023-08-28,08:00,09:34,1.58,American Crow,Corvus brachyrhynchos,CORVUS_BRA,8,SE,visible_migration,,True,synthetic_fixture,False
CNT002227,TREK019,2023-08-28,08:00,09:34,1.58,Great Black-backed Gull,Larus marinus,LARUS_MARI,11,SW,visible_migration,windy,True,synthetic_fixture,False
CNT002228,TREK019,2023-08-28,08:00,09:34,1.58,Common Ringed Plover,Charadrius hiaticula,CHARADRIUS,13,NW,visible_migration,overcast,True,synthetic_fixture,False
CNT002229,TREK019,2023-08-28,08:00,09:34,1.58,Mallard,Anas platyrhynchos,ANAS_PLATY,11,SE,visible_migration,,True,synthetic_fixture,False
CNT002230,TREK019,2023-08-28,08:00,09:34,1.58,American Robin,Turdus migratorius,TURDUS_MIG,3,SW,visible_migration,windy,True,synthetic_fixture,False
CNT002231,TREK019,2023-09-03,07:00,12:36,5.61,Black-headed Gull,Chroicocephalus ridibundus,CHROICOCEP,2,S,visible_migration,windy,True,synthetic_fixture,False
CNT002232,TREK019,2023-09-15,07:00,12:40,5.67,Canada Goose,Branta canadensis,BRANTA_CAN,6,W,visible_migration,overcast,True,synthetic_fixture,False
CNT002233,TREK019,2023-09-22,09:00,14:43,5.73,Greylag Goose,Anser anser,ANSER_ANSE,14,E,visible_migration,overcast,True,synthetic_fixture,False
CNT002234,TREK019,2023-09-22,09:00,14:43,5.73,American Crow,Corvus brachyrhynchos,CORVUS_BRA,7,NE,visible_migration,clear,True,synthetic_fixture,False
CNT002235,TREK019,2023-09-22,09:00,14:43,5.73,Common Ringed Plover,Charadrius hiaticula,CHARADRIUS,16,N,visible_migration,light rain,True,synthetic_fixture,False
CNT002236,TREK019,2023-09-22,09:00,14:43,5.73,Black-headed Gull,Chroicocephalus ridibundus,CHROICOCEP,5,SW,visible_migration,overcast,True,synthetic_fixture,False
CNT002237,TREK019,2023-09-22,09:00,14:43,5.73,Rock Pigeon,Columba livia,COLUMBA_LI,11,E,visible_migration,windy,True,synthetic_fixture,False
CNT002238,TREK019,2023-09-29,07:00,08:19,1.33,Greylag Goose,Anser anser,ANSER_ANSE,10,E,visible_migration,overcast,True,synthetic_fixture,False
CNT002239,TREK019,2023-10-10,09:00,14:42,5.71,Great Cormorant,Phalacrocorax carbo,PHALACROCO,13,N,visible_migration,overcast,True,synthetic_fixture,False
CNT002240,TREK019,2023-10-10,09:00,14:42,5.71,Rock Pigeon,Columba livia,COLUMBA_LI,16,W,visible_migration,clear,True,synthetic_fixture,False
CNT002241,TREK019,2023-10-10,09:00,14:42,5.71,Bald Eagle,Haliaeetus leucocephalus,HALIAEETUS,11,S,visible_migration,,True,synthetic_fixture,False
CNT002242,TREK019,2023-10-22,09:00,12:58,3.97,Canada Goose,Branta canadensis,BRANTA_CAN,9,W,visible_migration,overcast,True,synthetic_fixture,False
CNT002243,TREK019,2023-10-22,09:00,12:58,3.97,Barn Swallow,Hirundo rustica,HIRUNDO_RU,8,E,visible_migration,overcast,True,synthetic_fixture,False
CNT002244,TREK019,2023-10-22,09:00,12:58,3.97,Mute Swan,Cygnus olor,CYGNUS_OLO,7,W,visible_migration,clear,True,synthetic_fixture,False
CNT002245,TREK019,2023-10-22,09:00,12:58,3.97,Herring Gull,Larus argentatus,LARUS_ARGE,7,N,visible_migration,light rain,True,synthetic_fixture,False
CNT002246,TREK019,2023-10-22,09:00,12:58,3.97,Eurasian Sparrowhawk,Accipiter nisus,ACCIPITER_,5,E,visible_migration,clear,True,synthetic_fixture,False
CNT002247,TREK019,2023-10-29,06:00,10:22,4.38,Great Blue Heron,Ardea herodias,ARDEA_HERO,7,W,visible_migration,overcast,True,synthetic_fixture,False
CNT002248,TREK019,2023-10-29,06:00,10:22,4.38,Common Ringed Plover,Charadrius hiaticula,CHARADRIUS,6,NE,visible_migration,,True,synthetic_fixture,False
CNT002249,TREK019,2023-10-29,06:00,10:22,4.38,Canada Goose,Branta canadensis,BRANTA_CAN,4,S,visible_migration,overcast,True,synthetic_fixture,False
CNT002250,TREK019,2023-10-29,06:00,10:22,4.38,Common Starling,Sturnus vulgaris,STURNUS_VU,5,SW,visible_migration,light rain,True,synthetic_fixture,False
CNT002251,TREK019,2023-10-29,06:00,10:22,4.38,Herring Gull,Larus argentatus,LARUS_ARGE,12,NE,visible_migration,,True,synthetic_fixture,False
CNT002252,TREK019,2023-11-07,07:00,09:29,2.49,American Robin,Turdus migratorius,TURDUS_MIG,7,NW,visible_migration,clear,True,synthetic_fixture,False
CNT002253,TREK019,2023-11-07,09:00,12:15,3.25,Great Blue Heron,Ardea herodias,ARDEA_HERO,3,NE,visible_migration,,True,synthetic_fixture,False
CNT002254,TREK019,2024-01-09,06:00,09:22,3.37,Common Buzzard,Buteo buteo,BUTEO_BUTE,7,NW,visible_migration,windy,True,synthetic_fixture,False
CNT002255,TREK019,2024-01-09,06:00,09:22,3.37,Greylag Goose,Anser anser,ANSER_ANSE,2,SW,visible_migration,light rain,True,synthetic_fixture,False
CNT002256,TREK019,2024-01-09,06:00,09:22,3.37,Grey Heron,Ardea cinerea,ARDEA_CINE,7,SW,visible_migration,,True,synthetic_fixture,False
CNT002257,TREK019,2024-01-09,06:00,09:22,3.37,Common Ringed Plover,Charadrius hiaticula,CHARADRIUS,1,SE,visible_migration,light rain,True,synthetic_fixture,False
CNT002258,TREK019,2024-01-09,06:00,09:22,3.37,Great Cormorant,Phalacrocorax carbo,PHALACROCO,4,W,visible_migration,overcast,True,synthetic_fixture,False
CNT002259,TREK019,2024-02-06,07:00,12:42,5.71,Mallard,Anas platyrhynchos,ANAS_PLATY,2,E,visible_migration,clear,True,synthetic_fixture,False
CNT002260,TREK019,2024-02-06,07:00,12:42,5.71,Herring Gull,Larus argentatus,LARUS_ARGE,5,S,visible_migration,clear,False,synthetic_fixture,False
CNT002261,TREK019,2024-02-06,07:00,12:42,5.71,Common Starling,Sturnus vulgaris,STURNUS_VU,4,S,visible_migration,,True,synthetic_fixture,False
CNT002262,TREK019,2024-02-06,07:00,12:42,5.71,Barn Swallow,Hirundo rustica,HIRUNDO_RU,4,W,visible_migration,light rain,True,synthetic_fixture,False
CNT002263,TREK019,2024-02-06,07:00,12:42,5.71,Common Raven,Corvus corax,CORVUS_COR,1,S,visible_migration,overcast,True,synthetic_fixture,False
CNT002264,TREK019,2024-02-06,05:00,07:28,2.48,American Crow,Corvus brachyrhynchos,CORVUS_BRA,4,SE,visible_migration,overcast,True,synthetic_fixture,False
CNT002265,TREK019,2024-02-06,05:00,07:28,2.48,Common Buzzard,Buteo buteo,BUTEO_BUTE,4,N,visible_migration,clear,True,synthetic_fixture,False
CNT002266,TREK019,2024-02-06,05:00,07:28,2.48,Herring Gull,Larus argentatus,LARUS_ARGE,3,SE,visible_migration,overcast,True,synthetic_fixture,False
CNT002267,TREK019,2024-02-16,07:00,11:11,4.19,Canada Goose,Branta canadensis,BRANTA_CAN,7,NW,visible_migration,light rain,True,synthetic_fixture,False
CNT002268,TREK019,2024-02-16,07:00,11:11,4.19,American Crow,Corvus brachyrhynchos,CORVUS_BRA,4,W,visible_migration,windy,True,synthetic_fixture,False
CNT002269,TREK019,2024-02-20,07:00,09:31,2.52,Eurasian Sparrowhawk,Accipiter nisus,ACCIPITER_,2,SW,visible_migration,windy,True,synthetic_fixture,False
CNT002270,TREK019,2024-03-06,07:00,08:33,1.55,Barn Swallow,Hirundo rustica,HIRUNDO_RU,2,N,visible_migration,light rain,True,synthetic_fixture,False
CNT002271,TREK019,2024-03-06,07:00,08:33,1.55,Mute Swan,Cygnus olor,CYGNUS_OLO,10,NW,visible_migration,,True,synthetic_fixture,False
CNT002272,TREK019,2024-03-06,07:00,08:33,1.55,Great Cormorant,Phalacrocorax carbo,PHALACROCO,7,NE,visible_migration,overcast,True,synthetic_fixture,False
CNT002273,TREK019,2024-04-13,07:00,10:29,3.49,Herring Gull,Larus argentatus,LARUS_ARGE,12,NW,visible_migration,overcast,True,synthetic_fixture,False
CNT002274,TREK019,2024-04-13,07:00,10:29,3.49,Rock Pigeon,Columba livia,COLUMBA_LI,14,S,visible_migration,light rain,True,synthetic_fixture,False
CNT002275,TREK019,2024-05-26,05:00,10:52,5.87,Great Cormorant,Phalacrocorax carbo,PHALACROCO,4,NE,visible_migration,clear,True,synthetic_fixture,False
CNT002276,TREK019,2024-05-26,05:00,10:52,5.87,Great Blue Heron,Ardea herodias,ARDEA_HERO,6,E,visible_migration,,True,synthetic_fixture,False
CNT002277,TREK019,2024-05-26,05:00,10:52,5.87,Barn Swallow,Hirundo rustica,HIRUNDO_RU,2,E,visible_migration,overcast,True,synthetic_fixture,False
CNT002278,TREK019,2024-05-26,05:00,10:52,5.87,Canada Goose,Branta canadensis,BRANTA_CAN,5,NW,visible_migration,windy,True,synthetic_fixture,False
CNT002279,TREK019,2024-06-18,08:00,11:16,3.27,Great Black-backed Gull,Larus marinus,LARUS_MARI,6,NW,visible_migration,windy,False,synthetic_fixture,False
CNT002280,TREK019,2024-06-18,08:00,11:16,3.27,Rock Pigeon,Columba livia,COLUMBA_LI,5,NW,visible_migration,,True,synthetic_fixture,False
CNT002281,TREK019,2024-07-10,07:00,10:34,3.58,Grey Heron,Ardea cinerea,ARDEA_CINE,4,SW,visible_migration,,True,synthetic_fixture,False
CNT002282,TREK019,2024-07-10,07:00,10:34,3.58,Greylag Goose,Anser anser,ANSER_ANSE,7,NW,visible_migration,windy,True,synthetic_fixture,False
CNT002283,TREK019,2024-07-10,07:00,10:34,3.58,Common Buzzard,Buteo buteo,BUTEO_BUTE,4,S,visible_migration,,True,synthetic_fixture,False
CNT002284,TREK019,2024-07-10,07:00,10:34,3.58,American Robin,Turdus migratorius,TURDUS_MIG,3,E,visible_migration,light rain,True,synthetic_fixture,False
CNT002285,TREK019,2024-07-10,07:00,10:34,3.58,Great Cormorant,Phalacrocorax carbo,PHALACROCO,1,S,visible_migration,overcast,True,synthetic_fixture,False
CNT002286,TREK019,2024-07-15,05:00,06:07,1.13,Black-headed Gull,Chroicocephalus ridibundus,CHROICOCEP,5,SW,visible_migration,light rain,True,synthetic_fixture,False
CNT002287,TREK019,2024-07-15,05:00,06:07,1.13,Great Blue Heron,Ardea herodias,ARDEA_HERO,4,W,visible_migration,light rain,True,synthetic_fixture,False
CNT002288,TREK019,2024-07-16,06:00,11:57,5.95,Common Ringed Plover,Charadrius hiaticula,CHARADRIUS,2,S,visible_migration,clear,True,synthetic_fixture,False
CNT002289,TREK019,2024-07-16,06:00,11:57,5.95,Mute Swan,Cygnus olor,CYGNUS_OLO,3,NE,visible_migration,windy,True,synthetic_fixture,False
CNT002290,TREK019,2024-07-22,07:00,12:30,5.5,Great Blue Heron,Ardea herodias,ARDEA_HERO,1,NE,visible_migration,light rain,True,synthetic_fixture,False
CNT002291,TREK019,2024-07-22,07:00,12:30,5.5,Great Black-backed Gull,Larus marinus,LARUS_MARI,4,NW,visible_migration,overcast,True,synthetic_fixture,False
CNT002292,TREK019,2024-09-03,05:00,06:23,1.39,Great Black-backed Gull,Larus marinus,LARUS_MARI,17,E,visible_migration,windy,True,synthetic_fixture,False
CNT002293,TREK019,2024-09-18,06:00,10:47,4.79,Common Raven,Corvus corax,CORVUS_COR,10,S,visible_migration,windy,True,synthetic_fixture,False
CNT002294,TREK019,2024-09-18,06:00,10:47,4.79,Common Kestrel,Falco tinnunculus,FALCO_TINN,14,NW,visible_migration,windy,True,synthetic_fixture,False
CNT002295,TREK019,2024-09-18,06:00,10:47,4.79,Mallard,Anas platyrhynchos,ANAS_PLATY,21,NW,visible_migration,windy,True,synthetic_fixture,False
CNT002296,TREK019,2024-09-18,06:00,10:47,4.79,Greylag Goose,Anser anser,ANSER_ANSE,17,NE,visible_migration,,True,synthetic_fixture,False
CNT002297,TREK019,2024-09-18,06:00,10:47,4.79,Common Buzzard,Buteo buteo,BUTEO_BUTE,17,E,visible_migration,,True,synthetic_fixture,False
CNT002298,TREK019,2024-10-15,09:00,10:37,1.62,American Crow,Corvus brachyrhynchos,CORVUS_BRA,10,S,visible_migration,windy,True,synthetic_fixture,False
CNT002299,TREK019,2024-10-15,09:00,10:37,1.62,Greylag Goose,Anser anser,ANSER_ANSE,11,NW,visible_migration,overcast,True,synthetic_fixture,False
CNT002300,TREK019,2024-10-21,09:00,13:24,4.41,Great Blue Heron,Ardea herodias,ARDEA_HERO,5,NE,visible_migration,light rain,True,synthetic_fixture,False
CNT002301,TREK019,2024-10-21,09:00,13:24,4.41,Mallard,Anas platyrhynchos,ANAS_PLATY,5,N,visible_migration,overcast,True,synthetic_fixture,False
CNT002302,TREK019,2024-10-21,09:00,13:24,4.41,Eurasian Sparrowhawk,Accipiter nisus,ACCIPITER_,9,SE,visible_migration,clear,True,synthetic_fixture,False
CNT002303,TREK019,2024-10-21,09:00,13:24,4.41,Great Cormorant,Phalacrocorax carbo,PHALACROCO,7,SW,visible_migration,clear,True,synthetic_fixture,False
CNT002304,TREK019,2024-10-21,09:00,13:24,4.41,Barn Swallow,Hirundo rustica,HIRUNDO_RU,6,SE,visible_migration,windy,True,synthetic_fixture,False
CNT002305,TREK019,2024-11-27,08:00,09:16,1.27,Common Starling,Sturnus vulgaris,STURNUS_VU,3,W,visible_migration,windy,True,synthetic_fixture,False
CNT002306,TREK020,2023-01-04,09:00,12:20,3.34,Common Ringed Plover,Charadrius hiaticula,CHARADRIUS,7,SE,visible_migration,light rain,True,synthetic_fixture,False
CNT002307,TREK020,2023-01-04,09:00,12:20,3.34,Great Cormorant,Phalacrocorax carbo,PHALACROCO,2,NW,visible_migration,,True,synthetic_fixture,False
CNT002308,TREK020,2023-01-24,08:00,09:18,1.31,Great Blue Heron,Ardea herodias,ARDEA_HERO,4,E,visible_migration,clear,True,synthetic_fixture,False
CNT002309,TREK020,2023-01-24,08:00,09:18,1.31,Common Buzzard,Buteo buteo,BUTEO_BUTE,3,SW,visible_migration,light rain,True,synthetic_fixture,False
CNT002310,TREK020,2023-01-24,08:00,09:18,1.31,Herring Gull,Larus argentatus,LARUS_ARGE,4,NW,visible_migration,clear,True,synthetic_fixture,False
CNT002311,TREK020,2023-01-24,08:00,09:18,1.31,Barn Swallow,Hirundo rustica,HIRUNDO_RU,8,S,visible_migration,overcast,True,synthetic_fixture,False
CNT002312,TREK020,2023-01-24,08:00,09:18,1.31,Common Raven,Corvus corax,CORVUS_COR,2,S,visible_migration,clear,True,synthetic_fixture,False
CNT002313,TREK020,2023-01-29,09:00,13:19,4.32,American Robin,Turdus migratorius,TURDUS_MIG,5,NW,visible_migration,,True,synthetic_fixture,False
CNT002314,TREK020,2023-01-29,09:00,13:19,4.32,Common Raven,Corvus corax,CORVUS_COR,6,N,visible_migration,light rain,True,synthetic_fixture,False
CNT002315,TREK020,2023-01-29,09:00,13:19,4.32,Rock Pigeon,Columba livia,COLUMBA_LI,4,E,visible_migration,windy,True,synthetic_fixture,False
CNT002316,TREK020,2023-01-29,09:00,13:19,4.32,Common Kestrel,Falco tinnunculus,FALCO_TINN,7,N,visible_migration,windy,True,synthetic_fixture,False
CNT002317,TREK020,2023-01-29,09:00,13:19,4.32,American Crow,Corvus brachyrhynchos,CORVUS_BRA,2,E,visible_migration,clear,True,synthetic_fixture,False
CNT002318,TREK020,2023-03-18,07:00,10:04,3.07,American Robin,Turdus migratorius,TURDUS_MIG,9,W,visible_migration,light rain,True,synthetic_fixture,False
CNT002319,TREK020,2023-03-18,07:00,10:04,3.07,Bald Eagle,Haliaeetus leucocephalus,HALIAEETUS,9,E,visible_migration,,True,synthetic_fixture,False
CNT002320,TREK020,2023-03-18,07:00,10:04,3.07,Common Raven,Corvus corax,CORVUS_COR,7,NE,visible_migration,light rain,True,synthetic_fixture,False
CNT002321,TREK020,2023-03-28,05:00,08:31,3.52,Great Cormorant,Phalacrocorax carbo,PHALACROCO,9,W,visible_migration,overcast,True,synthetic_fixture,False
CNT002322,TREK020,2023-03-28,05:00,08:31,3.52,Common Ringed Plover,Charadrius hiaticula,CHARADRIUS,10,W,visible_migration,,True,synthetic_fixture,False
CNT002323,TREK020,2023-03-28,05:00,08:31,3.52,Black-headed Gull,Chroicocephalus ridibundus,CHROICOCEP,13,NE,visible_migration,clear,True,synthetic_fixture,False
CNT002324,TREK020,2023-03-28,05:00,08:31,3.52,Eurasian Sparrowhawk,Accipiter nisus,ACCIPITER_,10,NW,visible_migration,windy,True,synthetic_fixture,False
CNT002325,TREK020,2023-03-28,05:00,08:31,3.52,American Crow,Corvus brachyrhynchos,CORVUS_BRA,10,NW,visible_migration,clear,True,synthetic_fixture,False
CNT002326,TREK020,2023-03-30,08:00,13:49,5.83,Common Kestrel,Falco tinnunculus,FALCO_TINN,11,SE,visible_migration,windy,True,synthetic_fixture,False
CNT002327,TREK020,2023-05-17,05:00,07:43,2.72,Grey Heron,Ardea cinerea,ARDEA_CINE,5,NE,visible_migration,overcast,True,synthetic_fixture,False
CNT002328,TREK020,2023-05-17,05:00,07:43,2.72,Great Cormorant,Phalacrocorax carbo,PHALACROCO,6,E,visible_migration,,True,synthetic_fixture,False
CNT002329,TREK020,2023-09-14,07:00,11:01,4.03,American Robin,Turdus migratorius,TURDUS_MIG,16,S,visible_migration,windy,True,synthetic_fixture,False
CNT002330,TREK020,2023-09-14,07:00,11:01,4.03,Common Raven,Corvus corax,CORVUS_COR,5,W,visible_migration,windy,False,synthetic_fixture,False
CNT002331,TREK020,2023-09-23,08:00,11:34,3.58,Common Ringed Plover,Charadrius hiaticula,CHARADRIUS,16,S,visible_migration,light rain,True,synthetic_fixture,False
CNT002332,TREK020,2023-10-04,06:00,11:37,5.62,Common Ringed Plover,Charadrius hiaticula,CHARADRIUS,8,NE,visible_migration,windy,True,synthetic_fixture,False
CNT002333,TREK020,2023-10-04,06:00,11:37,5.62,Eurasian Sparrowhawk,Accipiter nisus,ACCIPITER_,7,SE,visible_migration,windy,True,synthetic_fixture,False
CNT002334,TREK020,2023-10-14,06:00,10:45,4.76,American Crow,Corvus brachyrhynchos,CORVUS_BRA,14,SW,visible_migration,,False,synthetic_fixture,False
CNT002335,TREK020,2023-10-14,06:00,10:45,4.76,Bald Eagle,Haliaeetus leucocephalus,HALIAEETUS,16,E,visible_migration,,False,synthetic_fixture,False
CNT002336,TREK020,2023-10-24,07:00,10:55,3.92,Common Buzzard,Buteo buteo,BUTEO_BUTE,12,E,visible_migration,,True,synthetic_fixture,False
CNT002337,TREK020,2023-10-24,07:00,10:55,3.92,Common Raven,Corvus corax,CORVUS_COR,4,SW,visible_migration,clear,True,synthetic_fixture,False
CNT002338,TREK020,2023-10-24,07:00,10:55,3.92,Canada Goose,Branta canadensis,BRANTA_CAN,5,NE,visible_migration,overcast,True,synthetic_fixture,False
CNT002339,TREK020,2023-10-24,07:00,10:55,3.92,American Crow,Corvus brachyrhynchos,CORVUS_BRA,6,SW,visible_migration,overcast,True,synthetic_fixture,False
CNT002340,TREK020,2023-10-24,07:00,10:55,3.92,Mute Swan,Cygnus olor,CYGNUS_OLO,4,NW,visible_migration,overcast,True,synthetic_fixture,False
CNT002341,TREK020,2023-10-26,05:00,07:37,2.63,Common Kestrel,Falco tinnunculus,FALCO_TINN,8,SE,visible_migration,overcast,True,synthetic_fixture,False
CNT002342,TREK020,2023-10-28,09:00,14:53,5.89,Great Black-backed Gull,Larus marinus,LARUS_MARI,5,NE,visible_migration,light rain,True,synthetic_fixture,False
CNT002343,TREK020,2023-10-28,09:00,14:53,5.89,Eurasian Sparrowhawk,Accipiter nisus,ACCIPITER_,5,NW,visible_migration,light rain,True,synthetic_fixture,False
CNT002344,TREK020,2023-10-28,09:00,14:53,5.89,American Robin,Turdus migratorius,TURDUS_MIG,9,SE,visible_migration,,True,synthetic_fixture,False
CNT002345,TREK020,2023-10-28,09:00,14:53,5.89,Common Raven,Corvus corax,CORVUS_COR,9,E,visible_migration,light rain,True,synthetic_fixture,False
CNT002346,TREK020,2023-11-06,07:00,10:21,3.36,Common Kestrel,Falco tinnunculus,FALCO_TINN,6,E,visible_migration,light rain,True,synthetic_fixture,False
CNT002347,TREK020,2023-11-06,07:00,10:21,3.36,Canada Goose,Branta canadensis,BRANTA_CAN,10,E,visible_migration,,True,synthetic_fixture,False
CNT002348,TREK020,2023-11-18,06:00,09:27,3.45,Great Cormorant,Phalacrocorax carbo,PHALACROCO,4,NW,visible_migration,,True,synthetic_fixture,False
CNT002349,TREK020,2023-11-18,06:00,09:27,3.45,Common Raven,Corvus corax,CORVUS_COR,4,W,visible_migration,windy,True,synthetic_fixture,False
CNT002350,TREK020,2023-12-04,09:00,14:24,5.4,Barn Swallow,Hirundo rustica,HIRUNDO_RU,5,NW,visible_migration,,True,synthetic_fixture,False
CNT002351,TREK020,2024-01-06,07:00,10:28,3.47,Barn Swallow,Hirundo rustica,HIRUNDO_RU,3,N,visible_migration,windy,True,synthetic_fixture,False
CNT002352,TREK020,2024-01-06,07:00,10:28,3.47,Common Ringed Plover,Charadrius hiaticula,CHARADRIUS,2,N,visible_migration,clear,True,synthetic_fixture,False
CNT002353,TREK020,2024-01-06,07:00,10:28,3.47,Common Starling,Sturnus vulgaris,STURNUS_VU,5,NE,visible_migration,overcast,True,synthetic_fixture,False
CNT002354,TREK020,2024-01-06,07:00,10:28,3.47,Bald Eagle,Haliaeetus leucocephalus,HALIAEETUS,3,SE,visible_migration,,True,synthetic_fixture,False
CNT002355,TREK020,2024-01-06,07:00,10:28,3.47,Eurasian Sparrowhawk,Accipiter nisus,ACCIPITER_,4,SE,visible_migration,windy,True,synthetic_fixture,False
CNT002356,TREK020,2024-01-25,08:00,09:56,1.94,Great Black-backed Gull,Larus marinus,LARUS_MARI,3,W,visible_migration,windy,True,synthetic_fixture,False
CNT002357,TREK020,2024-01-25,08:00,09:56,1.94,Common Raven,Corvus corax,CORVUS_COR,2,W,visible_migration,clear,True,synthetic_fixture,False
CNT002358,TREK020,2024-01-25,08:00,09:56,1.94,Common Buzzard,Buteo buteo,BUTEO_BUTE,2,NW,visible_migration,light rain,True,synthetic_fixture,False
CNT002359,TREK020,2024-02-09,05:00,06:05,1.09,Common Buzzard,Buteo buteo,BUTEO_BUTE,7,NW,visible_migration,clear,True,synthetic_fixture,False
CNT002360,TREK020,2024-02-09,05:00,06:05,1.09,American Robin,Turdus migratorius,TURDUS_MIG,6,SW,visible_migration,windy,True,synthetic_fixture,False
CNT002361,TREK020,2024-02-09,05:00,06:05,1.09,Canada Goose,Branta canadensis,BRANTA_CAN,5,S,visible_migration,light rain,True,synthetic_fixture,False
CNT002362,TREK020,2024-02-24,06:00,11:10,5.18,Bald Eagle,Haliaeetus leucocephalus,HALIAEETUS,3,N,visible_migration,windy,False,synthetic_fixture,False
CNT002363,TREK020,2024-03-07,05:00,09:40,4.67,Common Ringed Plover,Charadrius hiaticula,CHARADRIUS,7,W,visible_migration,overcast,True,synthetic_fixture,False
CNT002364,TREK020,2024-03-07,05:00,09:40,4.67,Grey Heron,Ardea cinerea,ARDEA_CINE,5,NW,visible_migration,clear,True,synthetic_fixture,False
CNT002365,TREK020,2024-03-07,05:00,09:40,4.67,Common Starling,Sturnus vulgaris,STURNUS_VU,8,NE,visible_migration,light rain,True,synthetic_fixture,False
CNT002366,TREK020,2024-03-07,05:00,09:40,4.67,Mute Swan,Cygnus olor,CYGNUS_OLO,8,SW,visible_migration,clear,True,synthetic_fixture,False
CNT002367,TREK020,2024-03-11,07:00,12:37,5.62,Common Raven,Corvus corax,CORVUS_COR,9,N,visible_migration,clear,True,synthetic_fixture,False
CNT002368,TREK020,2024-03-11,07:00,12:37,5.62,Rock Pigeon,Columba livia,COLUMBA_LI,18,NW,visible_migration,light rain,True,synthetic_fixture,False
CNT002369,TREK020,2024-03-11,07:00,12:37,5.62,Mallard,Anas platyrhynchos,ANAS_PLATY,9,E,visible_migration,clear,False,synthetic_fixture,False
CNT002370,TREK020,2024-03-11,07:00,12:37,5.62,Canada Goose,Branta canadensis,BRANTA_CAN,3,N,visible_migration,clear,False,synthetic_fixture,False
CNT002371,TREK020,2024-03-11,07:00,12:37,5.62,Bald Eagle,Haliaeetus leucocephalus,HALIAEETUS,8,N,visible_migration,windy,True,synthetic_fixture,False
CNT002372,TREK020,2024-03-21,05:00,09:20,4.35,American Robin,Turdus migratorius,TURDUS_MIG,13,S,visible_migration,,True,synthetic_fixture,False
CNT002373,TREK020,2024-04-04,08:00,11:23,3.4,American Crow,Corvus brachyrhynchos,CORVUS_BRA,6,NE,visible_migration,,True,synthetic_fixture,False
CNT002374,TREK020,2024-04-04,08:00,11:23,3.4,Common Kestrel,Falco tinnunculus,FALCO_TINN,11,SE,visible_migration,overcast,True,synthetic_fixture,False
CNT002375,TREK020,2024-04-10,08:00,13:19,5.32,Rock Pigeon,Columba livia,COLUMBA_LI,11,S,visible_migration,,True,synthetic_fixture,False
CNT002376,TREK020,2024-04-14,05:00,08:22,3.38,Common Buzzard,Buteo buteo,BUTEO_BUTE,13,S,visible_migration,light rain,True,synthetic_fixture,False
CNT002377,TREK020,2024-04-15,09:00,11:59,2.99,Barn Swallow,Hirundo rustica,HIRUNDO_RU,11,E,visible_migration,overcast,True,synthetic_fixture,False
CNT002378,TREK020,2024-04-15,09:00,11:59,2.99,Greylag Goose,Anser anser,ANSER_ANSE,11,S,visible_migration,overcast,True,synthetic_fixture,False
CNT002379,TREK020,2024-04-19,05:00,08:42,3.7,Eurasian Sparrowhawk,Accipiter nisus,ACCIPITER_,13,NE,visible_migration,windy,True,synthetic_fixture,False
CNT002380,TREK020,2024-04-19,05:00,08:42,3.7,Common Ringed Plover,Charadrius hiaticula,CHARADRIUS,17,SW,visible_migration,light rain,True,synthetic_fixture,False
CNT002381,TREK020,2024-04-19,05:00,08:42,3.7,Mute Swan,Cygnus olor,CYGNUS_OLO,12,SW,visible_migration,clear,True,synthetic_fixture,False
CNT002382,TREK020,2024-04-25,07:00,11:00,4.01,Mute Swan,Cygnus olor,CYGNUS_OLO,15,SW,visible_migration,windy,True,synthetic_fixture,False
CNT002383,TREK020,2024-04-25,07:00,11:00,4.01,Common Ringed Plover,Charadrius hiaticula,CHARADRIUS,11,W,visible_migration,light rain,True,synthetic_fixture,False
CNT002384,TREK020,2024-04-25,07:00,11:00,4.01,Herring Gull,Larus argentatus,LARUS_ARGE,14,N,visible_migration,,True,synthetic_fixture,False
CNT002385,TREK020,2024-04-25,07:00,11:00,4.01,Great Black-backed Gull,Larus marinus,LARUS_MARI,13,SE,visible_migration,,True,synthetic_fixture,False
CNT002386,TREK020,2024-05-16,05:00,06:46,1.77,Great Black-backed Gull,Larus marinus,LARUS_MARI,8,SW,visible_migration,clear,True,synthetic_fixture,False
CNT002387,TREK020,2024-08-01,07:00,09:01,2.02,Mute Swan,Cygnus olor,CYGNUS_OLO,4,NE,visible_migration,light rain,True,synthetic_fixture,False
CNT002388,TREK020,2024-08-01,07:00,09:01,2.02,Common Buzzard,Buteo buteo,BUTEO_BUTE,4,N,visible_migration,clear,True,synthetic_fixture,False
CNT002389,TREK020,2024-08-01,07:00,09:01,2.02,Eurasian Sparrowhawk,Accipiter nisus,ACCIPITER_,5,NW,visible_migration,overcast,True,synthetic_fixture,False
CNT002390,TREK020,2024-08-01,07:00,09:01,2.02,Black-headed Gull,Chroicocephalus ridibundus,CHROICOCEP,4,W,visible_migration,light rain,True,synthetic_fixture,False
CNT002391,TREK020,2024-08-01,05:00,08:39,3.66,Mute Swan,Cygnus olor,CYGNUS_OLO,7,NW,visible_migration,windy,True,synthetic_fixture,False
CNT002392,TREK020,2024-08-01,05:00,08:39,3.66,Eurasian Sparrowhawk,Accipiter nisus,ACCIPITER_,3,SE,visible_migration,,True,synthetic_fixture,False
CNT002393,TREK020,2024-08-01,05:00,08:39,3.66,Common Starling,Sturnus vulgaris,STURNUS_VU,3,E,visible_migration,,True,synthetic_fixture,False
CNT002394,TREK020,2024-08-15,09:00,12:02,3.04,Bald Eagle,Haliaeetus leucocephalus,HALIAEETUS,3,N,visible_migration,windy,True,synthetic_fixture,False
CNT002395,TREK020,2024-08-15,09:00,12:02,3.04,American Robin,Turdus migratorius,TURDUS_MIG,2,N,visible_migration,light rain,True,synthetic_fixture,False
CNT002396,TREK020,2024-08-15,09:00,12:02,3.04,Greylag Goose,Anser anser,ANSER_ANSE,8,W,visible_migration,clear,True,synthetic_fixture,False
CNT002397,TREK020,2024-08-15,09:00,12:02,3.04,Common Ringed Plover,Charadrius hiaticula,CHARADRIUS,7,SW,visible_migration,light rain,True,synthetic_fixture,False
CNT002398,TREK020,2024-08-19,08:00,10:46,2.78,Great Black-backed Gull,Larus marinus,LARUS_MARI,4,W,visible_migration,clear,True,synthetic_fixture,False
CNT002399,TREK020,2024-08-19,08:00,10:46,2.78,American Robin,Turdus migratorius,TURDUS_MIG,9,NW,visible_migration,,True,synthetic_fixture,False
CNT002400,TREK020,2024-08-19,08:00,10:46,2.78,Common Kestrel,Falco tinnunculus,FALCO_TINN,8,SE,visible_migration,overcast,True,synthetic_fixture,False
CNT002401,TREK020,2024-08-19,08:00,10:46,2.78,Rock Pigeon,Columba livia,COLUMBA_LI,5,E,visible_migration,light rain,True,synthetic_fixture,False
CNT002402,TREK020,2024-09-05,08:00,12:58,4.98,Common Starling,Sturnus vulgaris,STURNUS_VU,9,W,visible_migration,clear,True,synthetic_fixture,False
CNT002403,TREK020,2024-09-05,08:00,12:58,4.98,Greylag Goose,Anser anser,ANSER_ANSE,3,SE,visible_migration,clear,False,synthetic_fixture,False
CNT002404,TREK020,2024-09-09,07:00,12:41,5.69,Common Starling,Sturnus vulgaris,STURNUS_VU,11,NE,visible_migration,light rain,True,synthetic_fixture,False
CNT002405,TREK020,2024-09-09,07:00,12:41,5.69,Rock Pigeon,Columba livia,COLUMBA_LI,11,W,visible_migration,windy,True,synthetic_fixture,False
CNT002406,TREK020,2024-09-09,07:00,12:41,5.69,Great Blue Heron,Ardea herodias,ARDEA_HERO,7,W,visible_migration,,True,synthetic_fixture,False
CNT002407,TREK020,2024-09-09,07:00,12:41,5.69,Great Black-backed Gull,Larus marinus,LARUS_MARI,6,E,visible_migration,overcast,True,synthetic_fixture,False
CNT002408,TREK020,2024-10-08,06:00,07:49,1.82,Greylag Goose,Anser anser,ANSER_ANSE,8,E,visible_migration,,True,synthetic_fixture,False
CNT002409,TREK020,2024-10-08,06:00,07:49,1.82,Common Ringed Plover,Charadrius hiaticula,CHARADRIUS,14,NE,visible_migration,overcast,True,synthetic_fixture,False
CNT002410,TREK020,2024-10-08,06:00,07:49,1.82,Barn Swallow,Hirundo rustica,HIRUNDO_RU,17,SE,visible_migration,clear,True,synthetic_fixture,False
CNT002411,TREK020,2024-10-08,06:00,07:49,1.82,Common Buzzard,Buteo buteo,BUTEO_BUTE,16,W,visible_migration,light rain,True,synthetic_fixture,False
CNT002412,TREK020,2024-10-08,06:00,07:49,1.82,Rock Pigeon,Columba livia,COLUMBA_LI,13,NE,visible_migration,,True,synthetic_fixture,False
CNT002413,TREK020,2024-10-24,06:00,11:07,5.13,Great Blue Heron,Ardea herodias,ARDEA_HERO,7,S,visible_migration,,True,synthetic_fixture,False
CNT002414,TREK020,2024-10-24,06:00,11:07,5.13,Great Black-backed Gull,Larus marinus,LARUS_MARI,7,NE,visible_migration,light rain,True,synthetic_fixture,False
CNT002415,TREK020,2024-10-24,06:00,11:07,5.13,Common Starling,Sturnus vulgaris,STURNUS_VU,6,SE,visible_migration,light rain,True,synthetic_fixture,False
CNT002416,TREK020,2024-10-24,06:00,11:07,5.13,Mute Swan,Cygnus olor,CYGNUS_OLO,7,SE,visible_migration,overcast,True,synthetic_fixture,False
CNT002417,TREK020,2024-10-24,06:00,11:07,5.13,Barn Swallow,Hirundo rustica,HIRUNDO_RU,8,NW,visible_migration,clear,False,synthetic_fixture,False
CNT002418,TREK020,2024-10-29,07:00,11:00,4.0,Eurasian Sparrowhawk,Accipiter nisus,ACCIPITER_,9,S,visible_migration,clear,True,synthetic_fixture,False
CNT002419,TREK020,2024-10-29,07:00,11:00,4.0,Great Cormorant,Phalacrocorax carbo,PHALACROCO,7,N,visible_migration,light rain,True,synthetic_fixture,False
CNT002420,TREK020,2024-10-29,07:00,11:00,4.0,Bald Eagle,Haliaeetus leucocephalus,HALIAEETUS,5,S,visible_migration,,True,synthetic_fixture,False
CNT002421,TREK020,2024-12-06,06:00,11:04,5.08,Eurasian Sparrowhawk,Accipiter nisus,ACCIPITER_,1,E,visible_migration,overcast,True,synthetic_fixture,False
CNT002422,TREK020,2024-12-06,06:00,11:04,5.08,American Crow,Corvus brachyrhynchos,CORVUS_BRA,3,E,visible_migration,clear,False,synthetic_fixture,False
CNT002423,TREK021,2023-01-15,09:00,12:22,3.37,Greylag Goose,Anser anser,ANSER_ANSE,2,S,visible_migration,overcast,True,synthetic_fixture,False
CNT002424,TREK021,2023-01-15,09:00,12:22,3.37,American Crow,Corvus brachyrhynchos,CORVUS_BRA,1,SE,visible_migration,clear,True,synthetic_fixture,False
CNT002425,TREK021,2023-01-15,09:00,12:22,3.37,Eurasian Sparrowhawk,Accipiter nisus,ACCIPITER_,3,W,visible_migration,overcast,True,synthetic_fixture,False
CNT002426,TREK021,2023-01-15,09:00,12:22,3.37,Bald Eagle,Haliaeetus leucocephalus,HALIAEETUS,5,W,visible_migration,light rain,True,synthetic_fixture,False
CNT002427,TREK021,2023-01-15,09:00,12:22,3.37,Common Kestrel,Falco tinnunculus,FALCO_TINN,5,SE,visible_migration,clear,True,synthetic_fixture,False
CNT002428,TREK021,2023-01-20,07:00,09:40,2.67,Grey Heron,Ardea cinerea,ARDEA_CINE,5,E,visible_migration,,True,synthetic_fixture,False
CNT002429,TREK021,2023-02-13,09:00,14:45,5.76,Barn Swallow,Hirundo rustica,HIRUNDO_RU,4,W,visible_migration,,True,synthetic_fixture,False
CNT002430,TREK021,2023-02-13,09:00,14:45,5.76,Great Cormorant,Phalacrocorax carbo,PHALACROCO,2,W,visible_migration,windy,True,synthetic_fixture,False
CNT002431,TREK021,2023-02-13,09:00,14:45,5.76,Common Starling,Sturnus vulgaris,STURNUS_VU,7,E,visible_migration,,True,synthetic_fixture,False
CNT002432,TREK021,2023-02-13,09:00,14:45,5.76,Common Raven,Corvus corax,CORVUS_COR,3,SW,visible_migration,clear,True,synthetic_fixture,False
CNT002433,TREK021,2023-02-13,09:00,14:45,5.76,Grey Heron,Ardea cinerea,ARDEA_CINE,8,SW,visible_migration,clear,True,synthetic_fixture,False
CNT002434,TREK021,2023-02-14,08:00,13:38,5.64,Mute Swan,Cygnus olor,CYGNUS_OLO,3,S,visible_migration,,True,synthetic_fixture,False
CNT002435,TREK021,2023-02-25,08:00,11:24,3.41,Mallard,Anas platyrhynchos,ANAS_PLATY,7,SW,visible_migration,,True,synthetic_fixture,False
CNT002436,TREK021,2023-02-25,08:00,11:24,3.41,American Crow,Corvus brachyrhynchos,CORVUS_BRA,3,E,visible_migration,overcast,True,synthetic_fixture,False
CNT002437,TREK021,2023-02-26,09:00,14:33,5.56,Herring Gull,Larus argentatus,LARUS_ARGE,4,NE,visible_migration,,True,synthetic_fixture,False
CNT002438,TREK021,2023-02-26,09:00,14:33,5.56,Common Kestrel,Falco tinnunculus,FALCO_TINN,5,S,visible_migration,overcast,True,synthetic_fixture,False
CNT002439,TREK021,2023-02-26,09:00,14:33,5.56,Common Ringed Plover,Charadrius hiaticula,CHARADRIUS,6,S,visible_migration,,True,synthetic_fixture,False
CNT002440,TREK021,2023-02-26,09:00,14:33,5.56,Bald Eagle,Haliaeetus leucocephalus,HALIAEETUS,4,NE,visible_migration,clear,True,synthetic_fixture,False
CNT002441,TREK021,2023-03-01,06:00,10:12,4.2,Rock Pigeon,Columba livia,COLUMBA_LI,6,E,visible_migration,clear,True,synthetic_fixture,False
CNT002442,TREK021,2023-03-04,05:00,06:52,1.88,Mallard,Anas platyrhynchos,ANAS_PLATY,6,S,visible_migration,clear,True,synthetic_fixture,False
CNT002443,TREK021,2023-03-28,07:00,11:19,4.32,Common Buzzard,Buteo buteo,BUTEO_BUTE,12,E,visible_migration,clear,True,synthetic_fixture,False
CNT002444,TREK021,2023-03-28,07:00,11:19,4.32,Great Cormorant,Phalacrocorax carbo,PHALACROCO,7,W,visible_migration,clear,True,synthetic_fixture,False
CNT002445,TREK021,2023-04-11,07:00,11:28,4.48,Common Raven,Corvus corax,CORVUS_COR,16,NE,visible_migration,clear,True,synthetic_fixture,False
CNT002446,TREK021,2023-04-11,07:00,11:28,4.48,Canada Goose,Branta canadensis,BRANTA_CAN,14,W,visible_migration,clear,True,synthetic_fixture,False
CNT002447,TREK021,2023-04-11,07:00,11:28,4.48,Greylag Goose,Anser anser,ANSER_ANSE,10,SE,visible_migration,light rain,False,synthetic_fixture,False
CNT002448,TREK021,2023-04-20,08:00,09:12,1.21,Black-headed Gull,Chroicocephalus ridibundus,CHROICOCEP,9,NW,visible_migration,windy,False,synthetic_fixture,False
CNT002449,TREK021,2023-08-04,06:00,10:47,4.79,Herring Gull,Larus argentatus,LARUS_ARGE,3,E,visible_migration,light rain,True,synthetic_fixture,False
CNT002450,TREK021,2023-08-04,06:00,10:47,4.79,Canada Goose,Branta canadensis,BRANTA_CAN,3,SE,visible_migration,overcast,True,synthetic_fixture,False
CNT002451,TREK021,2023-08-04,06:00,10:47,4.79,Mallard,Anas platyrhynchos,ANAS_PLATY,9,N,visible_migration,,True,synthetic_fixture,False
CNT002452,TREK021,2023-08-04,06:00,10:47,4.79,Common Buzzard,Buteo buteo,BUTEO_BUTE,8,N,visible_migration,light rain,True,synthetic_fixture,False
CNT002453,TREK021,2023-08-04,06:00,10:47,4.79,American Robin,Turdus migratorius,TURDUS_MIG,2,SE,visible_migration,,True,synthetic_fixture,False
CNT002454,TREK021,2023-08-05,06:00,08:43,2.72,Rock Pigeon,Columba livia,COLUMBA_LI,6,NE,visible_migration,clear,True,synthetic_fixture,False
CNT002455,TREK021,2023-08-05,06:00,08:43,2.72,Greylag Goose,Anser anser,ANSER_ANSE,2,SW,visible_migration,overcast,True,synthetic_fixture,False
CNT002456,TREK021,2023-08-05,06:00,08:43,2.72,American Crow,Corvus brachyrhynchos,CORVUS_BRA,6,S,visible_migration,clear,True,synthetic_fixture,False
CNT002457,TREK021,2023-08-05,06:00,08:43,2.72,Herring Gull,Larus argentatus,LARUS_ARGE,2,N,visible_migration,,True,synthetic_fixture,False
CNT002458,TREK021,2023-08-24,06:00,10:24,4.41,American Robin,Turdus migratorius,TURDUS_MIG,8,SE,visible_migration,overcast,True,synthetic_fixture,False
CNT002459,TREK021,2023-08-24,06:00,10:24,4.41,Common Kestrel,Falco tinnunculus,FALCO_TINN,10,S,visible_migration,overcast,True,synthetic_fixture,False
CNT002460,TREK021,2023-08-24,06:00,10:24,4.41,Great Cormorant,Phalacrocorax carbo,PHALACROCO,5,E,visible_migration,clear,True,synthetic_fixture,False
CNT002461,TREK021,2023-08-24,06:00,10:24,4.41,Common Buzzard,Buteo buteo,BUTEO_BUTE,10,W,visible_migration,clear,True,synthetic_fixture,False
CNT002462,TREK021,2023-09-03,08:00,11:32,3.55,Barn Swallow,Hirundo rustica,HIRUNDO_RU,8,W,visible_migration,clear,True,synthetic_fixture,False
CNT002463,TREK021,2023-09-06,07:00,09:22,2.38,Great Cormorant,Phalacrocorax carbo,PHALACROCO,11,SE,visible_migration,light rain,True,synthetic_fixture,False
CNT002464,TREK021,2023-09-06,07:00,09:22,2.38,Rock Pigeon,Columba livia,COLUMBA_LI,12,W,visible_migration,clear,True,synthetic_fixture,False
CNT002465,TREK021,2023-09-14,07:00,11:51,4.86,Canada Goose,Branta canadensis,BRANTA_CAN,10,N,visible_migration,,True,synthetic_fixture,False
CNT002466,TREK021,2023-09-14,07:00,11:51,4.86,Great Cormorant,Phalacrocorax carbo,PHALACROCO,15,W,visible_migration,windy,True,synthetic_fixture,False
CNT002467,TREK021,2023-10-05,09:00,10:11,1.2,Greylag Goose,Anser anser,ANSER_ANSE,13,N,visible_migration,clear,True,synthetic_fixture,False
CNT002468,TREK021,2023-10-14,05:00,09:55,4.93,Rock Pigeon,Columba livia,COLUMBA_LI,9,E,visible_migration,,True,synthetic_fixture,False
CNT002469,TREK021,2023-10-14,05:00,09:55,4.93,Common Ringed Plover,Charadrius hiaticula,CHARADRIUS,9,SW,visible_migration,overcast,True,synthetic_fixture,False
CNT002470,TREK021,2023-10-14,05:00,09:55,4.93,American Crow,Corvus brachyrhynchos,CORVUS_BRA,3,N,visible_migration,clear,True,synthetic_fixture,False
CNT002471,TREK021,2023-10-14,05:00,09:55,4.93,Barn Swallow,Hirundo rustica,HIRUNDO_RU,10,NW,visible_migration,overcast,True,synthetic_fixture,False
CNT002472,TREK021,2023-10-14,05:00,09:55,4.93,American Robin,Turdus migratorius,TURDUS_MIG,6,W,visible_migration,overcast,True,synthetic_fixture,False
CNT002473,TREK021,2023-11-03,06:00,09:23,3.4,Common Ringed Plover,Charadrius hiaticula,CHARADRIUS,3,NE,visible_migration,light rain,True,synthetic_fixture,False
CNT002474,TREK021,2023-12-13,09:00,13:13,4.22,American Robin,Turdus migratorius,TURDUS_MIG,1,W,visible_migration,clear,True,synthetic_fixture,False
CNT002475,TREK021,2023-12-13,09:00,13:13,4.22,Mute Swan,Cygnus olor,CYGNUS_OLO,1,SW,visible_migration,light rain,True,synthetic_fixture,False
CNT002476,TREK021,2023-12-13,09:00,13:13,4.22,Barn Swallow,Hirundo rustica,HIRUNDO_RU,4,SW,visible_migration,light rain,True,synthetic_fixture,False
CNT002477,TREK021,2023-12-13,09:00,13:13,4.22,Eurasian Sparrowhawk,Accipiter nisus,ACCIPITER_,4,W,visible_migration,clear,True,synthetic_fixture,False
CNT002478,TREK021,2023-12-18,07:00,11:50,4.84,Canada Goose,Branta canadensis,BRANTA_CAN,5,S,visible_migration,,True,synthetic_fixture,False
CNT002479,TREK021,2023-12-18,07:00,11:50,4.84,Great Cormorant,Phalacrocorax carbo,PHALACROCO,2,S,visible_migration,light rain,True,synthetic_fixture,False
CNT002480,TREK021,2023-12-18,07:00,11:50,4.84,Common Ringed Plover,Charadrius hiaticula,CHARADRIUS,7,W,visible_migration,,True,synthetic_fixture,False
CNT002481,TREK021,2023-12-18,07:00,11:50,4.84,Common Raven,Corvus corax,CORVUS_COR,2,NE,visible_migration,windy,True,synthetic_fixture,False
CNT002482,TREK021,2023-12-22,05:00,09:13,4.22,Mute Swan,Cygnus olor,CYGNUS_OLO,2,S,visible_migration,overcast,True,synthetic_fixture,False
CNT002483,TREK021,2023-12-22,05:00,09:13,4.22,Common Raven,Corvus corax,CORVUS_COR,2,NE,visible_migration,,True,synthetic_fixture,False
CNT002484,TREK021,2023-12-22,05:00,09:13,4.22,Common Starling,Sturnus vulgaris,STURNUS_VU,4,NE,visible_migration,windy,True,synthetic_fixture,False
CNT002485,TREK021,2024-01-14,06:00,08:28,2.47,Rock Pigeon,Columba livia,COLUMBA_LI,0,E,visible_migration,,True,synthetic_fixture,False
CNT002486,TREK021,2024-01-14,06:00,08:28,2.47,Common Raven,Corvus corax,CORVUS_COR,4,W,visible_migration,,True,synthetic_fixture,False
CNT002487,TREK021,2024-01-22,06:00,11:43,5.72,American Crow,Corvus brachyrhynchos,CORVUS_BRA,2,NE,visible_migration,light rain,True,synthetic_fixture,False
CNT002488,TREK021,2024-01-22,06:00,11:43,5.72,Common Raven,Corvus corax,CORVUS_COR,4,S,visible_migration,overcast,True,synthetic_fixture,False
CNT002489,TREK021,2024-01-22,06:00,11:43,5.72,Black-headed Gull,Chroicocephalus ridibundus,CHROICOCEP,3,NE,visible_migration,,True,synthetic_fixture,False
CNT002490,TREK021,2024-01-22,06:00,11:43,5.72,Mute Swan,Cygnus olor,CYGNUS_OLO,3,SE,visible_migration,light rain,True,synthetic_fixture,False
CNT002491,TREK021,2024-01-22,06:00,11:43,5.72,Barn Swallow,Hirundo rustica,HIRUNDO_RU,3,NE,visible_migration,light rain,False,synthetic_fixture,False
CNT002492,TREK021,2024-02-14,06:00,08:57,2.95,Mute Swan,Cygnus olor,CYGNUS_OLO,5,S,visible_migration,,True,synthetic_fixture,False
CNT002493,TREK021,2024-02-14,06:00,08:57,2.95,Canada Goose,Branta canadensis,BRANTA_CAN,4,S,visible_migration,windy,True,synthetic_fixture,False
CNT002494,TREK021,2024-02-14,06:00,08:57,2.95,American Crow,Corvus brachyrhynchos,CORVUS_BRA,4,SE,visible_migration,clear,True,synthetic_fixture,False
CNT002495,TREK021,2024-02-14,06:00,08:57,2.95,Great Blue Heron,Ardea herodias,ARDEA_HERO,0,S,visible_migration,windy,False,synthetic_fixture,False
CNT002496,TREK021,2024-03-11,05:00,07:16,2.27,Common Buzzard,Buteo buteo,BUTEO_BUTE,8,E,visible_migration,,True,synthetic_fixture,False
CNT002497,TREK021,2024-03-11,05:00,07:16,2.27,Canada Goose,Branta canadensis,BRANTA_CAN,10,E,visible_migration,windy,True,synthetic_fixture,False
CNT002498,TREK021,2024-03-11,05:00,07:16,2.27,Mute Swan,Cygnus olor,CYGNUS_OLO,10,SE,visible_migration,,True,synthetic_fixture,False
CNT002499,TREK021,2024-03-11,05:00,07:16,2.27,Bald Eagle,Haliaeetus leucocephalus,HALIAEETUS,8,W,visible_migration,overcast,True,synthetic_fixture,False
CNT002500,TREK021,2024-03-11,05:00,07:16,2.27,Common Kestrel,Falco tinnunculus,FALCO_TINN,10,N,visible_migration,windy,True,synthetic_fixture,False
CNT002501,TREK021,2024-03-23,09:00,13:18,4.31,Common Buzzard,Buteo buteo,BUTEO_BUTE,3,S,visible_migration,light rain,True,synthetic_fixture,False
CNT002502,TREK021,2024-03-23,09:00,13:18,4.31,Common Raven,Corvus corax,CORVUS_COR,9,NW,visible_migration,clear,True,synthetic_fixture,False
CNT002503,TREK021,2024-03-23,09:00,13:18,4.31,Canada Goose,Branta canadensis,BRANTA_CAN,16,SW,visible_migration,,True,synthetic_fixture,False
CNT002504,TREK021,2024-03-23,09:00,13:18,4.31,Mute Swan,Cygnus olor,CYGNUS_OLO,8,E,visible_migration,clear,True,synthetic_fixture,False
CNT002505,TREK021,2024-03-26,09:00,11:56,2.94,Great Blue Heron,Ardea herodias,ARDEA_HERO,8,E,visible_migration,overcast,True,synthetic_fixture,False
CNT002506,TREK021,2024-03-26,09:00,11:56,2.94,Common Starling,Sturnus vulgaris,STURNUS_VU,7,NW,visible_migration,,True,synthetic_fixture,False
CNT002507,TREK021,2024-03-26,09:00,11:56,2.94,Grey Heron,Ardea cinerea,ARDEA_CINE,8,NW,visible_migration,clear,True,synthetic_fixture,False
CNT002508,TREK021,2024-03-26,09:00,11:56,2.94,Rock Pigeon,Columba livia,COLUMBA_LI,7,SE,visible_migration,,True,synthetic_fixture,False
CNT002509,TREK021,2024-05-03,05:00,06:00,1.0,Common Buzzard,Buteo buteo,BUTEO_BUTE,13,E,visible_migration,overcast,True,synthetic_fixture,False
CNT002510,TREK021,2024-05-03,05:00,06:00,1.0,Canada Goose,Branta canadensis,BRANTA_CAN,15,NE,visible_migration,,False,synthetic_fixture,False
CNT002511,TREK021,2024-05-03,06:00,09:32,3.55,Mute Swan,Cygnus olor,CYGNUS_OLO,3,NW,visible_migration,overcast,True,synthetic_fixture,False
CNT002512,TREK021,2024-05-03,06:00,09:32,3.55,Grey Heron,Ardea cinerea,ARDEA_CINE,9,S,visible_migration,,True,synthetic_fixture,False
CNT002513,TREK021,2024-05-03,06:00,09:32,3.55,Greylag Goose,Anser anser,ANSER_ANSE,10,SE,visible_migration,light rain,True,synthetic_fixture,False
CNT002514,TREK021,2024-05-03,06:00,09:32,3.55,Common Ringed Plover,Charadrius hiaticula,CHARADRIUS,13,E,visible_migration,windy,True,synthetic_fixture,False
CNT002515,TREK021,2024-05-03,06:00,09:32,3.55,Black-headed Gull,Chroicocephalus ridibundus,CHROICOCEP,5,NW,visible_migration,light rain,True,synthetic_fixture,False
CNT002516,TREK021,2024-05-05,06:00,11:31,5.52,Mute Swan,Cygnus olor,CYGNUS_OLO,14,N,visible_migration,windy,True,synthetic_fixture,False
CNT002517,TREK021,2024-05-05,06:00,11:31,5.52,Common Buzzard,Buteo buteo,BUTEO_BUTE,8,SE,visible_migration,light rain,True,synthetic_fixture,False
CNT002518,TREK021,2024-05-12,07:00,11:10,4.17,Grey Heron,Ardea cinerea,ARDEA_CINE,8,NW,visible_migration,,True,synthetic_fixture,False
CNT002519,TREK021,2024-05-12,07:00,11:10,4.17,Black-headed Gull,Chroicocephalus ridibundus,CHROICOCEP,4,SW,visible_migration,,True,synthetic_fixture,False
CNT002520,TREK021,2024-05-12,07:00,11:10,4.17,Common Raven,Corvus corax,CORVUS_COR,6,SE,visible_migration,clear,True,synthetic_fixture,False
CNT002521,TREK021,2024-05-12,07:00,11:10,4.17,Herring Gull,Larus argentatus,LARUS_ARGE,5,SE,visible_migration,light rain,True,synthetic_fixture,False
CNT002522,TREK021,2024-06-03,06:00,08:29,2.49,Common Kestrel,Falco tinnunculus,FALCO_TINN,4,S,visible_migration,,True,synthetic_fixture,False
CNT002523,TREK021,2024-06-03,06:00,08:29,2.49,Great Cormorant,Phalacrocorax carbo,PHALACROCO,1,NW,visible_migration,,True,synthetic_fixture,False
CNT002524,TREK021,2024-06-14,09:00,13:55,4.93,Grey Heron,Ardea cinerea,ARDEA_CINE,1,SE,visible_migration,windy,True,synthetic_fixture,False
CNT002525,TREK021,2024-06-14,09:00,13:55,4.93,Common Ringed Plover,Charadrius hiaticula,CHARADRIUS,1,NW,visible_migration,windy,True,synthetic_fixture,False
CNT002526,TREK021,2024-07-20,07:00,10:28,3.48,Common Starling,Sturnus vulgaris,STURNUS_VU,1,N,visible_migration,,False,synthetic_fixture,False
CNT002527,TREK021,2024-07-20,07:00,10:28,3.48,Great Cormorant,Phalacrocorax carbo,PHALACROCO,3,N,visible_migration,overcast,True,synthetic_fixture,False
CNT002528,TREK021,2024-07-20,07:00,10:28,3.48,Black-headed Gull,Chroicocephalus ridibundus,CHROICOCEP,9,SE,visible_migration,windy,True,synthetic_fixture,False
CNT002529,TREK021,2024-08-23,06:00,09:36,3.61,Common Buzzard,Buteo buteo,BUTEO_BUTE,5,SW,visible_migration,light rain,False,synthetic_fixture,False
CNT002530,TREK021,2024-08-23,06:00,09:36,3.61,Greylag Goose,Anser anser,ANSER_ANSE,7,NW,visible_migration,clear,True,synthetic_fixture,False
CNT002531,TREK021,2024-09-07,08:00,12:54,4.9,Great Blue Heron,Ardea herodias,ARDEA_HERO,6,N,visible_migration,windy,True,synthetic_fixture,False
CNT002532,TREK021,2024-09-07,08:00,12:54,4.9,Rock Pigeon,Columba livia,COLUMBA_LI,5,W,visible_migration,overcast,True,synthetic_fixture,False
CNT002533,TREK021,2024-09-07,08:00,12:54,4.9,Herring Gull,Larus argentatus,LARUS_ARGE,7,E,visible_migration,,True,synthetic_fixture,False
CNT002534,TREK021,2024-09-07,08:00,12:54,4.9,Common Starling,Sturnus vulgaris,STURNUS_VU,11,W,visible_migration,,True,synthetic_fixture,False
CNT002535,TREK021,2024-11-20,06:00,10:12,4.21,Great Black-backed Gull,Larus marinus,LARUS_MARI,2,NE,visible_migration,light rain,True,synthetic_fixture,False
CNT002536,TREK021,2024-11-20,06:00,10:12,4.21,Mute Swan,Cygnus olor,CYGNUS_OLO,3,SW,visible_migration,overcast,True,synthetic_fixture,False
CNT002537,TREK021,2024-12-08,08:00,13:09,5.16,Common Raven,Corvus corax,CORVUS_COR,3,NW,visible_migration,,True,synthetic_fixture,False
CNT002538,TREK021,2024-12-08,08:00,13:09,5.16,Great Blue Heron,Ardea herodias,ARDEA_HERO,5,SE,visible_migration,light rain,True,synthetic_fixture,False
CNT002539,TREK021,2024-12-09,05:00,07:57,2.95,Grey Heron,Ardea cinerea,ARDEA_CINE,4,N,visible_migration,overcast,False,synthetic_fixture,False
CNT002540,TREK022,2023-01-02,06:00,10:40,4.67,Greylag Goose,Anser anser,ANSER_ANSE,3,N,other,windy,True,synthetic_fixture,False
CNT002541,TREK022,2023-01-02,06:00,10:40,4.67,Common Buzzard,Buteo buteo,BUTEO_BUTE,4,S,other,light rain,False,synthetic_fixture,False
CNT002542,TREK022,2023-01-02,06:00,10:40,4.67,Great Cormorant,Phalacrocorax carbo,PHALACROCO,1,NW,other,clear,True,synthetic_fixture,False
CNT002543,TREK022,2023-02-23,05:00,09:29,4.49,Black-headed Gull,Chroicocephalus ridibundus,CHROICOCEP,4,NE,other,clear,True,synthetic_fixture,False
CNT002544,TREK022,2023-02-23,05:00,09:29,4.49,American Robin,Turdus migratorius,TURDUS_MIG,4,NW,other,,True,synthetic_fixture,False
CNT002545,TREK022,2023-03-02,07:00,09:26,2.44,Common Raven,Corvus corax,CORVUS_COR,5,SW,other,clear,True,synthetic_fixture,False
CNT002546,TREK022,2023-03-02,07:00,09:26,2.44,Barn Swallow,Hirundo rustica,HIRUNDO_RU,7,SW,other,light rain,True,synthetic_fixture,False
CNT002547,TREK022,2023-03-02,07:00,09:26,2.44,Common Ringed Plover,Charadrius hiaticula,CHARADRIUS,6,SW,other,overcast,True,synthetic_fixture,False
CNT002548,TREK022,2023-04-08,07:00,09:57,2.95,Common Kestrel,Falco tinnunculus,FALCO_TINN,10,SW,other,clear,True,synthetic_fixture,False
CNT002549,TREK022,2023-04-08,07:00,09:57,2.95,Great Cormorant,Phalacrocorax carbo,PHALACROCO,10,E,other,overcast,True,synthetic_fixture,False
CNT002550,TREK022,2023-04-29,08:00,12:14,4.24,Rock Pigeon,Columba livia,COLUMBA_LI,10,SW,other,windy,True,synthetic_fixture,False
CNT002551,TREK022,2023-06-03,06:00,09:01,3.03,Black-headed Gull,Chroicocephalus ridibundus,CHROICOCEP,3,N,other,light rain,True,synthetic_fixture,False
CNT002552,TREK022,2023-06-03,06:00,09:01,3.03,American Robin,Turdus migratorius,TURDUS_MIG,4,SE,other,clear,True,synthetic_fixture,False
CNT002553,TREK022,2023-06-03,06:00,09:01,3.03,Grey Heron,Ardea cinerea,ARDEA_CINE,5,W,other,overcast,True,synthetic_fixture,False
CNT002554,TREK022,2023-06-03,06:00,09:01,3.03,Great Black-backed Gull,Larus marinus,LARUS_MARI,5,W,other,light rain,False,synthetic_fixture,False
CNT002555,TREK022,2023-06-03,06:00,09:01,3.03,Mallard,Anas platyrhynchos,ANAS_PLATY,2,W,other,,True,synthetic_fixture,False
CNT002556,TREK022,2023-06-23,09:00,10:52,1.87,Grey Heron,Ardea cinerea,ARDEA_CINE,0,N,other,,True,synthetic_fixture,False
CNT002557,TREK022,2023-06-23,09:00,10:52,1.87,Black-headed Gull,Chroicocephalus ridibundus,CHROICOCEP,6,W,other,,True,synthetic_fixture,False
CNT002558,TREK022,2023-06-23,09:00,10:52,1.87,Rock Pigeon,Columba livia,COLUMBA_LI,5,NW,other,windy,True,synthetic_fixture,False
CNT002559,TREK022,2023-06-23,09:00,10:52,1.87,Barn Swallow,Hirundo rustica,HIRUNDO_RU,6,N,other,light rain,True,synthetic_fixture,False
CNT002560,TREK022,2023-06-28,09:00,10:19,1.32,Bald Eagle,Haliaeetus leucocephalus,HALIAEETUS,2,S,other,windy,True,synthetic_fixture,False
CNT002561,TREK022,2023-06-28,09:00,10:19,1.32,Common Kestrel,Falco tinnunculus,FALCO_TINN,5,W,other,clear,True,synthetic_fixture,False
CNT002562,TREK022,2023-07-11,06:00,09:04,3.08,Eurasian Sparrowhawk,Accipiter nisus,ACCIPITER_,1,N,other,clear,True,synthetic_fixture,False
CNT002563,TREK022,2023-07-11,06:00,09:04,3.08,Common Raven,Corvus corax,CORVUS_COR,1,SE,other,windy,True,synthetic_fixture,False
CNT002564,TREK022,2023-07-11,06:00,09:04,3.08,Grey Heron,Ardea cinerea,ARDEA_CINE,1,E,other,windy,True,synthetic_fixture,False
CNT002565,TREK022,2023-08-12,05:00,08:21,3.35,Great Black-backed Gull,Larus marinus,LARUS_MARI,3,E,other,,True,synthetic_fixture,False
CNT002566,TREK022,2023-08-12,05:00,08:21,3.35,Common Ringed Plover,Charadrius hiaticula,CHARADRIUS,5,W,other,,True,synthetic_fixture,False
CNT002567,TREK022,2023-08-31,07:00,10:23,3.39,Bald Eagle,Haliaeetus leucocephalus,HALIAEETUS,6,NE,other,clear,True,synthetic_fixture,False
CNT002568,TREK022,2023-08-31,07:00,10:23,3.39,Herring Gull,Larus argentatus,LARUS_ARGE,7,SE,other,windy,True,synthetic_fixture,False
CNT002569,TREK022,2023-08-31,07:00,10:23,3.39,Mallard,Anas platyrhynchos,ANAS_PLATY,4,SW,other,,True,synthetic_fixture,False
CNT002570,TREK022,2023-08-31,07:00,10:23,3.39,Black-headed Gull,Chroicocephalus ridibundus,CHROICOCEP,5,NE,other,clear,True,synthetic_fixture,False
CNT002571,TREK022,2023-08-31,07:00,10:23,3.39,Great Black-backed Gull,Larus marinus,LARUS_MARI,11,SW,other,light rain,True,synthetic_fixture,False
CNT002572,TREK022,2023-09-11,05:00,06:32,1.54,Great Black-backed Gull,Larus marinus,LARUS_MARI,10,SE,other,clear,True,synthetic_fixture,False
CNT002573,TREK022,2023-09-17,07:00,12:20,5.35,Black-headed Gull,Chroicocephalus ridibundus,CHROICOCEP,15,SW,other,clear,True,synthetic_fixture,False
CNT002574,TREK022,2023-09-17,07:00,12:20,5.35,Common Ringed Plover,Charadrius hiaticula,CHARADRIUS,9,NW,other,,True,synthetic_fixture,False
CNT002575,TREK022,2023-09-17,07:00,12:20,5.35,Barn Swallow,Hirundo rustica,HIRUNDO_RU,7,W,other,clear,True,synthetic_fixture,False
CNT002576,TREK022,2023-09-17,07:00,12:20,5.35,Rock Pigeon,Columba livia,COLUMBA_LI,12,N,other,windy,True,synthetic_fixture,False
CNT002577,TREK022,2023-09-29,08:00,10:44,2.74,Barn Swallow,Hirundo rustica,HIRUNDO_RU,19,N,other,light rain,True,synthetic_fixture,False
CNT002578,TREK022,2023-09-29,08:00,10:44,2.74,Common Raven,Corvus corax,CORVUS_COR,11,E,other,overcast,True,synthetic_fixture,False
CNT002579,TREK022,2023-10-04,09:00,12:34,3.58,Canada Goose,Branta canadensis,BRANTA_CAN,12,E,other,windy,True,synthetic_fixture,False
CNT002580,TREK022,2023-10-04,09:00,12:34,3.58,Common Starling,Sturnus vulgaris,STURNUS_VU,9,NE,other,clear,True,synthetic_fixture,False
CNT002581,TREK022,2023-10-04,09:00,12:34,3.58,Common Buzzard,Buteo buteo,BUTEO_BUTE,12,NW,other,clear,True,synthetic_fixture,False
CNT002582,TREK022,2023-10-04,09:00,12:34,3.58,Common Ringed Plover,Charadrius hiaticula,CHARADRIUS,10,SW,other,light rain,True,synthetic_fixture,False
CNT002583,TREK022,2023-10-04,09:00,12:34,3.58,Grey Heron,Ardea cinerea,ARDEA_CINE,9,W,other,overcast,True,synthetic_fixture,False
CNT002584,TREK022,2023-10-16,09:00,13:07,4.12,Grey Heron,Ardea cinerea,ARDEA_CINE,8,NE,other,windy,True,synthetic_fixture,False
CNT002585,TREK022,2023-10-16,09:00,13:07,4.12,Barn Swallow,Hirundo rustica,HIRUNDO_RU,13,NW,other,clear,True,synthetic_fixture,False
CNT002586,TREK022,2023-10-16,09:00,13:07,4.12,Common Ringed Plover,Charadrius hiaticula,CHARADRIUS,10,NE,other,light rain,True,synthetic_fixture,False
CNT002587,TREK022,2023-10-19,09:00,10:46,1.78,Grey Heron,Ardea cinerea,ARDEA_CINE,6,W,other,overcast,True,synthetic_fixture,False
CNT002588,TREK022,2023-10-19,09:00,10:46,1.78,Mallard,Anas platyrhynchos,ANAS_PLATY,10,SW,other,overcast,False,synthetic_fixture,False
CNT002589,TREK022,2023-10-19,09:00,10:46,1.78,Barn Swallow,Hirundo rustica,HIRUNDO_RU,15,S,other,,True,synthetic_fixture,False
CNT002590,TREK022,2023-10-31,05:00,06:00,1.0,Barn Swallow,Hirundo rustica,HIRUNDO_RU,11,NW,other,light rain,True,synthetic_fixture,False
CNT002591,TREK022,2023-11-18,09:00,12:06,3.11,Great Cormorant,Phalacrocorax carbo,PHALACROCO,3,SE,other,overcast,True,synthetic_fixture,False
CNT002592,TREK022,2023-12-07,06:00,08:52,2.88,Rock Pigeon,Columba livia,COLUMBA_LI,1,SE,other,light rain,True,synthetic_fixture,False
CNT002593,TREK022,2023-12-07,06:00,08:52,2.88,Eurasian Sparrowhawk,Accipiter nisus,ACCIPITER_,2,NW,other,windy,True,synthetic_fixture,False
CNT002594,TREK022,2023-12-07,06:00,08:52,2.88,Common Kestrel,Falco tinnunculus,FALCO_TINN,1,W,other,clear,False,synthetic_fixture,False
CNT002595,TREK022,2023-12-07,06:00,08:52,2.88,American Robin,Turdus migratorius,TURDUS_MIG,2,S,other,clear,True,synthetic_fixture,False
CNT002596,TREK022,2023-12-07,06:00,08:52,2.88,Greylag Goose,Anser anser,ANSER_ANSE,2,N,other,clear,True,synthetic_fixture,False
CNT002597,TREK022,2023-12-28,07:00,11:16,4.28,Canada Goose,Branta canadensis,BRANTA_CAN,3,NE,other,,True,synthetic_fixture,False
CNT002598,TREK022,2023-12-28,07:00,11:16,4.28,Rock Pigeon,Columba livia,COLUMBA_LI,5,NE,other,light rain,True,synthetic_fixture,False
CNT002599,TREK022,2024-01-04,08:00,12:49,4.82,Herring Gull,Larus argentatus,LARUS_ARGE,6,W,other,clear,True,synthetic_fixture,False
CNT002600,TREK022,2024-01-04,08:00,12:49,4.82,American Robin,Turdus migratorius,TURDUS_MIG,3,NE,other,,True,synthetic_fixture,False
CNT002601,TREK022,2024-01-04,08:00,12:49,4.82,Barn Swallow,Hirundo rustica,HIRUNDO_RU,2,N,other,windy,True,synthetic_fixture,False
CNT002602,TREK022,2024-01-04,08:00,12:49,4.82,Common Buzzard,Buteo buteo,BUTEO_BUTE,3,NW,other,,True,synthetic_fixture,False
CNT002603,TREK022,2024-02-04,07:00,08:10,1.17,Rock Pigeon,Columba livia,COLUMBA_LI,0,NE,other,light rain,True,synthetic_fixture,False
CNT002604,TREK022,2024-02-04,07:00,08:10,1.17,Common Ringed Plover,Charadrius hiaticula,CHARADRIUS,3,SW,other,clear,True,synthetic_fixture,False
CNT002605,TREK022,2024-02-23,08:00,12:06,4.11,Common Kestrel,Falco tinnunculus,FALCO_TINN,5,SE,other,windy,True,synthetic_fixture,False
CNT002606,TREK022,2024-02-23,08:00,12:06,4.11,Canada Goose,Branta canadensis,BRANTA_CAN,4,S,other,clear,True,synthetic_fixture,False
CNT002607,TREK022,2024-02-23,08:00,12:06,4.11,Great Blue Heron,Ardea herodias,ARDEA_HERO,4,SW,other,overcast,True,synthetic_fixture,False
CNT002608,TREK022,2024-02-23,08:00,12:06,4.11,Common Buzzard,Buteo buteo,BUTEO_BUTE,1,NE,other,windy,True,synthetic_fixture,False
CNT002609,TREK022,2024-02-23,08:00,12:06,4.11,Greylag Goose,Anser anser,ANSER_ANSE,7,SE,other,,True,synthetic_fixture,False
CNT002610,TREK022,2024-04-04,05:00,08:53,3.9,Common Raven,Corvus corax,CORVUS_COR,10,SW,other,overcast,True,synthetic_fixture,False
CNT002611,TREK022,2024-04-04,05:00,08:53,3.9,Common Buzzard,Buteo buteo,BUTEO_BUTE,10,SE,other,windy,True,synthetic_fixture,False
CNT002612,TREK022,2024-04-04,05:00,08:53,3.9,Bald Eagle,Haliaeetus leucocephalus,HALIAEETUS,8,W,other,windy,True,synthetic_fixture,False
CNT002613,TREK022,2024-06-11,06:00,10:05,4.09,Herring Gull,Larus argentatus,LARUS_ARGE,1,E,other,,True,synthetic_fixture,False
CNT002614,TREK022,2024-06-11,06:00,10:05,4.09,Rock Pigeon,Columba livia,COLUMBA_LI,6,NW,other,clear,True,synthetic_fixture,False
CNT002615,TREK022,2024-06-23,07:00,09:18,2.31,Common Starling,Sturnus vulgaris,STURNUS_VU,4,N,other,clear,True,synthetic_fixture,False
CNT002616,TREK022,2024-06-23,07:00,09:18,2.31,Black-headed Gull,Chroicocephalus ridibundus,CHROICOCEP,3,E,other,windy,True,synthetic_fixture,False
CNT002617,TREK022,2024-06-23,07:00,09:18,2.31,Herring Gull,Larus argentatus,LARUS_ARGE,1,N,other,windy,True,synthetic_fixture,False
CNT002618,TREK022,2024-06-23,07:00,09:18,2.31,Great Black-backed Gull,Larus marinus,LARUS_MARI,5,E,other,clear,True,synthetic_fixture,False
CNT002619,TREK022,2024-06-23,07:00,09:18,2.31,Greylag Goose,Anser anser,ANSER_ANSE,4,W,other,overcast,True,synthetic_fixture,False
CNT002620,TREK022,2024-06-24,05:00,07:22,2.37,Canada Goose,Branta canadensis,BRANTA_CAN,2,NE,other,light rain,False,synthetic_fixture,False
CNT002621,TREK022,2024-06-24,05:00,07:22,2.37,Common Kestrel,Falco tinnunculus,FALCO_TINN,2,N,other,overcast,True,synthetic_fixture,False
CNT002622,TREK022,2024-06-24,05:00,07:22,2.37,Bald Eagle,Haliaeetus leucocephalus,HALIAEETUS,0,SE,other,overcast,True,synthetic_fixture,False
CNT002623,TREK022,2024-07-09,06:00,09:58,3.98,Common Ringed Plover,Charadrius hiaticula,CHARADRIUS,1,E,other,,False,synthetic_fixture,False
CNT002624,TREK022,2024-07-09,06:00,09:58,3.98,Bald Eagle,Haliaeetus leucocephalus,HALIAEETUS,1,NE,other,overcast,True,synthetic_fixture,False
CNT002625,TREK022,2024-07-09,06:00,09:58,3.98,Grey Heron,Ardea cinerea,ARDEA_CINE,3,E,other,windy,False,synthetic_fixture,False
CNT002626,TREK022,2024-07-17,06:00,09:35,3.59,Herring Gull,Larus argentatus,LARUS_ARGE,1,W,other,windy,True,synthetic_fixture,False
CNT002627,TREK022,2024-07-17,06:00,09:35,3.59,Common Buzzard,Buteo buteo,BUTEO_BUTE,1,NW,other,overcast,True,synthetic_fixture,False
CNT002628,TREK022,2024-07-17,06:00,09:35,3.59,Black-headed Gull,Chroicocephalus ridibundus,CHROICOCEP,0,E,other,clear,True,synthetic_fixture,False
CNT002629,TREK022,2024-07-23,08:00,11:42,3.71,Great Blue Heron,Ardea herodias,ARDEA_HERO,2,NE,other,windy,True,synthetic_fixture,False
CNT002630,TREK022,2024-07-23,08:00,11:42,3.71,American Crow,Corvus brachyrhynchos,CORVUS_BRA,1,N,other,clear,True,synthetic_fixture,False
CNT002631,TREK022,2024-07-23,08:00,11:42,3.71,Grey Heron,Ardea cinerea,ARDEA_CINE,1,SW,other,light rain,True,synthetic_fixture,False
CNT002632,TREK022,2024-07-23,08:00,11:42,3.71,Great Black-backed Gull,Larus marinus,LARUS_MARI,3,NW,other,windy,True,synthetic_fixture,False
CNT002633,TREK022,2024-09-07,08:00,13:27,5.45,Black-headed Gull,Chroicocephalus ridibundus,CHROICOCEP,3,E,other,,True,synthetic_fixture,False
CNT002634,TREK022,2024-09-07,08:00,13:27,5.45,Eurasian Sparrowhawk,Accipiter nisus,ACCIPITER_,7,SE,other,light rain,True,synthetic_fixture,False
CNT002635,TREK022,2024-09-07,08:00,13:27,5.45,Mallard,Anas platyrhynchos,ANAS_PLATY,15,SE,other,clear,True,synthetic_fixture,False
CNT002636,TREK022,2024-09-08,09:00,10:34,1.58,Barn Swallow,Hirundo rustica,HIRUNDO_RU,13,SW,other,overcast,True,synthetic_fixture,False
CNT002637,TREK022,2024-09-08,09:00,10:34,1.58,Mallard,Anas platyrhynchos,ANAS_PLATY,13,SE,other,overcast,True,synthetic_fixture,False
CNT002638,TREK022,2024-09-10,07:00,10:11,3.19,Barn Swallow,Hirundo rustica,HIRUNDO_RU,6,SE,other,overcast,True,synthetic_fixture,False
CNT002639,TREK022,2024-09-10,07:00,10:11,3.19,Great Black-backed Gull,Larus marinus,LARUS_MARI,9,S,other,light rain,True,synthetic_fixture,False
CNT002640,TREK022,2024-09-12,08:00,13:12,5.21,American Robin,Turdus migratorius,TURDUS_MIG,12,N,other,overcast,True,synthetic_fixture,False
CNT002641,TREK022,2024-09-12,08:00,13:12,5.21,Black-headed Gull,Chroicocephalus ridibundus,CHROICOCEP,13,W,other,windy,True,synthetic_fixture,False
CNT002642,TREK022,2024-09-12,08:00,13:12,5.21,Common Kestrel,Falco tinnunculus,FALCO_TINN,11,W,other,clear,True,synthetic_fixture,False
CNT002643,TREK022,2024-09-29,05:00,06:31,1.53,Herring Gull,Larus argentatus,LARUS_ARGE,13,N,other,overcast,True,synthetic_fixture,False
CNT002644,TREK022,2024-09-29,05:00,06:31,1.53,Rock Pigeon,Columba livia,COLUMBA_LI,21,N,other,windy,True,synthetic_fixture,False
CNT002645,TREK022,2024-09-29,05:00,06:31,1.53,Eurasian Sparrowhawk,Accipiter nisus,ACCIPITER_,13,E,other,,True,synthetic_fixture,False
CNT002646,TREK022,2024-11-07,06:00,09:28,3.48,Grey Heron,Ardea cinerea,ARDEA_CINE,8,N,other,,True,synthetic_fixture,False
CNT002647,TREK022,2024-11-07,06:00,09:28,3.48,American Robin,Turdus migratorius,TURDUS_MIG,4,E,other,windy,True,synthetic_fixture,False
CNT002648,TREK022,2024-11-07,06:00,09:28,3.48,Mallard,Anas platyrhynchos,ANAS_PLATY,10,S,other,,True,synthetic_fixture,False
CNT002649,TREK022,2024-11-18,07:00,11:54,4.91,Bald Eagle,Haliaeetus leucocephalus,HALIAEETUS,3,SE,other,light rain,True,synthetic_fixture,False
CNT002650,TREK022,2024-11-18,07:00,11:54,4.91,Black-headed Gull,Chroicocephalus ridibundus,CHROICOCEP,5,E,other,,True,synthetic_fixture,False
CNT002651,TREK022,2024-11-30,09:00,13:14,4.24,Common Ringed Plover,Charadrius hiaticula,CHARADRIUS,3,W,other,,True,synthetic_fixture,False
CNT002652,TREK022,2024-12-19,08:00,10:45,2.75,Barn Swallow,Hirundo rustica,HIRUNDO_RU,4,E,other,windy,True,synthetic_fixture,False
CNT002653,TREK022,2024-12-19,08:00,10:45,2.75,Mallard,Anas platyrhynchos,ANAS_PLATY,2,W,other,clear,True,synthetic_fixture,False
CNT002654,TREK022,2024-12-19,08:00,10:45,2.75,Common Buzzard,Buteo buteo,BUTEO_BUTE,2,W,other,overcast,True,synthetic_fixture,False
CNT002655,TREK022,2024-12-29,08:00,13:53,5.89,Mute Swan,Cygnus olor,CYGNUS_OLO,3,N,other,,True,synthetic_fixture,False
CNT002656,TREK022,2024-12-29,08:00,13:53,5.89,Greylag Goose,Anser anser,ANSER_ANSE,1,S,other,light rain,True,synthetic_fixture,False
CNT002657,TREK022,2024-12-29,08:00,13:53,5.89,Barn Swallow,Hirundo rustica,HIRUNDO_RU,0,N,other,windy,True,synthetic_fixture,False
CNT002658,TREK022,2024-12-29,08:00,13:53,5.89,Common Ringed Plover,Charadrius hiaticula,CHARADRIUS,4,S,other,clear,True,synthetic_fixture,False
CNT002659,TREK022,2024-12-29,08:00,13:53,5.89,Bald Eagle,Haliaeetus leucocephalus,HALIAEETUS,3,W,other,clear,True,synthetic_fixture,False
CNT002660,TREK023,2023-02-01,09:00,12:00,3.0,Barn Swallow,Hirundo rustica,HIRUNDO_RU,4,E,visible_migration,overcast,True,synthetic_fixture,False
CNT002661,TREK023,2023-02-01,09:00,12:00,3.0,Great Cormorant,Phalacrocorax carbo,PHALACROCO,1,NW,visible_migration,clear,True,synthetic_fixture,False
CNT002662,TREK023,2023-02-01,09:00,12:00,3.0,Bald Eagle,Haliaeetus leucocephalus,HALIAEETUS,1,W,visible_migration,windy,True,synthetic_fixture,False
CNT002663,TREK023,2023-02-01,09:00,12:00,3.0,Mallard,Anas platyrhynchos,ANAS_PLATY,3,NE,visible_migration,clear,True,synthetic_fixture,False
CNT002664,TREK023,2023-02-09,09:00,14:09,5.15,Great Black-backed Gull,Larus marinus,LARUS_MARI,1,NE,visible_migration,overcast,False,synthetic_fixture,False
CNT002665,TREK023,2023-02-09,09:00,14:09,5.15,Herring Gull,Larus argentatus,LARUS_ARGE,2,NW,visible_migration,overcast,True,synthetic_fixture,False
CNT002666,TREK023,2023-02-09,09:00,14:09,5.15,Greylag Goose,Anser anser,ANSER_ANSE,7,W,visible_migration,overcast,True,synthetic_fixture,False
CNT002667,TREK023,2023-02-09,09:00,14:09,5.15,Grey Heron,Ardea cinerea,ARDEA_CINE,2,S,visible_migration,windy,True,synthetic_fixture,False
CNT002668,TREK023,2023-02-09,09:00,14:09,5.15,Canada Goose,Branta canadensis,BRANTA_CAN,2,NW,visible_migration,,True,synthetic_fixture,False
CNT002669,TREK023,2023-02-19,06:00,10:54,4.9,Great Black-backed Gull,Larus marinus,LARUS_MARI,4,SE,visible_migration,overcast,True,synthetic_fixture,False
CNT002670,TREK023,2023-02-19,06:00,10:54,4.9,Common Raven,Corvus corax,CORVUS_COR,2,SE,visible_migration,clear,True,synthetic_fixture,False
CNT002671,TREK023,2023-02-19,06:00,10:54,4.9,Herring Gull,Larus argentatus,LARUS_ARGE,7,SW,visible_migration,clear,True,synthetic_fixture,False
CNT002672,TREK023,2023-02-19,06:00,10:54,4.9,Common Ringed Plover,Charadrius hiaticula,CHARADRIUS,4,S,visible_migration,overcast,True,synthetic_fixture,False
CNT002673,TREK023,2023-02-19,06:00,10:54,4.9,Greylag Goose,Anser anser,ANSER_ANSE,4,W,visible_migration,clear,True,synthetic_fixture,False
CNT002674,TREK023,2023-04-15,05:00,08:23,3.4,Rock Pigeon,Columba livia,COLUMBA_LI,11,NW,visible_migration,light rain,True,synthetic_fixture,False
CNT002675,TREK023,2023-04-15,05:00,08:23,3.4,Bald Eagle,Haliaeetus leucocephalus,HALIAEETUS,12,NE,visible_migration,windy,True,synthetic_fixture,False
CNT002676,TREK023,2023-04-15,05:00,08:23,3.4,Greylag Goose,Anser anser,ANSER_ANSE,12,E,visible_migration,windy,True,synthetic_fixture,False
CNT002677,TREK023,2023-05-19,06:00,07:01,1.02,Bald Eagle,Haliaeetus leucocephalus,HALIAEETUS,5,SE,visible_migration,clear,True,synthetic_fixture,False
CNT002678,TREK023,2023-05-19,06:00,07:01,1.02,Eurasian Sparrowhawk,Accipiter nisus,ACCIPITER_,9,NW,visible_migration,overcast,True,synthetic_fixture,False
CNT002679,TREK023,2023-05-19,06:00,07:01,1.02,Common Raven,Corvus corax,CORVUS_COR,8,NE,visible_migration,light rain,True,synthetic_fixture,False
CNT002680,TREK023,2023-05-19,06:00,07:01,1.02,American Crow,Corvus brachyrhynchos,CORVUS_BRA,4,E,visible_migration,windy,True,synthetic_fixture,False
CNT002681,TREK023,2023-05-19,06:00,07:01,1.02,Canada Goose,Branta canadensis,BRANTA_CAN,9,SW,visible_migration,clear,True,synthetic_fixture,False
CNT002682,TREK023,2023-05-21,05:00,09:34,4.57,Common Raven,Corvus corax,CORVUS_COR,4,NW,visible_migration,clear,True,synthetic_fixture,False
CNT002683,TREK023,2023-05-21,05:00,09:34,4.57,Rock Pigeon,Columba livia,COLUMBA_LI,5,NE,visible_migration,light rain,True,synthetic_fixture,False
CNT002684,TREK023,2023-05-21,05:00,09:34,4.57,Eurasian Sparrowhawk,Accipiter nisus,ACCIPITER_,7,NE,visible_migration,windy,False,synthetic_fixture,False
CNT002685,TREK023,2023-06-11,06:00,07:26,1.45,Common Buzzard,Buteo buteo,BUTEO_BUTE,10,NW,visible_migration,windy,True,synthetic_fixture,False
CNT002686,TREK023,2023-06-11,06:00,07:26,1.45,Great Black-backed Gull,Larus marinus,LARUS_MARI,3,NW,visible_migration,overcast,True,synthetic_fixture,False
CNT002687,TREK023,2023-06-12,08:00,13:15,5.25,Bald Eagle,Haliaeetus leucocephalus,HALIAEETUS,4,SE,visible_migration,light rain,True,synthetic_fixture,False
CNT002688,TREK023,2023-06-18,08:00,09:36,1.61,Bald Eagle,Haliaeetus leucocephalus,HALIAEETUS,3,SW,visible_migration,light rain,True,synthetic_fixture,False
CNT002689,TREK023,2023-06-18,08:00,09:36,1.61,Rock Pigeon,Columba livia,COLUMBA_LI,3,N,visible_migration,light rain,True,synthetic_fixture,False
CNT002690,TREK023,2023-06-18,08:00,09:36,1.61,Great Cormorant,Phalacrocorax carbo,PHALACROCO,5,S,visible_migration,clear,True,synthetic_fixture,False
CNT002691,TREK023,2023-06-18,08:00,09:36,1.61,American Robin,Turdus migratorius,TURDUS_MIG,2,SE,visible_migration,light rain,True,synthetic_fixture,False
CNT002692,TREK023,2023-07-17,09:00,13:31,4.53,Common Buzzard,Buteo buteo,BUTEO_BUTE,2,NW,visible_migration,overcast,True,synthetic_fixture,False
CNT002693,TREK023,2023-08-08,06:00,11:14,5.24,Mallard,Anas platyrhynchos,ANAS_PLATY,3,NE,visible_migration,windy,True,synthetic_fixture,False
CNT002694,TREK023,2023-08-08,06:00,11:14,5.24,Common Ringed Plover,Charadrius hiaticula,CHARADRIUS,2,E,visible_migration,clear,True,synthetic_fixture,False
CNT002695,TREK023,2023-08-08,06:00,11:14,5.24,Common Raven,Corvus corax,CORVUS_COR,1,NW,visible_migration,,True,synthetic_fixture,False
CNT002696,TREK023,2023-08-08,06:00,11:14,5.24,Mute Swan,Cygnus olor,CYGNUS_OLO,2,SW,visible_migration,windy,True,synthetic_fixture,False
CNT002697,TREK023,2023-08-08,06:00,11:14,5.24,Rock Pigeon,Columba livia,COLUMBA_LI,2,S,visible_migration,windy,True,synthetic_fixture,False
CNT002698,TREK023,2023-09-01,06:00,08:30,2.5,Black-headed Gull,Chroicocephalus ridibundus,CHROICOCEP,17,N,visible_migration,windy,True,synthetic_fixture,False
CNT002699,TREK023,2023-09-09,05:00,10:35,5.6,Great Cormorant,Phalacrocorax carbo,PHALACROCO,6,N,visible_migration,windy,True,synthetic_fixture,False
CNT002700,TREK023,2023-09-09,05:00,10:35,5.6,Common Starling,Sturnus vulgaris,STURNUS_VU,14,N,visible_migration,,True,synthetic_fixture,False
CNT002701,TREK023,2023-11-15,09:00,14:09,5.15,Great Cormorant,Phalacrocorax carbo,PHALACROCO,1,SE,visible_migration,clear,False,synthetic_fixture,False
CNT002702,TREK023,2023-11-15,09:00,14:09,5.15,Mute Swan,Cygnus olor,CYGNUS_OLO,6,S,visible_migration,light rain,True,synthetic_fixture,False
CNT002703,TREK023,2023-11-15,09:00,14:09,5.15,Common Ringed Plover,Charadrius hiaticula,CHARADRIUS,6,SW,visible_migration,clear,True,synthetic_fixture,False
CNT002704,TREK023,2023-11-15,09:00,14:09,5.15,Common Raven,Corvus corax,CORVUS_COR,4,E,visible_migration,,True,synthetic_fixture,False
CNT002705,TREK023,2023-12-19,08:00,11:17,3.29,Grey Heron,Ardea cinerea,ARDEA_CINE,3,S,visible_migration,,True,synthetic_fixture,False
CNT002706,TREK023,2023-12-19,08:00,11:17,3.29,Canada Goose,Branta canadensis,BRANTA_CAN,3,NE,visible_migration,,True,synthetic_fixture,False
CNT002707,TREK023,2023-12-19,08:00,11:17,3.29,American Robin,Turdus migratorius,TURDUS_MIG,8,SE,visible_migration,,True,synthetic_fixture,False
CNT002708,TREK023,2023-12-19,08:00,11:17,3.29,Common Raven,Corvus corax,CORVUS_COR,5,SW,visible_migration,light rain,True,synthetic_fixture,False
CNT002709,TREK023,2023-12-19,08:00,11:17,3.29,Black-headed Gull,Chroicocephalus ridibundus,CHROICOCEP,6,SE,visible_migration,light rain,True,synthetic_fixture,False
CNT002710,TREK023,2024-01-07,05:00,09:40,4.68,Great Black-backed Gull,Larus marinus,LARUS_MARI,4,SE,visible_migration,light rain,True,synthetic_fixture,False
CNT002711,TREK023,2024-01-07,05:00,09:40,4.68,Common Starling,Sturnus vulgaris,STURNUS_VU,1,E,visible_migration,windy,True,synthetic_fixture,False
CNT002712,TREK023,2024-01-15,05:00,06:44,1.74,Barn Swallow,Hirundo rustica,HIRUNDO_RU,2,SE,visible_migration,windy,True,synthetic_fixture,False
CNT002713,TREK023,2024-01-15,05:00,06:44,1.74,Common Raven,Corvus corax,CORVUS_COR,1,W,visible_migration,light rain,True,synthetic_fixture,False
CNT002714,TREK023,2024-01-15,05:00,06:44,1.74,Mallard,Anas platyrhynchos,ANAS_PLATY,3,SW,visible_migration,,True,synthetic_fixture,False
CNT002715,TREK023,2024-01-15,05:00,06:44,1.74,Common Starling,Sturnus vulgaris,STURNUS_VU,1,E,visible_migration,overcast,True,synthetic_fixture,False
CNT002716,TREK023,2024-01-15,05:00,06:44,1.74,Greylag Goose,Anser anser,ANSER_ANSE,3,S,visible_migration,windy,True,synthetic_fixture,False
CNT002717,TREK023,2024-01-15,06:00,11:58,5.98,American Crow,Corvus brachyrhynchos,CORVUS_BRA,2,N,visible_migration,light rain,True,synthetic_fixture,False
CNT002718,TREK023,2024-01-15,06:00,11:58,5.98,Great Black-backed Gull,Larus marinus,LARUS_MARI,6,S,visible_migration,,True,synthetic_fixture,False
CNT002719,TREK023,2024-01-15,06:00,11:58,5.98,Mute Swan,Cygnus olor,CYGNUS_OLO,2,N,visible_migration,light rain,True,synthetic_fixture,False
CNT002720,TREK023,2024-01-28,08:00,11:07,3.13,Common Ringed Plover,Charadrius hiaticula,CHARADRIUS,1,NW,visible_migration,,True,synthetic_fixture,False
CNT002721,TREK023,2024-01-28,08:00,11:07,3.13,American Robin,Turdus migratorius,TURDUS_MIG,3,SE,visible_migration,light rain,True,synthetic_fixture,False
CNT002722,TREK023,2024-01-28,08:00,11:07,3.13,Mute Swan,Cygnus olor,CYGNUS_OLO,2,NE,visible_migration,clear,True,synthetic_fixture,False
CNT002723,TREK023,2024-02-03,05:00,09:03,4.06,Bald Eagle,Haliaeetus leucocephalus,HALIAEETUS,3,W,visible_migration,clear,True,synthetic_fixture,False
CNT002724,TREK023,2024-02-03,05:00,09:03,4.06,Canada Goose,Branta canadensis,BRANTA_CAN,4,SE,visible_migration,,True,synthetic_fixture,False
CNT002725,TREK023,2024-02-03,05:00,09:03,4.06,Greylag Goose,Anser anser,ANSER_ANSE,7,SW,visible_migration,light rain,True,synthetic_fixture,False
CNT002726,TREK023,2024-03-02,07:00,11:11,4.19,Barn Swallow,Hirundo rustica,HIRUNDO_RU,6,NE,visible_migration,windy,False,synthetic_fixture,False
CNT002727,TREK023,2024-03-07,09:00,12:18,3.31,Mute Swan,Cygnus olor,CYGNUS_OLO,6,SW,visible_migration,overcast,True,synthetic_fixture,False
CNT002728,TREK023,2024-03-07,09:00,12:18,3.31,Bald Eagle,Haliaeetus leucocephalus,HALIAEETUS,11,NE,visible_migration,,True,synthetic_fixture,False
CNT002729,TREK023,2024-03-07,09:00,12:18,3.31,Common Buzzard,Buteo buteo,BUTEO_BUTE,6,N,visible_migration,light rain,True,synthetic_fixture,False
CNT002730,TREK023,2024-03-11,06:00,11:09,5.15,Common Raven,Corvus corax,CORVUS_COR,11,S,visible_migration,clear,True,synthetic_fixture,False
CNT002731,TREK023,2024-03-11,06:00,11:09,5.15,Rock Pigeon,Columba livia,COLUMBA_LI,9,NW,visible_migration,light rain,True,synthetic_fixture,False
CNT002732,TREK023,2024-03-11,06:00,11:09,5.15,Great Black-backed Gull,Larus marinus,LARUS_MARI,4,NW,visible_migration,light rain,True,synthetic_fixture,False
CNT002733,TREK023,2024-03-11,06:00,11:09,5.15,American Robin,Turdus migratorius,TURDUS_MIG,7,NE,visible_migration,overcast,True,synthetic_fixture,False
CNT002734,TREK023,2024-03-11,06:00,11:09,5.15,Canada Goose,Branta canadensis,BRANTA_CAN,6,E,visible_migration,windy,True,synthetic_fixture,False
CNT002735,TREK023,2024-03-15,09:00,10:07,1.12,Common Starling,Sturnus vulgaris,STURNUS_VU,5,NW,visible_migration,overcast,True,synthetic_fixture,False
CNT002736,TREK023,2024-03-15,09:00,10:07,1.12,Common Buzzard,Buteo buteo,BUTEO_BUTE,10,W,visible_migration,clear,True,synthetic_fixture,False
CNT002737,TREK023,2024-03-15,09:00,10:07,1.12,Common Raven,Corvus corax,CORVUS_COR,11,NE,visible_migration,overcast,True,synthetic_fixture,False
CNT002738,TREK023,2024-03-15,09:00,10:07,1.12,Bald Eagle,Haliaeetus leucocephalus,HALIAEETUS,4,E,visible_migration,,True,synthetic_fixture,False
CNT002739,TREK023,2024-03-15,09:00,10:07,1.12,Eurasian Sparrowhawk,Accipiter nisus,ACCIPITER_,6,E,visible_migration,light rain,True,synthetic_fixture,False
CNT002740,TREK023,2024-03-27,06:00,11:57,5.96,Common Raven,Corvus corax,CORVUS_COR,8,E,visible_migration,clear,True,synthetic_fixture,False
CNT002741,TREK023,2024-04-03,07:00,08:57,1.95,Great Black-backed Gull,Larus marinus,LARUS_MARI,10,NW,visible_migration,,True,synthetic_fixture,False
CNT002742,TREK023,2024-04-03,07:00,08:57,1.95,Common Kestrel,Falco tinnunculus,FALCO_TINN,12,W,visible_migration,,True,synthetic_fixture,False
CNT002743,TREK023,2024-04-03,07:00,08:57,1.95,Mallard,Anas platyrhynchos,ANAS_PLATY,12,SE,visible_migration,,True,synthetic_fixture,False
CNT002744,TREK023,2024-04-08,08:00,12:55,4.93,Greylag Goose,Anser anser,ANSER_ANSE,18,NE,visible_migration,,True,synthetic_fixture,False
CNT002745,TREK023,2024-05-12,09:00,11:47,2.8,Herring Gull,Larus argentatus,LARUS_ARGE,10,NW,visible_migration,,True,synthetic_fixture,False
CNT002746,TREK023,2024-05-17,06:00,08:10,2.18,American Crow,Corvus brachyrhynchos,CORVUS_BRA,6,NE,visible_migration,,True,synthetic_fixture,False
CNT002747,TREK023,2024-05-17,06:00,08:10,2.18,Herring Gull,Larus argentatus,LARUS_ARGE,6,SE,visible_migration,clear,True,synthetic_fixture,False
CNT002748,TREK023,2024-05-17,06:00,08:10,2.18,Common Kestrel,Falco tinnunculus,FALCO_TINN,6,NE,visible_migration,windy,True,synthetic_fixture,False
CNT002749,TREK023,2024-05-17,06:00,08:10,2.18,Barn Swallow,Hirundo rustica,HIRUNDO_RU,3,W,visible_migration,,True,synthetic_fixture,False
CNT002750,TREK023,2024-05-17,06:00,08:10,2.18,Eurasian Sparrowhawk,Accipiter nisus,ACCIPITER_,4,E,visible_migration,light rain,True,synthetic_fixture,False
CNT002751,TREK023,2024-06-14,05:00,08:49,3.82,Barn Swallow,Hirundo rustica,HIRUNDO_RU,1,N,visible_migration,clear,True,synthetic_fixture,False
CNT002752,TREK023,2024-06-14,05:00,08:49,3.82,Great Cormorant,Phalacrocorax carbo,PHALACROCO,3,N,visible_migration,clear,True,synthetic_fixture,False
CNT002753,TREK023,2024-06-21,05:00,06:03,1.05,Mallard,Anas platyrhynchos,ANAS_PLATY,1,SW,visible_migration,,True,synthetic_fixture,False
CNT002754,TREK023,2024-06-21,05:00,06:03,1.05,Common Ringed Plover,Charadrius hiaticula,CHARADRIUS,7,E,visible_migration,clear,True,synthetic_fixture,False
CNT002755,TREK023,2024-06-26,09:00,10:19,1.32,Common Starling,Sturnus vulgaris,STURNUS_VU,2,SE,visible_migration,windy,True,synthetic_fixture,False
CNT002756,TREK023,2024-07-14,09:00,13:47,4.79,Great Blue Heron,Ardea herodias,ARDEA_HERO,2,NW,visible_migration,windy,False,synthetic_fixture,False
CNT002757,TREK023,2024-07-23,08:00,10:55,2.93,Barn Swallow,Hirundo rustica,HIRUNDO_RU,3,SW,visible_migration,overcast,True,synthetic_fixture,False
CNT002758,TREK023,2024-08-27,09:00,11:21,2.36,Mallard,Anas platyrhynchos,ANAS_PLATY,10,S,visible_migration,light rain,True,synthetic_fixture,False
CNT002759,TREK023,2024-08-27,09:00,11:21,2.36,Eurasian Sparrowhawk,Accipiter nisus,ACCIPITER_,7,NW,visible_migration,clear,True,synthetic_fixture,False
CNT002760,TREK023,2024-09-27,08:00,10:58,2.98,Herring Gull,Larus argentatus,LARUS_ARGE,8,S,visible_migration,clear,True,synthetic_fixture,False
CNT002761,TREK023,2024-10-01,09:00,14:10,5.17,Common Kestrel,Falco tinnunculus,FALCO_TINN,12,W,visible_migration,,True,synthetic_fixture,False
CNT002762,TREK023,2024-10-01,09:00,14:10,5.17,Common Buzzard,Buteo buteo,BUTEO_BUTE,13,E,visible_migration,clear,True,synthetic_fixture,False
CNT002763,TREK023,2024-10-19,08:00,09:22,1.37,Greylag Goose,Anser anser,ANSER_ANSE,12,SW,visible_migration,clear,True,synthetic_fixture,False
CNT002764,TREK023,2024-11-01,05:00,06:09,1.16,American Crow,Corvus brachyrhynchos,CORVUS_BRA,6,E,visible_migration,clear,True,synthetic_fixture,False
CNT002765,TREK023,2024-12-03,06:00,08:48,2.81,Mallard,Anas platyrhynchos,ANAS_PLATY,5,E,visible_migration,overcast,True,synthetic_fixture,False
CNT002766,TREK023,2024-12-03,06:00,08:48,2.81,Common Ringed Plover,Charadrius hiaticula,CHARADRIUS,2,N,visible_migration,light rain,True,synthetic_fixture,False
CNT002767,TREK023,2024-12-03,06:00,08:48,2.81,Common Kestrel,Falco tinnunculus,FALCO_TINN,2,NE,visible_migration,,True,synthetic_fixture,False
CNT002768,TREK023,2024-12-03,06:00,08:48,2.81,Barn Swallow,Hirundo rustica,HIRUNDO_RU,3,SW,visible_migration,light rain,True,synthetic_fixture,False
CNT002769,TREK023,2024-12-09,06:00,07:41,1.69,Bald Eagle,Haliaeetus leucocephalus,HALIAEETUS,1,E,visible_migration,,True,synthetic_fixture,False
CNT002770,TREK023,2024-12-09,06:00,07:41,1.69,Great Blue Heron,Ardea herodias,ARDEA_HERO,1,SE,visible_migration,light rain,True,synthetic_fixture,False
CNT002771,TREK023,2024-12-09,06:00,07:41,1.69,Common Buzzard,Buteo buteo,BUTEO_BUTE,4,SE,visible_migration,overcast,True,synthetic_fixture,False
CNT002772,TREK024,2023-01-04,06:00,09:42,3.7,Barn Swallow,Hirundo rustica,HIRUNDO_RU,2,NE,visible_migration,clear,True,synthetic_fixture,False
CNT002773,TREK024,2023-01-04,06:00,09:42,3.7,Grey Heron,Ardea cinerea,ARDEA_CINE,4,E,visible_migration,light rain,True,synthetic_fixture,False
CNT002774,TREK024,2023-01-04,06:00,09:42,3.7,Herring Gull,Larus argentatus,LARUS_ARGE,3,S,visible_migration,light rain,True,synthetic_fixture,False
CNT002775,TREK024,2023-01-04,06:00,09:42,3.7,Mute Swan,Cygnus olor,CYGNUS_OLO,6,S,visible_migration,,True,synthetic_fixture,False
CNT002776,TREK024,2023-01-29,07:00,10:03,3.06,Common Ringed Plover,Charadrius hiaticula,CHARADRIUS,1,E,visible_migration,windy,True,synthetic_fixture,False
CNT002777,TREK024,2023-01-29,07:00,10:03,3.06,Mute Swan,Cygnus olor,CYGNUS_OLO,2,SE,visible_migration,windy,False,synthetic_fixture,False
CNT002778,TREK024,2023-01-29,07:00,10:03,3.06,Eurasian Sparrowhawk,Accipiter nisus,ACCIPITER_,4,N,visible_migration,clear,True,synthetic_fixture,False
CNT002779,TREK024,2023-01-29,07:00,10:03,3.06,Common Buzzard,Buteo buteo,BUTEO_BUTE,4,NW,visible_migration,light rain,True,synthetic_fixture,False
CNT002780,TREK024,2023-01-31,07:00,12:55,5.92,Canada Goose,Branta canadensis,BRANTA_CAN,1,W,visible_migration,overcast,True,synthetic_fixture,False
CNT002781,TREK024,2023-01-31,07:00,12:55,5.92,Bald Eagle,Haliaeetus leucocephalus,HALIAEETUS,2,NW,visible_migration,overcast,True,synthetic_fixture,False
CNT002782,TREK024,2023-03-24,07:00,08:53,1.9,Great Blue Heron,Ardea herodias,ARDEA_HERO,7,N,visible_migration,overcast,True,synthetic_fixture,False
CNT002783,TREK024,2023-03-24,07:00,08:53,1.9,Great Cormorant,Phalacrocorax carbo,PHALACROCO,8,W,visible_migration,,True,synthetic_fixture,False
CNT002784,TREK024,2023-03-24,07:00,08:53,1.9,Canada Goose,Branta canadensis,BRANTA_CAN,12,NE,visible_migration,clear,True,synthetic_fixture,False
CNT002785,TREK024,2023-03-24,07:00,08:53,1.9,Barn Swallow,Hirundo rustica,HIRUNDO_RU,9,SW,visible_migration,overcast,True,synthetic_fixture,False
CNT002786,TREK024,2023-03-24,07:00,08:53,1.9,Common Raven,Corvus corax,CORVUS_COR,9,NW,visible_migration,,False,synthetic_fixture,False
CNT002787,TREK024,2023-05-17,05:00,09:01,4.02,Grey Heron,Ardea cinerea,ARDEA_CINE,5,SE,visible_migration,,True,synthetic_fixture,False
CNT002788,TREK024,2023-05-23,08:00,12:29,4.49,Great Cormorant,Phalacrocorax carbo,PHALACROCO,7,N,visible_migration,,True,synthetic_fixture,False
CNT002789,TREK024,2023-05-23,08:00,12:29,4.49,Barn Swallow,Hirundo rustica,HIRUNDO_RU,4,S,visible_migration,,True,synthetic_fixture,False
CNT002790,TREK024,2023-06-02,09:00,14:32,5.55,Greylag Goose,Anser anser,ANSER_ANSE,6,S,visible_migration,clear,False,synthetic_fixture,False
CNT002791,TREK024,2023-06-09,05:00,07:40,2.68,Herring Gull,Larus argentatus,LARUS_ARGE,7,NW,visible_migration,clear,True,synthetic_fixture,False
CNT002792,TREK024,2023-06-09,05:00,07:40,2.68,Mallard,Anas platyrhynchos,ANAS_PLATY,6,W,visible_migration,overcast,True,synthetic_fixture,False
CNT002793,TREK024,2023-06-09,05:00,07:40,2.68,Greylag Goose,Anser anser,ANSER_ANSE,2,NW,visible_migration,clear,True,synthetic_fixture,False
CNT002794,TREK024,2023-06-09,05:00,07:40,2.68,Mute Swan,Cygnus olor,CYGNUS_OLO,0,SW,visible_migration,light rain,True,synthetic_fixture,False
CNT002795,TREK024,2023-08-15,09:00,14:45,5.76,Common Buzzard,Buteo buteo,BUTEO_BUTE,4,NE,visible_migration,clear,True,synthetic_fixture,False
CNT002796,TREK024,2023-09-05,07:00,10:51,3.85,American Robin,Turdus migratorius,TURDUS_MIG,10,W,visible_migration,,True,synthetic_fixture,False
CNT002797,TREK024,2023-09-05,07:00,10:51,3.85,Great Cormorant,Phalacrocorax carbo,PHALACROCO,9,NE,visible_migration,clear,True,synthetic_fixture,False
CNT002798,TREK024,2023-09-05,07:00,10:51,3.85,Common Ringed Plover,Charadrius hiaticula,CHARADRIUS,11,SW,visible_migration,windy,True,synthetic_fixture,False
CNT002799,TREK024,2023-09-05,07:00,10:51,3.85,Canada Goose,Branta canadensis,BRANTA_CAN,6,NE,visible_migration,light rain,True,synthetic_fixture,False
CNT002800,TREK024,2023-09-11,08:00,11:17,3.3,American Robin,Turdus migratorius,TURDUS_MIG,5,SW,visible_migration,light rain,True,synthetic_fixture,False
CNT002801,TREK024,2023-09-11,08:00,11:17,3.3,Mallard,Anas platyrhynchos,ANAS_PLATY,10,S,visible_migration,windy,True,synthetic_fixture,False
CNT002802,TREK024,2023-09-11,08:00,11:17,3.3,Black-headed Gull,Chroicocephalus ridibundus,CHROICOCEP,13,NE,visible_migration,,True,synthetic_fixture,False
CNT002803,TREK024,2023-09-11,08:00,11:17,3.3,American Crow,Corvus brachyrhynchos,CORVUS_BRA,7,NE,visible_migration,light rain,True,synthetic_fixture,False
CNT002804,TREK024,2023-09-21,05:00,08:21,3.36,Mute Swan,Cygnus olor,CYGNUS_OLO,14,N,visible_migration,overcast,True,synthetic_fixture,False
CNT002805,TREK024,2023-09-21,05:00,08:21,3.36,Rock Pigeon,Columba livia,COLUMBA_LI,14,S,visible_migration,,True,synthetic_fixture,False
CNT002806,TREK024,2023-09-21,05:00,08:21,3.36,Mallard,Anas platyrhynchos,ANAS_PLATY,11,NE,visible_migration,light rain,True,synthetic_fixture,False
CNT002807,TREK024,2023-09-21,05:00,08:21,3.36,Common Ringed Plover,Charadrius hiaticula,CHARADRIUS,11,SE,visible_migration,,True,synthetic_fixture,False
CNT002808,TREK024,2023-09-21,05:00,08:21,3.36,Herring Gull,Larus argentatus,LARUS_ARGE,10,SE,visible_migration,clear,True,synthetic_fixture,False
CNT002809,TREK024,2023-11-04,08:00,13:02,5.04,American Robin,Turdus migratorius,TURDUS_MIG,12,S,visible_migration,overcast,True,synthetic_fixture,False
CNT002810,TREK024,2023-11-04,08:00,13:02,5.04,Common Raven,Corvus corax,CORVUS_COR,3,W,visible_migration,overcast,True,synthetic_fixture,False
CNT002811,TREK024,2023-11-04,08:00,13:02,5.04,Common Starling,Sturnus vulgaris,STURNUS_VU,6,SE,visible_migration,clear,True,synthetic_fixture,False
CNT002812,TREK024,2023-11-09,08:00,10:01,2.03,Eurasian Sparrowhawk,Accipiter nisus,ACCIPITER_,6,S,visible_migration,windy,False,synthetic_fixture,False
CNT002813,TREK024,2023-11-16,05:00,08:15,3.26,Great Blue Heron,Ardea herodias,ARDEA_HERO,5,NW,visible_migration,windy,True,synthetic_fixture,False
CNT002814,TREK024,2023-11-16,05:00,08:15,3.26,Herring Gull,Larus argentatus,LARUS_ARGE,1,NE,visible_migration,overcast,True,synthetic_fixture,False
CNT002815,TREK024,2023-11-19,09:00,11:03,2.06,Greylag Goose,Anser anser,ANSER_ANSE,3,NE,visible_migration,,True,synthetic_fixture,False
CNT002816,TREK024,2023-11-19,09:00,11:03,2.06,Barn Swallow,Hirundo rustica,HIRUNDO_RU,2,NE,visible_migration,clear,False,synthetic_fixture,False
CNT002817,TREK024,2023-11-19,09:00,11:03,2.06,Common Raven,Corvus corax,CORVUS_COR,1,NE,visible_migration,overcast,False,synthetic_fixture,False
CNT002818,TREK024,2023-11-19,09:00,11:03,2.06,Herring Gull,Larus argentatus,LARUS_ARGE,6,SW,visible_migration,,True,synthetic_fixture,False
CNT002819,TREK024,2023-11-22,05:00,10:52,5.88,Great Blue Heron,Ardea herodias,ARDEA_HERO,6,E,visible_migration,light rain,True,synthetic_fixture,False
CNT002820,TREK024,2023-11-27,06:00,09:00,3.01,American Robin,Turdus migratorius,TURDUS_MIG,4,E,visible_migration,overcast,True,synthetic_fixture,False
CNT002821,TREK024,2023-11-27,06:00,09:00,3.01,Common Starling,Sturnus vulgaris,STURNUS_VU,3,NE,visible_migration,light rain,True,synthetic_fixture,False
CNT002822,TREK024,2023-11-27,06:00,09:00,3.01,Bald Eagle,Haliaeetus leucocephalus,HALIAEETUS,2,N,visible_migration,clear,True,synthetic_fixture,False
CNT002823,TREK024,2023-11-27,06:00,09:00,3.01,Eurasian Sparrowhawk,Accipiter nisus,ACCIPITER_,2,NE,visible_migration,clear,True,synthetic_fixture,False
CNT002824,TREK024,2023-12-12,06:00,08:36,2.6,Common Ringed Plover,Charadrius hiaticula,CHARADRIUS,2,S,visible_migration,windy,True,synthetic_fixture,False
CNT002825,TREK024,2023-12-12,06:00,08:36,2.6,Barn Swallow,Hirundo rustica,HIRUNDO_RU,3,N,visible_migration,overcast,True,synthetic_fixture,False
CNT002826,TREK024,2023-12-12,06:00,08:36,2.6,American Robin,Turdus migratorius,TURDUS_MIG,1,SE,visible_migration,light rain,True,synthetic_fixture,False
CNT002827,TREK024,2023-12-12,06:00,08:36,2.6,Common Kestrel,Falco tinnunculus,FALCO_TINN,2,SW,visible_migration,overcast,True,synthetic_fixture,False
CNT002828,TREK024,2023-12-18,07:00,09:42,2.71,Common Kestrel,Falco tinnunculus,FALCO_TINN,0,S,visible_migration,light rain,True,synthetic_fixture,False
CNT002829,TREK024,2023-12-18,07:00,09:42,2.71,Greylag Goose,Anser anser,ANSER_ANSE,2,E,visible_migration,clear,True,synthetic_fixture,False
CNT002830,TREK024,2023-12-27,05:00,07:54,2.91,Mute Swan,Cygnus olor,CYGNUS_OLO,5,NE,visible_migration,light rain,True,synthetic_fixture,False
CNT002831,TREK024,2023-12-29,08:00,13:34,5.58,Canada Goose,Branta canadensis,BRANTA_CAN,3,S,visible_migration,,True,synthetic_fixture,False
CNT002832,TREK024,2023-12-29,08:00,13:34,5.58,Great Blue Heron,Ardea herodias,ARDEA_HERO,3,SE,visible_migration,windy,True,synthetic_fixture,False
CNT002833,TREK024,2023-12-29,08:00,13:34,5.58,Common Starling,Sturnus vulgaris,STURNUS_VU,0,W,visible_migration,,True,synthetic_fixture,False
CNT002834,TREK024,2024-01-06,08:00,10:45,2.75,Common Kestrel,Falco tinnunculus,FALCO_TINN,9,E,visible_migration,,True,synthetic_fixture,False
CNT002835,TREK024,2024-01-06,08:00,10:45,2.75,Canada Goose,Branta canadensis,BRANTA_CAN,1,SE,visible_migration,windy,True,synthetic_fixture,False
CNT002836,TREK024,2024-01-25,06:00,09:45,3.76,Canada Goose,Branta canadensis,BRANTA_CAN,1,SE,visible_migration,windy,True,synthetic_fixture,False
CNT002837,TREK024,2024-01-25,06:00,09:45,3.76,Great Black-backed Gull,Larus marinus,LARUS_MARI,6,S,visible_migration,overcast,True,synthetic_fixture,False
CNT002838,TREK024,2024-01-31,05:00,08:36,3.61,Mallard,Anas platyrhynchos,ANAS_PLATY,4,S,visible_migration,overcast,True,synthetic_fixture,False
CNT002839,TREK024,2024-01-31,05:00,08:36,3.61,Common Kestrel,Falco tinnunculus,FALCO_TINN,4,NW,visible_migration,clear,True,synthetic_fixture,False
CNT002840,TREK024,2024-01-31,05:00,08:36,3.61,Great Blue Heron,Ardea herodias,ARDEA_HERO,2,S,visible_migration,windy,True,synthetic_fixture,False
CNT002841,TREK024,2024-03-25,09:00,14:57,5.95,Common Kestrel,Falco tinnunculus,FALCO_TINN,8,S,visible_migration,clear,True,synthetic_fixture,False
CNT002842,TREK024,2024-03-25,09:00,14:57,5.95,Mallard,Anas platyrhynchos,ANAS_PLATY,11,NW,visible_migration,,False,synthetic_fixture,False
CNT002843,TREK024,2024-03-25,09:00,14:57,5.95,Great Black-backed Gull,Larus marinus,LARUS_MARI,11,E,visible_migration,overcast,True,synthetic_fixture,False
CNT002844,TREK024,2024-03-25,09:00,14:57,5.95,Black-headed Gull,Chroicocephalus ridibundus,CHROICOCEP,10,NE,visible_migration,light rain,True,synthetic_fixture,False
CNT002845,TREK024,2024-03-25,09:00,14:57,5.95,Great Cormorant,Phalacrocorax carbo,PHALACROCO,8,SE,visible_migration,light rain,True,synthetic_fixture,False
CNT002846,TREK024,2024-04-07,09:00,13:49,4.82,Great Blue Heron,Ardea herodias,ARDEA_HERO,9,SW,visible_migration,,False,synthetic_fixture,False
CNT002847,TREK024,2024-04-07,09:00,13:49,4.82,Rock Pigeon,Columba livia,COLUMBA_LI,7,NW,visible_migration,windy,True,synthetic_fixture,False
CNT002848,TREK024,2024-04-07,09:00,13:49,4.82,American Crow,Corvus brachyrhynchos,CORVUS_BRA,9,E,visible_migration,light rain,False,synthetic_fixture,False
CNT002849,TREK024,2024-04-07,09:00,13:49,4.82,Great Cormorant,Phalacrocorax carbo,PHALACROCO,15,SE,visible_migration,,True,synthetic_fixture,False
CNT002850,TREK024,2024-04-26,07:00,11:50,4.84,Mallard,Anas platyrhynchos,ANAS_PLATY,14,W,visible_migration,clear,True,synthetic_fixture,False
CNT002851,TREK024,2024-04-26,07:00,11:50,4.84,Great Black-backed Gull,Larus marinus,LARUS_MARI,5,W,visible_migration,clear,True,synthetic_fixture,False
CNT002852,TREK024,2024-04-26,07:00,11:50,4.84,Greylag Goose,Anser anser,ANSER_ANSE,10,NW,visible_migration,windy,True,synthetic_fixture,False
CNT002853,TREK024,2024-04-26,07:00,11:50,4.84,Black-headed Gull,Chroicocephalus ridibundus,CHROICOCEP,5,N,visible_migration,windy,True,synthetic_fixture,False
CNT002854,TREK024,2024-05-25,07:00,11:55,4.93,Bald Eagle,Haliaeetus leucocephalus,HALIAEETUS,5,SW,visible_migration,,False,synthetic_fixture,False
CNT002855,TREK024,2024-05-25,07:00,11:55,4.93,Herring Gull,Larus argentatus,LARUS_ARGE,4,S,visible_migration,windy,True,synthetic_fixture,False
CNT002856,TREK024,2024-05-25,07:00,11:55,4.93,Greylag Goose,Anser anser,ANSER_ANSE,6,NE,visible_migration,clear,True,synthetic_fixture,False
CNT002857,TREK024,2024-05-25,07:00,11:55,4.93,American Robin,Turdus migratorius,TURDUS_MIG,6,SW,visible_migration,clear,True,synthetic_fixture,False
CNT002858,TREK024,2024-05-25,07:00,11:55,4.93,American Crow,Corvus brachyrhynchos,CORVUS_BRA,5,W,visible_migration,,True,synthetic_fixture,False
CNT002859,TREK024,2024-06-14,05:00,06:21,1.35,Great Black-backed Gull,Larus marinus,LARUS_MARI,7,E,visible_migration,overcast,True,synthetic_fixture,False
CNT002860,TREK024,2024-06-14,05:00,06:21,1.35,Barn Swallow,Hirundo rustica,HIRUNDO_RU,3,E,visible_migration,light rain,True,synthetic_fixture,False
CNT002861,TREK024,2024-06-14,05:00,06:21,1.35,Grey Heron,Ardea cinerea,ARDEA_CINE,3,N,visible_migration,light rain,True,synthetic_fixture,False
CNT002862,TREK024,2024-06-23,08:00,11:47,3.8,Black-headed Gull,Chroicocephalus ridibundus,CHROICOCEP,3,S,visible_migration,clear,True,synthetic_fixture,False
CNT002863,TREK024,2024-06-23,08:00,11:47,3.8,American Crow,Corvus brachyrhynchos,CORVUS_BRA,5,N,visible_migration,windy,True,synthetic_fixture,False
CNT002864,TREK024,2024-06-30,07:00,10:37,3.63,Great Cormorant,Phalacrocorax carbo,PHALACROCO,5,SW,visible_migration,overcast,True,synthetic_fixture,False
CNT002865,TREK024,2024-06-30,07:00,10:37,3.63,Canada Goose,Branta canadensis,BRANTA_CAN,2,W,visible_migration,,True,synthetic_fixture,False
CNT002866,TREK024,2024-06-30,07:00,10:37,3.63,Common Kestrel,Falco tinnunculus,FALCO_TINN,1,W,visible_migration,,False,synthetic_fixture,False
CNT002867,TREK024,2024-07-07,07:00,09:24,2.41,Bald Eagle,Haliaeetus leucocephalus,HALIAEETUS,5,NW,visible_migration,,True,synthetic_fixture,False
CNT002868,TREK024,2024-07-07,07:00,09:24,2.41,Great Cormorant,Phalacrocorax carbo,PHALACROCO,3,E,visible_migration,,True,synthetic_fixture,False
CNT002869,TREK024,2024-07-12,06:00,11:59,5.99,Grey Heron,Ardea cinerea,ARDEA_CINE,3,S,visible_migration,,True,synthetic_fixture,False
CNT002870,TREK024,2024-07-12,06:00,11:59,5.99,Mallard,Anas platyrhynchos,ANAS_PLATY,2,W,visible_migration,light rain,True,synthetic_fixture,False
CNT002871,TREK024,2024-07-13,05:00,10:36,5.61,Black-headed Gull,Chroicocephalus ridibundus,CHROICOCEP,6,SW,visible_migration,light rain,True,synthetic_fixture,False
CNT002872,TREK024,2024-08-18,09:00,13:41,4.69,Common Kestrel,Falco tinnunculus,FALCO_TINN,4,SE,visible_migration,clear,True,synthetic_fixture,False
CNT002873,TREK024,2024-08-27,09:00,12:38,3.65,Rock Pigeon,Columba livia,COLUMBA_LI,7,NW,visible_migration,,True,synthetic_fixture,False
CNT002874,TREK024,2024-08-27,09:00,12:38,3.65,Grey Heron,Ardea cinerea,ARDEA_CINE,3,NW,visible_migration,windy,True,synthetic_fixture,False
CNT002875,TREK024,2024-08-27,09:00,12:38,3.65,Great Cormorant,Phalacrocorax carbo,PHALACROCO,8,NE,visible_migration,windy,True,synthetic_fixture,False
CNT002876,TREK024,2024-09-09,07:00,08:35,1.59,Black-headed Gull,Chroicocephalus ridibundus,CHROICOCEP,8,E,visible_migration,clear,True,synthetic_fixture,False
CNT002877,TREK024,2024-09-09,07:00,08:35,1.59,American Crow,Corvus brachyrhynchos,CORVUS_BRA,10,NE,visible_migration,light rain,True,synthetic_fixture,False
CNT002878,TREK024,2024-09-30,08:00,10:30,2.51,Rock Pigeon,Columba livia,COLUMBA_LI,14,E,visible_migration,clear,True,synthetic_fixture,False
CNT002879,TREK024,2024-09-30,08:00,10:30,2.51,Common Ringed Plover,Charadrius hiaticula,CHARADRIUS,8,NW,visible_migration,,True,synthetic_fixture,False
CNT002880,TREK024,2024-12-25,06:00,08:17,2.29,Rock Pigeon,Columba livia,COLUMBA_LI,2,E,visible_migration,overcast,True,synthetic_fixture,False
CNT002881,TREK024,2024-12-25,06:00,08:17,2.29,Great Black-backed Gull,Larus marinus,LARUS_MARI,7,S,visible_migration,light rain,True,synthetic_fixture,False
CNT002882,TREK024,2024-12-25,06:00,08:17,2.29,Black-headed Gull,Chroicocephalus ridibundus,CHROICOCEP,5,NW,visible_migration,overcast,True,synthetic_fixture,False
CNT002883,TREK024,2024-12-30,09:00,10:03,1.06,American Crow,Corvus brachyrhynchos,CORVUS_BRA,1,S,visible_migration,clear,True,synthetic_fixture,False
CNT002884,TREK025,2023-01-30,05:00,06:01,1.03,Eurasian Sparrowhawk,Accipiter nisus,ACCIPITER_,2,SW,visible_migration,clear,True,synthetic_fixture,False
CNT002885,TREK025,2023-03-20,06:00,09:58,3.97,Mallard,Anas platyrhynchos,ANAS_PLATY,8,E,visible_migration,light rain,True,synthetic_fixture,False
CNT002886,TREK025,2023-03-24,06:00,11:37,5.63,Common Buzzard,Buteo buteo,BUTEO_BUTE,10,W,visible_migration,light rain,True,synthetic_fixture,False
CNT002887,TREK025,2023-03-24,06:00,11:37,5.63,Eurasian Sparrowhawk,Accipiter nisus,ACCIPITER_,5,E,visible_migration,clear,True,synthetic_fixture,False
CNT002888,TREK025,2023-03-24,06:00,11:37,5.63,Bald Eagle,Haliaeetus leucocephalus,HALIAEETUS,10,W,visible_migration,overcast,True,synthetic_fixture,False
CNT002889,TREK025,2023-03-24,06:00,11:37,5.63,American Crow,Corvus brachyrhynchos,CORVUS_BRA,8,NE,visible_migration,clear,True,synthetic_fixture,False
CNT002890,TREK025,2023-03-24,06:00,11:37,5.63,Greylag Goose,Anser anser,ANSER_ANSE,13,E,visible_migration,,True,synthetic_fixture,False
CNT002891,TREK025,2023-04-08,08:00,09:08,1.15,American Crow,Corvus brachyrhynchos,CORVUS_BRA,10,E,visible_migration,windy,True,synthetic_fixture,False
CNT002892,TREK025,2023-04-08,08:00,09:08,1.15,Mute Swan,Cygnus olor,CYGNUS_OLO,13,N,visible_migration,,True,synthetic_fixture,False
CNT002893,TREK025,2023-04-08,08:00,09:08,1.15,American Robin,Turdus migratorius,TURDUS_MIG,10,NE,visible_migration,overcast,True,synthetic_fixture,False
CNT002894,TREK025,2023-04-08,08:00,09:08,1.15,Bald Eagle,Haliaeetus leucocephalus,HALIAEETUS,12,NE,visible_migration,overcast,True,synthetic_fixture,False
CNT002895,TREK025,2023-05-23,09:00,11:35,2.59,Common Raven,Corvus corax,CORVUS_COR,4,NW,visible_migration,,True,synthetic_fixture,False
CNT002896,TREK025,2023-05-23,09:00,11:35,2.59,Herring Gull,Larus argentatus,LARUS_ARGE,4,SE,visible_migration,windy,True,synthetic_fixture,False
CNT002897,TREK025,2023-05-24,09:00,13:21,4.36,Common Ringed Plover,Charadrius hiaticula,CHARADRIUS,4,W,visible_migration,clear,True,synthetic_fixture,False
CNT002898,TREK025,2023-05-24,09:00,13:21,4.36,American Crow,Corvus brachyrhynchos,CORVUS_BRA,6,SE,visible_migration,windy,True,synthetic_fixture,False
CNT002899,TREK025,2023-05-28,05:00,06:51,1.86,Barn Swallow,Hirundo rustica,HIRUNDO_RU,3,SE,visible_migration,light rain,True,synthetic_fixture,False
CNT002900,TREK025,2023-05-28,05:00,06:51,1.86,Grey Heron,Ardea cinerea,ARDEA_CINE,1,E,visible_migration,clear,True,synthetic_fixture,False
CNT002901,TREK025,2023-05-28,05:00,06:51,1.86,Common Starling,Sturnus vulgaris,STURNUS_VU,1,NE,visible_migration,clear,True,synthetic_fixture,False
CNT002902,TREK025,2023-06-26,06:00,12:00,6.0,Great Cormorant,Phalacrocorax carbo,PHALACROCO,4,W,visible_migration,,True,synthetic_fixture,False
CNT002903,TREK025,2023-06-26,06:00,12:00,6.0,Herring Gull,Larus argentatus,LARUS_ARGE,3,NE,visible_migration,,True,synthetic_fixture,False
CNT002904,TREK025,2023-06-26,06:00,12:00,6.0,Canada Goose,Branta canadensis,BRANTA_CAN,7,NW,visible_migration,clear,True,synthetic_fixture,False
CNT002905,TREK025,2023-06-26,06:00,12:00,6.0,Mute Swan,Cygnus olor,CYGNUS_OLO,4,NE,visible_migration,clear,True,synthetic_fixture,False
CNT002906,TREK025,2023-08-22,08:00,10:19,2.33,Mallard,Anas platyrhynchos,ANAS_PLATY,6,N,visible_migration,windy,True,synthetic_fixture,False
CNT002907,TREK025,2023-08-22,08:00,10:19,2.33,Canada Goose,Branta canadensis,BRANTA_CAN,7,NW,visible_migration,,True,synthetic_fixture,False
CNT002908,TREK025,2023-09-16,06:00,10:16,4.28,American Crow,Corvus brachyrhynchos,CORVUS_BRA,7,SW,visible_migration,,True,synthetic_fixture,False
CNT002909,TREK025,2023-09-16,06:00,10:16,4.28,Eurasian Sparrowhawk,Accipiter nisus,ACCIPITER_,8,SE,visible_migration,overcast,True,synthetic_fixture,False
CNT002910,TREK025,2023-09-16,06:00,10:16,4.28,Common Ringed Plover,Charadrius hiaticula,CHARADRIUS,5,W,visible_migration,overcast,True,synthetic_fixture,False
CNT002911,TREK025,2023-09-24,05:00,06:48,1.81,Mute Swan,Cygnus olor,CYGNUS_OLO,8,W,visible_migration,light rain,True,synthetic_fixture,False
CNT002912,TREK025,2023-09-24,05:00,06:48,1.81,Barn Swallow,Hirundo rustica,HIRUNDO_RU,9,SW,visible_migration,overcast,True,synthetic_fixture,False
CNT002913,TREK025,2023-09-24,05:00,06:48,1.81,Common Kestrel,Falco tinnunculus,FALCO_TINN,10,SE,visible_migration,light rain,True,synthetic_fixture,False
CNT002914,TREK025,2023-09-24,05:00,06:48,1.81,American Robin,Turdus migratorius,TURDUS_MIG,14,NE,visible_migration,light rain,True,synthetic_fixture,False
CNT002915,TREK025,2023-10-05,08:00,11:31,3.52,Rock Pigeon,Columba livia,COLUMBA_LI,10,NE,visible_migration,overcast,True,synthetic_fixture,False
CNT002916,TREK025,2023-10-05,08:00,11:31,3.52,Herring Gull,Larus argentatus,LARUS_ARGE,15,NE,visible_migration,light rain,False,synthetic_fixture,False
CNT002917,TREK025,2023-11-10,08:00,13:59,5.99,Common Buzzard,Buteo buteo,BUTEO_BUTE,8,E,visible_migration,light rain,True,synthetic_fixture,False
CNT002918,TREK025,2023-11-10,08:00,13:59,5.99,Bald Eagle,Haliaeetus leucocephalus,HALIAEETUS,7,SE,visible_migration,,False,synthetic_fixture,False
CNT002919,TREK025,2023-11-21,05:00,09:31,4.52,Greylag Goose,Anser anser,ANSER_ANSE,2,W,visible_migration,windy,True,synthetic_fixture,False
CNT002920,TREK025,2023-11-21,05:00,09:31,4.52,American Robin,Turdus migratorius,TURDUS_MIG,5,NE,visible_migration,overcast,False,synthetic_fixture,False
CNT002921,TREK025,2023-11-21,05:00,09:31,4.52,Common Raven,Corvus corax,CORVUS_COR,0,SE,visible_migration,overcast,True,synthetic_fixture,False
CNT002922,TREK025,2023-11-21,05:00,09:31,4.52,Mallard,Anas platyrhynchos,ANAS_PLATY,6,S,visible_migration,light rain,False,synthetic_fixture,False
CNT002923,TREK025,2023-11-21,05:00,09:31,4.52,Common Kestrel,Falco tinnunculus,FALCO_TINN,4,E,visible_migration,windy,True,synthetic_fixture,False
CNT002924,TREK025,2023-11-22,05:00,07:33,2.56,Bald Eagle,Haliaeetus leucocephalus,HALIAEETUS,3,SE,visible_migration,windy,True,synthetic_fixture,False
CNT002925,TREK025,2023-11-22,05:00,07:33,2.56,Common Kestrel,Falco tinnunculus,FALCO_TINN,9,S,visible_migration,,True,synthetic_fixture,False
CNT002926,TREK025,2023-12-09,05:00,09:12,4.21,Great Cormorant,Phalacrocorax carbo,PHALACROCO,2,NW,visible_migration,clear,True,synthetic_fixture,False
CNT002927,TREK025,2023-12-09,05:00,09:12,4.21,Common Buzzard,Buteo buteo,BUTEO_BUTE,1,N,visible_migration,windy,True,synthetic_fixture,False
CNT002928,TREK025,2023-12-13,09:00,11:50,2.84,Grey Heron,Ardea cinerea,ARDEA_CINE,3,NE,visible_migration,light rain,True,synthetic_fixture,False
CNT002929,TREK025,2023-12-13,09:00,11:50,2.84,Mallard,Anas platyrhynchos,ANAS_PLATY,2,SE,visible_migration,clear,True,synthetic_fixture,False
CNT002930,TREK025,2023-12-13,09:00,11:50,2.84,Great Cormorant,Phalacrocorax carbo,PHALACROCO,0,S,visible_migration,windy,True,synthetic_fixture,False
CNT002931,TREK025,2023-12-13,09:00,11:50,2.84,Black-headed Gull,Chroicocephalus ridibundus,CHROICOCEP,6,S,visible_migration,overcast,True,synthetic_fixture,False
CNT002932,TREK025,2024-01-12,08:00,12:09,4.16,Barn Swallow,Hirundo rustica,HIRUNDO_RU,9,NW,visible_migration,light rain,True,synthetic_fixture,False
CNT002933,TREK025,2024-01-12,08:00,12:09,4.16,American Crow,Corvus brachyrhynchos,CORVUS_BRA,6,W,visible_migration,overcast,True,synthetic_fixture,False
CNT002934,TREK025,2024-01-12,08:00,12:09,4.16,Common Raven,Corvus corax,CORVUS_COR,5,SW,visible_migration,overcast,True,synthetic_fixture,False
CNT002935,TREK025,2024-01-12,08:00,12:09,4.16,Grey Heron,Ardea cinerea,ARDEA_CINE,0,NE,visible_migration,,True,synthetic_fixture,False
CNT002936,TREK025,2024-01-12,08:00,12:09,4.16,Rock Pigeon,Columba livia,COLUMBA_LI,3,N,visible_migration,light rain,True,synthetic_fixture,False
CNT002937,TREK025,2024-02-09,08:00,10:56,2.94,Eurasian Sparrowhawk,Accipiter nisus,ACCIPITER_,2,S,visible_migration,windy,True,synthetic_fixture,False
CNT002938,TREK025,2024-02-09,08:00,10:56,2.94,Common Kestrel,Falco tinnunculus,FALCO_TINN,1,SW,visible_migration,windy,True,synthetic_fixture,False
CNT002939,TREK025,2024-02-09,08:00,10:56,2.94,Great Blue Heron,Ardea herodias,ARDEA_HERO,2,NE,visible_migration,,True,synthetic_fixture,False
CNT002940,TREK025,2024-02-09,08:00,10:56,2.94,Rock Pigeon,Columba livia,COLUMBA_LI,5,SW,visible_migration,light rain,True,synthetic_fixture,False
CNT002941,TREK025,2024-02-09,08:00,10:56,2.94,Common Starling,Sturnus vulgaris,STURNUS_VU,5,NW,visible_migration,clear,True,synthetic_fixture,False
CNT002942,TREK025,2024-03-12,09:00,14:16,5.27,Common Kestrel,Falco tinnunculus,FALCO_TINN,11,SW,visible_migration,,True,synthetic_fixture,False
CNT002943,TREK025,2024-03-12,09:00,14:16,5.27,Bald Eagle,Haliaeetus leucocephalus,HALIAEETUS,4,W,visible_migration,overcast,False,synthetic_fixture,False
CNT002944,TREK025,2024-03-12,09:00,14:16,5.27,Mallard,Anas platyrhynchos,ANAS_PLATY,12,NE,visible_migration,,True,synthetic_fixture,False
CNT002945,TREK025,2024-03-12,09:00,14:16,5.27,American Crow,Corvus brachyrhynchos,CORVUS_BRA,11,SW,visible_migration,light rain,True,synthetic_fixture,False
CNT002946,TREK025,2024-04-10,09:00,13:40,4.67,American Crow,Corvus brachyrhynchos,CORVUS_BRA,15,E,visible_migration,overcast,True,synthetic_fixture,False
CNT002947,TREK025,2024-04-10,09:00,13:40,4.67,Common Ringed Plover,Charadrius hiaticula,CHARADRIUS,14,E,visible_migration,overcast,True,synthetic_fixture,False
CNT002948,TREK025,2024-04-15,08:00,10:42,2.71,Grey Heron,Ardea cinerea,ARDEA_CINE,14,SW,visible_migration,light rain,True,synthetic_fixture,False
CNT002949,TREK025,2024-04-15,08:00,10:42,2.71,Common Kestrel,Falco tinnunculus,FALCO_TINN,16,NE,visible_migration,light rain,True,synthetic_fixture,False
CNT002950,TREK025,2024-04-17,06:00,09:04,3.08,Black-headed Gull,Chroicocephalus ridibundus,CHROICOCEP,10,NW,visible_migration,light rain,True,synthetic_fixture,False
CNT002951,TREK025,2024-04-17,06:00,09:04,3.08,Grey Heron,Ardea cinerea,ARDEA_CINE,19,SW,visible_migration,clear,True,synthetic_fixture,False
CNT002952,TREK025,2024-04-21,06:00,10:54,4.91,American Robin,Turdus migratorius,TURDUS_MIG,9,NW,visible_migration,windy,True,synthetic_fixture,False
CNT002953,TREK025,2024-04-21,06:00,10:54,4.91,Common Starling,Sturnus vulgaris,STURNUS_VU,8,E,visible_migration,clear,True,synthetic_fixture,False
CNT002954,TREK025,2024-04-21,06:00,10:54,4.91,Black-headed Gull,Chroicocephalus ridibundus,CHROICOCEP,8,NW,visible_migration,overcast,False,synthetic_fixture,False
CNT002955,TREK025,2024-05-04,05:00,07:31,2.53,Black-headed Gull,Chroicocephalus ridibundus,CHROICOCEP,6,SW,visible_migration,,True,synthetic_fixture,False
CNT002956,TREK025,2024-05-04,05:00,07:31,2.53,Common Starling,Sturnus vulgaris,STURNUS_VU,9,E,visible_migration,overcast,True,synthetic_fixture,False
CNT002957,TREK025,2024-05-04,05:00,07:31,2.53,Mute Swan,Cygnus olor,CYGNUS_OLO,5,SE,visible_migration,windy,True,synthetic_fixture,False
CNT002958,TREK025,2024-05-04,05:00,07:31,2.53,Common Kestrel,Falco tinnunculus,FALCO_TINN,8,N,visible_migration,windy,True,synthetic_fixture,False
CNT002959,TREK025,2024-05-11,08:00,12:01,4.02,Grey Heron,Ardea cinerea,ARDEA_CINE,4,W,visible_migration,,True,synthetic_fixture,False
CNT002960,TREK025,2024-05-11,08:00,12:01,4.02,Common Buzzard,Buteo buteo,BUTEO_BUTE,11,NW,visible_migration,,True,synthetic_fixture,False
CNT002961,TREK025,2024-05-11,08:00,12:01,4.02,Rock Pigeon,Columba livia,COLUMBA_LI,8,SE,visible_migration,windy,True,synthetic_fixture,False
CNT002962,TREK025,2024-05-11,08:00,12:01,4.02,Common Ringed Plover,Charadrius hiaticula,CHARADRIUS,10,W,visible_migration,clear,True,synthetic_fixture,False
CNT002963,TREK025,2024-05-12,08:00,10:41,2.69,Grey Heron,Ardea cinerea,ARDEA_CINE,7,SE,visible_migration,,True,synthetic_fixture,False
CNT002964,TREK025,2024-05-18,05:00,09:48,4.81,Common Kestrel,Falco tinnunculus,FALCO_TINN,7,E,visible_migration,clear,True,synthetic_fixture,False
CNT002965,TREK025,2024-05-18,05:00,09:48,4.81,Eurasian Sparrowhawk,Accipiter nisus,ACCIPITER_,5,W,visible_migration,windy,True,synthetic_fixture,False
CNT002966,TREK025,2024-05-21,05:00,07:46,2.77,Great Blue Heron,Ardea herodias,ARDEA_HERO,7,N,visible_migration,clear,True,synthetic_fixture,False
CNT002967,TREK025,2024-05-21,05:00,07:46,2.77,Eurasian Sparrowhawk,Accipiter nisus,ACCIPITER_,4,E,visible_migration,overcast,True,synthetic_fixture,False
CNT002968,TREK025,2024-05-21,05:00,07:46,2.77,American Robin,Turdus migratorius,TURDUS_MIG,7,NW,visible_migration,windy,True,synthetic_fixture,False
CNT002969,TREK025,2024-05-21,05:00,07:46,2.77,Barn Swallow,Hirundo rustica,HIRUNDO_RU,6,SE,visible_migration,light rain,True,synthetic_fixture,False
CNT002970,TREK025,2024-05-21,05:00,07:46,2.77,Common Raven,Corvus corax,CORVUS_COR,3,NE,visible_migration,clear,True,synthetic_fixture,False
CNT002971,TREK025,2024-07-07,09:00,12:57,3.95,Common Buzzard,Buteo buteo,BUTEO_BUTE,2,NW,visible_migration,,True,synthetic_fixture,False
CNT002972,TREK025,2024-07-07,09:00,12:57,3.95,Common Starling,Sturnus vulgaris,STURNUS_VU,4,NW,visible_migration,overcast,True,synthetic_fixture,False
CNT002973,TREK025,2024-07-07,09:00,12:57,3.95,Mallard,Anas platyrhynchos,ANAS_PLATY,2,E,visible_migration,overcast,True,synthetic_fixture,False
CNT002974,TREK025,2024-07-07,09:00,12:57,3.95,Great Black-backed Gull,Larus marinus,LARUS_MARI,2,E,visible_migration,,True,synthetic_fixture,False
CNT002975,TREK025,2024-07-07,09:00,12:57,3.95,American Robin,Turdus migratorius,TURDUS_MIG,3,E,visible_migration,light rain,True,synthetic_fixture,False
CNT002976,TREK025,2024-07-11,07:00,08:10,1.17,Great Blue Heron,Ardea herodias,ARDEA_HERO,5,SW,visible_migration,,True,synthetic_fixture,False
CNT002977,TREK025,2024-07-11,07:00,08:10,1.17,Common Kestrel,Falco tinnunculus,FALCO_TINN,0,SE,visible_migration,clear,True,synthetic_fixture,False
CNT002978,TREK025,2024-07-30,05:00,07:36,2.6,Common Buzzard,Buteo buteo,BUTEO_BUTE,5,SE,visible_migration,clear,True,synthetic_fixture,False
CNT002979,TREK025,2024-07-30,05:00,07:36,2.6,Great Cormorant,Phalacrocorax carbo,PHALACROCO,2,N,visible_migration,,True,synthetic_fixture,False
CNT002980,TREK025,2024-07-30,05:00,07:36,2.6,Common Raven,Corvus corax,CORVUS_COR,5,NE,visible_migration,,True,synthetic_fixture,False
CNT002981,TREK025,2024-07-30,05:00,07:36,2.6,American Crow,Corvus brachyrhynchos,CORVUS_BRA,4,W,visible_migration,,True,synthetic_fixture,False
CNT002982,TREK025,2024-07-30,05:00,07:36,2.6,Canada Goose,Branta canadensis,BRANTA_CAN,2,N,visible_migration,overcast,True,synthetic_fixture,False
CNT002983,TREK025,2024-07-31,06:00,08:20,2.34,Common Kestrel,Falco tinnunculus,FALCO_TINN,4,NE,visible_migration,,True,synthetic_fixture,False
CNT002984,TREK025,2024-08-18,08:00,11:08,3.15,Common Raven,Corvus corax,CORVUS_COR,4,E,visible_migration,light rain,True,synthetic_fixture,False
CNT002985,TREK025,2024-08-18,08:00,11:08,3.15,Greylag Goose,Anser anser,ANSER_ANSE,10,NW,visible_migration,,True,synthetic_fixture,False
CNT002986,TREK025,2024-09-04,07:00,10:40,3.67,Eurasian Sparrowhawk,Accipiter nisus,ACCIPITER_,4,E,visible_migration,windy,True,synthetic_fixture,False
CNT002987,TREK025,2024-09-04,07:00,10:40,3.67,Common Raven,Corvus corax,CORVUS_COR,9,W,visible_migration,,True,synthetic_fixture,False
CNT002988,TREK025,2024-09-04,07:00,10:40,3.67,Canada Goose,Branta canadensis,BRANTA_CAN,6,S,visible_migration,clear,True,synthetic_fixture,False
CNT002989,TREK025,2024-10-20,06:00,11:00,5.0,Mallard,Anas platyrhynchos,ANAS_PLATY,11,S,visible_migration,windy,True,synthetic_fixture,False
CNT002990,TREK025,2024-10-20,06:00,11:00,5.0,Barn Swallow,Hirundo rustica,HIRUNDO_RU,5,W,visible_migration,clear,True,synthetic_fixture,False
CNT002991,TREK025,2024-10-20,06:00,11:00,5.0,Common Ringed Plover,Charadrius hiaticula,CHARADRIUS,7,SW,visible_migration,,True,synthetic_fixture,False
CNT002992,TREK025,2024-10-20,06:00,11:00,5.0,Rock Pigeon,Columba livia,COLUMBA_LI,10,NE,visible_migration,windy,True,synthetic_fixture,False
CNT002993,TREK025,2024-10-30,06:00,10:52,4.88,Great Blue Heron,Ardea herodias,ARDEA_HERO,8,NW,visible_migration,clear,True,synthetic_fixture,False
CNT002994,TREK025,2024-10-30,06:00,10:52,4.88,Eurasian Sparrowhawk,Accipiter nisus,ACCIPITER_,10,N,visible_migration,overcast,True,synthetic_fixture,False
CNT002995,TREK025,2024-11-13,09:00,14:28,5.47,Common Buzzard,Buteo buteo,BUTEO_BUTE,6,W,visible_migration,windy,True,synthetic_fixture,False
CNT002996,TREK025,2024-11-13,09:00,14:28,5.47,Rock Pigeon,Columba livia,COLUMBA_LI,4,NW,visible_migration,overcast,True,synthetic_fixture,False
CNT002997,TREK025,2024-11-13,09:00,14:28,5.47,Mute Swan,Cygnus olor,CYGNUS_OLO,1,SE,visible_migration,windy,True,synthetic_fixture,False
CNT002998,TREK025,2024-12-03,06:00,10:19,4.33,Rock Pigeon,Columba livia,COLUMBA_LI,7,S,visible_migration,light rain,True,synthetic_fixture,False
CNT002999,TREK025,2024-12-03,06:00,10:19,4.33,Grey Heron,Ardea cinerea,ARDEA_CINE,7,W,visible_migration,windy,True,synthetic_fixture,False
CNT003000,TREK025,2024-12-03,06:00,10:19,4.33,Great Cormorant,Phalacrocorax carbo,PHALACROCO,3,N,visible_migration,windy,True,synthetic_fixture,False
CNT003001,TREK025,2024-12-16,09:00,13:08,4.14,Great Black-backed Gull,Larus marinus,LARUS_MARI,3,E,visible_migration,,True,synthetic_fixture,False
CNT003002,TREK025,2024-12-16,09:00,13:08,4.14,Common Ringed Plover,Charadrius hiaticula,CHARADRIUS,4,SE,visible_migration,light rain,True,synthetic_fixture,False
CNT003003,TREK025,2024-12-17,09:00,10:33,1.56,Canada Goose,Branta canadensis,BRANTA_CAN,6,N,visible_migration,windy,True,synthetic_fixture,False
CNT003004,TREK025,2024-12-17,09:00,10:33,1.56,Common Ringed Plover,Charadrius hiaticula,CHARADRIUS,2,S,visible_migration,,True,synthetic_fixture,False
CNT003005,TREK025,2024-12-17,09:00,10:33,1.56,American Crow,Corvus brachyrhynchos,CORVUS_BRA,6,NE,visible_migration,overcast,True,synthetic_fixture,False
CNT003006,TREK026,2023-01-13,09:00,14:16,5.28,Greylag Goose,Anser anser,ANSER_ANSE,6,SE,capture,overcast,True,synthetic_fixture,False
CNT003007,TREK026,2023-01-13,09:00,14:16,5.28,Herring Gull,Larus argentatus,LARUS_ARGE,6,SE,capture,overcast,True,synthetic_fixture,False
CNT003008,TREK026,2023-01-13,09:00,14:16,5.28,Barn Swallow,Hirundo rustica,HIRUNDO_RU,3,W,capture,,True,synthetic_fixture,False
CNT003009,TREK026,2023-01-13,09:00,14:16,5.28,Eurasian Sparrowhawk,Accipiter nisus,ACCIPITER_,4,NE,capture,clear,True,synthetic_fixture,False
CNT003010,TREK026,2023-01-18,05:00,10:00,5.01,Herring Gull,Larus argentatus,LARUS_ARGE,6,SE,capture,windy,True,synthetic_fixture,False
CNT003011,TREK026,2023-01-18,05:00,10:00,5.01,Greylag Goose,Anser anser,ANSER_ANSE,4,W,capture,clear,True,synthetic_fixture,False
CNT003012,TREK026,2023-01-18,05:00,10:00,5.01,Common Raven,Corvus corax,CORVUS_COR,1,W,capture,light rain,True,synthetic_fixture,False
CNT003013,TREK026,2023-01-31,05:00,07:17,2.29,Rock Pigeon,Columba livia,COLUMBA_LI,2,E,capture,,True,synthetic_fixture,False
CNT003014,TREK026,2023-01-31,05:00,07:17,2.29,Common Buzzard,Buteo buteo,BUTEO_BUTE,0,S,capture,overcast,True,synthetic_fixture,False
CNT003015,TREK026,2023-01-31,05:00,07:17,2.29,Greylag Goose,Anser anser,ANSER_ANSE,3,N,capture,windy,True,synthetic_fixture,False
CNT003016,TREK026,2023-01-31,05:00,07:17,2.29,Common Ringed Plover,Charadrius hiaticula,CHARADRIUS,5,W,capture,light rain,True,synthetic_fixture,False
CNT003017,TREK026,2023-02-15,09:00,13:31,4.52,Herring Gull,Larus argentatus,LARUS_ARGE,5,SE,capture,clear,True,synthetic_fixture,False
CNT003018,TREK026,2023-02-15,09:00,13:31,4.52,Mute Swan,Cygnus olor,CYGNUS_OLO,1,E,capture,clear,True,synthetic_fixture,False
CNT003019,TREK026,2023-02-15,09:00,13:31,4.52,Great Black-backed Gull,Larus marinus,LARUS_MARI,4,SE,capture,light rain,True,synthetic_fixture,False
CNT003020,TREK026,2023-02-15,09:00,13:31,4.52,Grey Heron,Ardea cinerea,ARDEA_CINE,4,W,capture,light rain,True,synthetic_fixture,False
CNT003021,TREK026,2023-03-04,08:00,12:03,4.06,Greylag Goose,Anser anser,ANSER_ANSE,3,E,capture,clear,True,synthetic_fixture,False
CNT003022,TREK026,2023-03-04,08:00,12:03,4.06,Great Black-backed Gull,Larus marinus,LARUS_MARI,5,S,capture,light rain,True,synthetic_fixture,False
CNT003023,TREK026,2023-04-05,05:00,06:52,1.87,Greylag Goose,Anser anser,ANSER_ANSE,14,E,capture,overcast,True,synthetic_fixture,False
CNT003024,TREK026,2023-04-05,05:00,06:52,1.87,Eurasian Sparrowhawk,Accipiter nisus,ACCIPITER_,14,SE,capture,windy,True,synthetic_fixture,False
CNT003025,TREK026,2023-04-05,05:00,06:52,1.87,Mallard,Anas platyrhynchos,ANAS_PLATY,14,W,capture,windy,True,synthetic_fixture,False
CNT003026,TREK026,2023-04-25,06:00,11:46,5.78,American Crow,Corvus brachyrhynchos,CORVUS_BRA,12,NE,capture,overcast,False,synthetic_fixture,False
CNT003027,TREK026,2023-04-25,06:00,11:46,5.78,Great Cormorant,Phalacrocorax carbo,PHALACROCO,16,NE,capture,overcast,True,synthetic_fixture,False
CNT003028,TREK026,2023-04-25,06:00,11:46,5.78,Rock Pigeon,Columba livia,COLUMBA_LI,10,E,capture,windy,True,synthetic_fixture,False
CNT003029,TREK026,2023-04-25,06:00,11:46,5.78,Black-headed Gull,Chroicocephalus ridibundus,CHROICOCEP,7,NW,capture,overcast,True,synthetic_fixture,False
CNT003030,TREK026,2023-06-17,05:00,09:28,4.48,Herring Gull,Larus argentatus,LARUS_ARGE,3,NE,capture,windy,False,synthetic_fixture,False
CNT003031,TREK026,2023-06-17,05:00,09:28,4.48,Eurasian Sparrowhawk,Accipiter nisus,ACCIPITER_,3,W,capture,overcast,True,synthetic_fixture,False
CNT003032,TREK026,2023-08-14,07:00,11:20,4.35,Greylag Goose,Anser anser,ANSER_ANSE,4,NW,capture,clear,True,synthetic_fixture,False
CNT003033,TREK026,2023-08-14,07:00,11:20,4.35,Common Kestrel,Falco tinnunculus,FALCO_TINN,2,E,capture,,True,synthetic_fixture,False
CNT003034,TREK026,2023-08-14,07:00,11:20,4.35,Bald Eagle,Haliaeetus leucocephalus,HALIAEETUS,8,NW,capture,,True,synthetic_fixture,False
CNT003035,TREK026,2023-08-14,07:00,11:20,4.35,Common Raven,Corvus corax,CORVUS_COR,6,E,capture,light rain,True,synthetic_fixture,False
CNT003036,TREK026,2023-08-14,07:00,11:20,4.35,Canada Goose,Branta canadensis,BRANTA_CAN,5,E,capture,windy,True,synthetic_fixture,False
CNT003037,TREK026,2023-08-21,07:00,12:30,5.51,Grey Heron,Ardea cinerea,ARDEA_CINE,7,NW,capture,overcast,True,synthetic_fixture,False
CNT003038,TREK026,2023-08-21,07:00,12:30,5.51,Rock Pigeon,Columba livia,COLUMBA_LI,7,S,capture,clear,True,synthetic_fixture,False
CNT003039,TREK026,2023-08-21,07:00,12:30,5.51,Mallard,Anas platyrhynchos,ANAS_PLATY,8,S,capture,light rain,True,synthetic_fixture,False
CNT003040,TREK026,2023-08-22,07:00,12:24,5.41,Common Raven,Corvus corax,CORVUS_COR,9,N,capture,windy,True,synthetic_fixture,False
CNT003041,TREK026,2023-09-05,07:00,12:58,5.97,Eurasian Sparrowhawk,Accipiter nisus,ACCIPITER_,9,E,capture,clear,True,synthetic_fixture,False
CNT003042,TREK026,2023-09-08,07:00,08:15,1.25,Black-headed Gull,Chroicocephalus ridibundus,CHROICOCEP,10,N,capture,overcast,True,synthetic_fixture,False
CNT003043,TREK026,2023-09-08,07:00,08:15,1.25,Great Black-backed Gull,Larus marinus,LARUS_MARI,12,SE,capture,light rain,True,synthetic_fixture,False
CNT003044,TREK026,2023-09-08,07:00,08:15,1.25,Rock Pigeon,Columba livia,COLUMBA_LI,8,SE,capture,clear,True,synthetic_fixture,False
CNT003045,TREK026,2023-09-08,09:00,13:22,4.37,Common Buzzard,Buteo buteo,BUTEO_BUTE,10,W,capture,light rain,True,synthetic_fixture,False
CNT003046,TREK026,2023-09-08,09:00,13:22,4.37,Mute Swan,Cygnus olor,CYGNUS_OLO,7,N,capture,overcast,True,synthetic_fixture,False
CNT003047,TREK026,2023-09-08,09:00,13:22,4.37,Bald Eagle,Haliaeetus leucocephalus,HALIAEETUS,9,SE,capture,light rain,True,synthetic_fixture,False
CNT003048,TREK026,2023-09-08,09:00,13:22,4.37,Great Blue Heron,Ardea herodias,ARDEA_HERO,10,NW,capture,windy,True,synthetic_fixture,False
CNT003049,TREK026,2023-09-12,07:00,10:57,3.96,Great Cormorant,Phalacrocorax carbo,PHALACROCO,16,NE,capture,,True,synthetic_fixture,False
CNT003050,TREK026,2023-09-12,07:00,10:57,3.96,Common Raven,Corvus corax,CORVUS_COR,10,SE,capture,overcast,True,synthetic_fixture,False
CNT003051,TREK026,2023-09-12,07:00,10:57,3.96,Rock Pigeon,Columba livia,COLUMBA_LI,16,NW,capture,light rain,True,synthetic_fixture,False
CNT003052,TREK026,2023-09-12,07:00,10:57,3.96,Great Blue Heron,Ardea herodias,ARDEA_HERO,11,N,capture,clear,True,synthetic_fixture,False
CNT003053,TREK026,2023-09-12,07:00,10:57,3.96,Common Starling,Sturnus vulgaris,STURNUS_VU,12,SW,capture,windy,True,synthetic_fixture,False
CNT003054,TREK026,2023-10-29,07:00,09:30,2.5,Common Ringed Plover,Charadrius hiaticula,CHARADRIUS,7,N,capture,overcast,True,synthetic_fixture,False
CNT003055,TREK026,2023-10-29,07:00,09:30,2.5,Greylag Goose,Anser anser,ANSER_ANSE,1,SE,capture,windy,True,synthetic_fixture,False
CNT003056,TREK026,2023-10-29,07:00,09:30,2.5,Herring Gull,Larus argentatus,LARUS_ARGE,6,S,capture,overcast,True,synthetic_fixture,False
CNT003057,TREK026,2023-10-29,07:00,09:30,2.5,Great Cormorant,Phalacrocorax carbo,PHALACROCO,5,E,capture,,True,synthetic_fixture,False
CNT003058,TREK026,2023-12-18,06:00,08:22,2.38,American Robin,Turdus migratorius,TURDUS_MIG,5,NW,capture,light rain,True,synthetic_fixture,False
CNT003059,TREK026,2023-12-18,06:00,08:22,2.38,Barn Swallow,Hirundo rustica,HIRUNDO_RU,4,NW,capture,overcast,True,synthetic_fixture,False
CNT003060,TREK026,2023-12-18,06:00,08:22,2.38,Great Black-backed Gull,Larus marinus,LARUS_MARI,4,N,capture,light rain,True,synthetic_fixture,False
CNT003061,TREK026,2023-12-18,06:00,08:22,2.38,Bald Eagle,Haliaeetus leucocephalus,HALIAEETUS,4,W,capture,overcast,True,synthetic_fixture,False
CNT003062,TREK026,2024-01-19,07:00,09:08,2.15,Common Raven,Corvus corax,CORVUS_COR,1,E,capture,windy,True,synthetic_fixture,False
CNT003063,TREK026,2024-02-08,06:00,07:39,1.66,Mute Swan,Cygnus olor,CYGNUS_OLO,2,S,capture,clear,True,synthetic_fixture,False
CNT003064,TREK026,2024-02-08,06:00,07:39,1.66,Common Ringed Plover,Charadrius hiaticula,CHARADRIUS,4,SE,capture,,True,synthetic_fixture,False
CNT003065,TREK026,2024-02-26,07:00,10:56,3.94,Common Kestrel,Falco tinnunculus,FALCO_TINN,5,S,capture,,True,synthetic_fixture,False
CNT003066,TREK026,2024-02-26,07:00,10:56,3.94,Black-headed Gull,Chroicocephalus ridibundus,CHROICOCEP,11,NW,capture,overcast,True,synthetic_fixture,False
CNT003067,TREK026,2024-02-26,07:00,10:56,3.94,Great Black-backed Gull,Larus marinus,LARUS_MARI,6,S,capture,clear,True,synthetic_fixture,False
CNT003068,TREK026,2024-02-26,07:00,10:56,3.94,Great Blue Heron,Ardea herodias,ARDEA_HERO,8,NW,capture,clear,True,synthetic_fixture,False
CNT003069,TREK026,2024-03-08,08:00,11:00,3.0,Greylag Goose,Anser anser,ANSER_ANSE,4,SE,capture,windy,True,synthetic_fixture,False
CNT003070,TREK026,2024-03-08,08:00,11:00,3.0,Barn Swallow,Hirundo rustica,HIRUNDO_RU,9,SW,capture,overcast,True,synthetic_fixture,False
CNT003071,TREK026,2024-03-08,08:00,11:00,3.0,Common Raven,Corvus corax,CORVUS_COR,9,NE,capture,,True,synthetic_fixture,False
CNT003072,TREK026,2024-03-08,08:00,11:00,3.0,Great Cormorant,Phalacrocorax carbo,PHALACROCO,8,NE,capture,windy,True,synthetic_fixture,False
CNT003073,TREK026,2024-03-12,07:00,08:36,1.6,Rock Pigeon,Columba livia,COLUMBA_LI,10,W,capture,windy,True,synthetic_fixture,False
CNT003074,TREK026,2024-03-20,07:00,12:33,5.56,Black-headed Gull,Chroicocephalus ridibundus,CHROICOCEP,10,SW,capture,clear,True,synthetic_fixture,False
CNT003075,TREK026,2024-03-20,07:00,12:33,5.56,American Crow,Corvus brachyrhynchos,CORVUS_BRA,12,E,capture,light rain,True,synthetic_fixture,False
CNT003076,TREK026,2024-03-26,07:00,10:35,3.59,Canada Goose,Branta canadensis,BRANTA_CAN,7,NE,capture,windy,True,synthetic_fixture,False
CNT003077,TREK026,2024-03-26,07:00,10:35,3.59,Common Ringed Plover,Charadrius hiaticula,CHARADRIUS,7,W,capture,,True,synthetic_fixture,False
CNT003078,TREK026,2024-04-13,09:00,13:42,4.71,Grey Heron,Ardea cinerea,ARDEA_CINE,15,SW,capture,clear,True,synthetic_fixture,False
CNT003079,TREK026,2024-04-13,09:00,13:42,4.71,Greylag Goose,Anser anser,ANSER_ANSE,12,SE,capture,light rain,True,synthetic_fixture,False
CNT003080,TREK026,2024-04-13,09:00,13:42,4.71,Great Cormorant,Phalacrocorax carbo,PHALACROCO,7,S,capture,windy,True,synthetic_fixture,False
CNT003081,TREK026,2024-04-17,08:00,11:18,3.31,Great Blue Heron,Ardea herodias,ARDEA_HERO,11,SW,capture,overcast,True,synthetic_fixture,False
CNT003082,TREK026,2024-04-17,08:00,11:18,3.31,Rock Pigeon,Columba livia,COLUMBA_LI,9,SE,capture,light rain,True,synthetic_fixture,False
CNT003083,TREK026,2024-04-17,08:00,11:18,3.31,Common Ringed Plover,Charadrius hiaticula,CHARADRIUS,5,SE,capture,,True,synthetic_fixture,False
CNT003084,TREK026,2024-04-17,08:00,11:18,3.31,Eurasian Sparrowhawk,Accipiter nisus,ACCIPITER_,10,N,capture,,True,synthetic_fixture,False
CNT003085,TREK026,2024-04-21,09:00,14:52,5.88,Rock Pigeon,Columba livia,COLUMBA_LI,16,E,capture,,True,synthetic_fixture,False
CNT003086,TREK026,2024-04-21,09:00,14:52,5.88,American Robin,Turdus migratorius,TURDUS_MIG,10,NW,capture,,True,synthetic_fixture,False
CNT003087,TREK026,2024-04-21,09:00,14:52,5.88,Common Ringed Plover,Charadrius hiaticula,CHARADRIUS,9,NW,capture,windy,True,synthetic_fixture,False
CNT003088,TREK026,2024-04-21,09:00,14:52,5.88,Greylag Goose,Anser anser,ANSER_ANSE,10,NW,capture,windy,True,synthetic_fixture,False
CNT003089,TREK026,2024-04-24,06:00,11:09,5.16,American Robin,Turdus migratorius,TURDUS_MIG,10,SW,capture,,True,synthetic_fixture,False
CNT003090,TREK026,2024-04-24,06:00,11:09,5.16,Great Black-backed Gull,Larus marinus,LARUS_MARI,7,SE,capture,clear,True,synthetic_fixture,False
CNT003091,TREK026,2024-04-24,06:00,11:09,5.16,Great Cormorant,Phalacrocorax carbo,PHALACROCO,11,NE,capture,light rain,True,synthetic_fixture,False
CNT003092,TREK026,2024-04-24,06:00,11:09,5.16,Bald Eagle,Haliaeetus leucocephalus,HALIAEETUS,9,E,capture,light rain,True,synthetic_fixture,False
CNT003093,TREK026,2024-04-24,06:00,11:09,5.16,Common Raven,Corvus corax,CORVUS_COR,10,S,capture,overcast,True,synthetic_fixture,False
CNT003094,TREK026,2024-05-06,08:00,13:27,5.46,Great Black-backed Gull,Larus marinus,LARUS_MARI,7,N,capture,clear,True,synthetic_fixture,False
CNT003095,TREK026,2024-05-06,08:00,13:27,5.46,Common Kestrel,Falco tinnunculus,FALCO_TINN,9,W,capture,windy,True,synthetic_fixture,False
CNT003096,TREK026,2024-05-09,07:00,12:18,5.31,Common Buzzard,Buteo buteo,BUTEO_BUTE,10,NW,capture,overcast,False,synthetic_fixture,False
CNT003097,TREK026,2024-05-09,07:00,12:18,5.31,Common Kestrel,Falco tinnunculus,FALCO_TINN,7,S,capture,overcast,True,synthetic_fixture,False
CNT003098,TREK026,2024-05-09,07:00,12:18,5.31,Mute Swan,Cygnus olor,CYGNUS_OLO,6,E,capture,,True,synthetic_fixture,False
CNT003099,TREK026,2024-05-14,07:00,09:51,2.85,Common Kestrel,Falco tinnunculus,FALCO_TINN,5,SW,capture,light rain,True,synthetic_fixture,False
CNT003100,TREK026,2024-05-14,07:00,09:51,2.85,Black-headed Gull,Chroicocephalus ridibundus,CHROICOCEP,6,SE,capture,overcast,True,synthetic_fixture,False
CNT003101,TREK026,2024-05-14,07:00,09:51,2.85,Eurasian Sparrowhawk,Accipiter nisus,ACCIPITER_,4,SE,capture,overcast,True,synthetic_fixture,False
CNT003102,TREK026,2024-05-14,07:00,09:51,2.85,American Crow,Corvus brachyrhynchos,CORVUS_BRA,5,SW,capture,windy,True,synthetic_fixture,False
CNT003103,TREK026,2024-05-25,08:00,12:27,4.46,Canada Goose,Branta canadensis,BRANTA_CAN,11,NE,capture,clear,True,synthetic_fixture,False
CNT003104,TREK026,2024-05-25,08:00,12:27,4.46,Bald Eagle,Haliaeetus leucocephalus,HALIAEETUS,3,NW,capture,overcast,True,synthetic_fixture,False
CNT003105,TREK026,2024-05-25,08:00,12:27,4.46,Mallard,Anas platyrhynchos,ANAS_PLATY,9,E,capture,,True,synthetic_fixture,False
CNT003106,TREK026,2024-06-14,08:00,10:45,2.75,Barn Swallow,Hirundo rustica,HIRUNDO_RU,1,E,capture,clear,True,synthetic_fixture,False
CNT003107,TREK026,2024-06-14,08:00,10:45,2.75,Common Buzzard,Buteo buteo,BUTEO_BUTE,2,SE,capture,clear,True,synthetic_fixture,False
CNT003108,TREK026,2024-06-24,05:00,08:25,3.43,Bald Eagle,Haliaeetus leucocephalus,HALIAEETUS,3,SE,capture,overcast,True,synthetic_fixture,False
CNT003109,TREK026,2024-06-24,05:00,08:25,3.43,Great Blue Heron,Ardea herodias,ARDEA_HERO,3,NE,capture,,True,synthetic_fixture,False
CNT003110,TREK026,2024-06-24,05:00,08:25,3.43,Common Raven,Corvus corax,CORVUS_COR,4,W,capture,clear,True,synthetic_fixture,False
CNT003111,TREK026,2024-06-24,05:00,08:25,3.43,Greylag Goose,Anser anser,ANSER_ANSE,1,SE,capture,windy,True,synthetic_fixture,False
CNT003112,TREK026,2024-08-03,05:00,09:30,4.5,Canada Goose,Branta canadensis,BRANTA_CAN,4,N,capture,clear,True,synthetic_fixture,False
CNT003113,TREK026,2024-08-03,05:00,09:30,4.5,Mallard,Anas platyrhynchos,ANAS_PLATY,9,SE,capture,light rain,True,synthetic_fixture,False
CNT003114,TREK026,2024-08-04,05:00,06:26,1.45,Rock Pigeon,Columba livia,COLUMBA_LI,6,SW,capture,windy,True,synthetic_fixture,False
CNT003115,TREK026,2024-08-04,05:00,06:26,1.45,Common Raven,Corvus corax,CORVUS_COR,4,E,capture,overcast,True,synthetic_fixture,False
CNT003116,TREK026,2024-08-04,05:00,06:26,1.45,Common Ringed Plover,Charadrius hiaticula,CHARADRIUS,6,S,capture,,True,synthetic_fixture,False
CNT003117,TREK026,2024-08-04,05:00,06:26,1.45,Eurasian Sparrowhawk,Accipiter nisus,ACCIPITER_,3,N,capture,clear,False,synthetic_fixture,False
CNT003118,TREK026,2024-08-04,06:00,09:41,3.69,Mallard,Anas platyrhynchos,ANAS_PLATY,2,E,capture,windy,True,synthetic_fixture,False
CNT003119,TREK026,2024-08-04,06:00,09:41,3.69,Great Black-backed Gull,Larus marinus,LARUS_MARI,3,N,capture,,True,synthetic_fixture,False
CNT003120,TREK026,2024-10-20,09:00,11:21,2.35,Grey Heron,Ardea cinerea,ARDEA_CINE,10,NE,capture,clear,True,synthetic_fixture,False
CNT003121,TREK026,2024-10-20,09:00,11:21,2.35,Common Buzzard,Buteo buteo,BUTEO_BUTE,9,N,capture,clear,True,synthetic_fixture,False
CNT003122,TREK026,2024-10-20,09:00,11:21,2.35,American Crow,Corvus brachyrhynchos,CORVUS_BRA,8,W,capture,light rain,True,synthetic_fixture,False
CNT003123,TREK026,2024-10-30,07:00,09:09,2.16,Great Blue Heron,Ardea herodias,ARDEA_HERO,3,NW,capture,windy,True,synthetic_fixture,False
CNT003124,TREK026,2024-10-30,07:00,09:09,2.16,Common Kestrel,Falco tinnunculus,FALCO_TINN,7,SW,capture,light rain,True,synthetic_fixture,False
CNT003125,TREK026,2024-10-30,07:00,09:09,2.16,Greylag Goose,Anser anser,ANSER_ANSE,11,SW,capture,light rain,True,synthetic_fixture,False
CNT003126,TREK026,2024-11-11,07:00,08:09,1.16,Greylag Goose,Anser anser,ANSER_ANSE,4,NW,capture,clear,True,synthetic_fixture,False
CNT003127,TREK026,2024-11-11,07:00,08:09,1.16,Great Black-backed Gull,Larus marinus,LARUS_MARI,6,E,capture,clear,True,synthetic_fixture,False
CNT003128,TREK026,2024-11-11,07:00,08:09,1.16,American Robin,Turdus migratorius,TURDUS_MIG,3,SW,capture,,True,synthetic_fixture,False
CNT003129,TREK026,2024-11-11,07:00,08:09,1.16,Common Kestrel,Falco tinnunculus,FALCO_TINN,10,SE,capture,,True,synthetic_fixture,False
CNT003130,TREK026,2024-12-11,05:00,09:00,4.01,Common Buzzard,Buteo buteo,BUTEO_BUTE,2,NE,capture,overcast,True,synthetic_fixture,False
CNT003131,TREK026,2024-12-11,05:00,09:00,4.01,American Crow,Corvus brachyrhynchos,CORVUS_BRA,1,SW,capture,,True,synthetic_fixture,False
CNT003132,TREK026,2024-12-11,05:00,09:00,4.01,Barn Swallow,Hirundo rustica,HIRUNDO_RU,2,N,capture,overcast,True,synthetic_fixture,False
CNT003133,TREK027,2023-01-05,05:00,07:08,2.15,Mute Swan,Cygnus olor,CYGNUS_OLO,3,NE,visible_migration,clear,True,synthetic_fixture,False
CNT003134,TREK027,2023-01-05,05:00,07:08,2.15,American Robin,Turdus migratorius,TURDUS_MIG,3,NW,visible_migration,light rain,True,synthetic_fixture,False
CNT003135,TREK027,2023-01-05,05:00,07:08,2.15,Black-headed Gull,Chroicocephalus ridibundus,CHROICOCEP,2,W,visible_migration,overcast,False,synthetic_fixture,False
CNT003136,TREK027,2023-01-05,05:00,07:08,2.15,Common Raven,Corvus corax,CORVUS_COR,4,E,visible_migration,,True,synthetic_fixture,False
CNT003137,TREK027,2023-02-07,05:00,07:19,2.32,Barn Swallow,Hirundo rustica,HIRUNDO_RU,4,S,visible_migration,windy,True,synthetic_fixture,False
CNT003138,TREK027,2023-02-07,05:00,07:19,2.32,Rock Pigeon,Columba livia,COLUMBA_LI,6,N,visible_migration,overcast,True,synthetic_fixture,False
CNT003139,TREK027,2023-02-07,05:00,07:19,2.32,Grey Heron,Ardea cinerea,ARDEA_CINE,5,NE,visible_migration,,True,synthetic_fixture,False
CNT003140,TREK027,2023-02-07,05:00,07:19,2.32,American Crow,Corvus brachyrhynchos,CORVUS_BRA,3,S,visible_migration,windy,True,synthetic_fixture,False
CNT003141,TREK027,2023-02-10,06:00,08:42,2.7,Common Raven,Corvus corax,CORVUS_COR,3,NW,visible_migration,overcast,False,synthetic_fixture,False
CNT003142,TREK027,2023-02-10,06:00,08:42,2.7,Black-headed Gull,Chroicocephalus ridibundus,CHROICOCEP,0,SE,visible_migration,windy,True,synthetic_fixture,False
CNT003143,TREK027,2023-02-10,06:00,08:42,2.7,Common Buzzard,Buteo buteo,BUTEO_BUTE,2,S,visible_migration,clear,True,synthetic_fixture,False
CNT003144,TREK027,2023-02-15,06:00,10:31,4.52,Canada Goose,Branta canadensis,BRANTA_CAN,6,NE,visible_migration,light rain,True,synthetic_fixture,False
CNT003145,TREK027,2023-02-15,06:00,10:31,4.52,Common Buzzard,Buteo buteo,BUTEO_BUTE,6,NE,visible_migration,overcast,True,synthetic_fixture,False
CNT003146,TREK027,2023-02-15,06:00,10:31,4.52,American Robin,Turdus migratorius,TURDUS_MIG,5,N,visible_migration,clear,True,synthetic_fixture,False
CNT003147,TREK027,2023-02-21,08:00,09:36,1.61,Barn Swallow,Hirundo rustica,HIRUNDO_RU,6,E,visible_migration,windy,True,synthetic_fixture,False
CNT003148,TREK027,2023-02-21,08:00,09:36,1.61,Mute Swan,Cygnus olor,CYGNUS_OLO,6,SE,visible_migration,clear,True,synthetic_fixture,False
CNT003149,TREK027,2023-03-24,08:00,11:58,3.98,Greylag Goose,Anser anser,ANSER_ANSE,14,SE,visible_migration,clear,True,synthetic_fixture,False
CNT003150,TREK027,2023-04-03,05:00,08:17,3.3,Common Buzzard,Buteo buteo,BUTEO_BUTE,9,NW,visible_migration,windy,True,synthetic_fixture,False
CNT003151,TREK027,2023-04-03,05:00,08:17,3.3,Mallard,Anas platyrhynchos,ANAS_PLATY,6,S,visible_migration,,True,synthetic_fixture,False
CNT003152,TREK027,2023-04-03,05:00,08:17,3.3,Greylag Goose,Anser anser,ANSER_ANSE,14,SW,visible_migration,,True,synthetic_fixture,False
CNT003153,TREK027,2023-04-03,05:00,08:17,3.3,Great Blue Heron,Ardea herodias,ARDEA_HERO,8,E,visible_migration,clear,True,synthetic_fixture,False
CNT003154,TREK027,2023-04-03,05:00,08:17,3.3,Rock Pigeon,Columba livia,COLUMBA_LI,12,W,visible_migration,overcast,True,synthetic_fixture,False
CNT003155,TREK027,2023-04-18,06:00,08:12,2.2,Great Cormorant,Phalacrocorax carbo,PHALACROCO,9,NE,visible_migration,light rain,True,synthetic_fixture,False
CNT003156,TREK027,2023-05-02,06:00,08:13,2.23,Mute Swan,Cygnus olor,CYGNUS_OLO,9,SW,visible_migration,overcast,True,synthetic_fixture,False
CNT003157,TREK027,2023-05-02,06:00,08:13,2.23,Grey Heron,Ardea cinerea,ARDEA_CINE,10,N,visible_migration,windy,True,synthetic_fixture,False
CNT003158,TREK027,2023-05-02,06:00,08:13,2.23,Rock Pigeon,Columba livia,COLUMBA_LI,8,E,visible_migration,clear,True,synthetic_fixture,False
CNT003159,TREK027,2023-05-02,06:00,08:13,2.23,Common Kestrel,Falco tinnunculus,FALCO_TINN,9,E,visible_migration,light rain,True,synthetic_fixture,False
CNT003160,TREK027,2023-05-16,06:00,09:36,3.6,American Crow,Corvus brachyrhynchos,CORVUS_BRA,5,NW,visible_migration,,True,synthetic_fixture,False
CNT003161,TREK027,2023-05-16,06:00,09:36,3.6,Great Cormorant,Phalacrocorax carbo,PHALACROCO,5,SE,visible_migration,,True,synthetic_fixture,False
CNT003162,TREK027,2023-05-16,06:00,09:36,3.6,Eurasian Sparrowhawk,Accipiter nisus,ACCIPITER_,7,S,visible_migration,overcast,True,synthetic_fixture,False
CNT003163,TREK027,2023-06-07,05:00,10:43,5.73,Common Kestrel,Falco tinnunculus,FALCO_TINN,2,S,visible_migration,windy,True,synthetic_fixture,False
CNT003164,TREK027,2023-06-07,05:00,10:43,5.73,American Robin,Turdus migratorius,TURDUS_MIG,3,E,visible_migration,,True,synthetic_fixture,False
CNT003165,TREK027,2023-06-07,05:00,10:43,5.73,Bald Eagle,Haliaeetus leucocephalus,HALIAEETUS,3,E,visible_migration,light rain,True,synthetic_fixture,False
CNT003166,TREK027,2023-06-07,05:00,10:43,5.73,Great Cormorant,Phalacrocorax carbo,PHALACROCO,4,SE,visible_migration,clear,True,synthetic_fixture,False
CNT003167,TREK027,2023-06-07,05:00,10:43,5.73,Canada Goose,Branta canadensis,BRANTA_CAN,6,NW,visible_migration,,True,synthetic_fixture,False
CNT003168,TREK027,2023-06-18,05:00,08:06,3.1,Common Buzzard,Buteo buteo,BUTEO_BUTE,5,SW,visible_migration,overcast,True,synthetic_fixture,False
CNT003169,TREK027,2023-08-06,08:00,12:42,4.7,Common Buzzard,Buteo buteo,BUTEO_BUTE,5,SW,visible_migration,windy,True,synthetic_fixture,False
CNT003170,TREK027,2023-09-01,07:00,09:18,2.31,American Robin,Turdus migratorius,TURDUS_MIG,10,S,visible_migration,overcast,True,synthetic_fixture,False
CNT003171,TREK027,2023-09-08,05:00,06:51,1.85,Rock Pigeon,Columba livia,COLUMBA_LI,7,E,visible_migration,windy,True,synthetic_fixture,False
CNT003172,TREK027,2023-11-06,06:00,08:27,2.45,Common Kestrel,Falco tinnunculus,FALCO_TINN,2,NW,visible_migration,clear,True,synthetic_fixture,False
CNT003173,TREK027,2023-11-06,06:00,08:27,2.45,Grey Heron,Ardea cinerea,ARDEA_CINE,6,SW,visible_migration,light rain,True,synthetic_fixture,False
CNT003174,TREK027,2023-11-06,06:00,08:27,2.45,Common Starling,Sturnus vulgaris,STURNUS_VU,2,NE,visible_migration,light rain,False,synthetic_fixture,False
CNT003175,TREK027,2023-11-06,06:00,08:27,2.45,Rock Pigeon,Columba livia,COLUMBA_LI,11,W,visible_migration,windy,True,synthetic_fixture,False
CNT003176,TREK027,2023-11-18,06:00,07:37,1.62,Black-headed Gull,Chroicocephalus ridibundus,CHROICOCEP,3,NW,visible_migration,,True,synthetic_fixture,False
CNT003177,TREK027,2023-11-18,06:00,07:37,1.62,Mute Swan,Cygnus olor,CYGNUS_OLO,1,S,visible_migration,windy,True,synthetic_fixture,False
CNT003178,TREK027,2023-11-18,06:00,07:37,1.62,Barn Swallow,Hirundo rustica,HIRUNDO_RU,2,NE,visible_migration,windy,True,synthetic_fixture,False
CNT003179,TREK027,2023-11-18,06:00,07:37,1.62,Common Kestrel,Falco tinnunculus,FALCO_TINN,2,SE,visible_migration,,True,synthetic_fixture,False
CNT003180,TREK027,2023-11-18,06:00,07:37,1.62,Common Starling,Sturnus vulgaris,STURNUS_VU,3,E,visible_migration,clear,True,synthetic_fixture,False
CNT003181,TREK027,2023-12-04,08:00,12:12,4.21,Bald Eagle,Haliaeetus leucocephalus,HALIAEETUS,3,W,visible_migration,clear,True,synthetic_fixture,False
CNT003182,TREK027,2023-12-04,08:00,12:12,4.21,Herring Gull,Larus argentatus,LARUS_ARGE,3,NE,visible_migration,windy,True,synthetic_fixture,False
CNT003183,TREK027,2023-12-04,08:00,12:12,4.21,Common Ringed Plover,Charadrius hiaticula,CHARADRIUS,2,SW,visible_migration,,True,synthetic_fixture,False
CNT003184,TREK027,2023-12-14,07:00,08:34,1.57,Great Blue Heron,Ardea herodias,ARDEA_HERO,0,S,visible_migration,overcast,True,synthetic_fixture,False
CNT003185,TREK027,2023-12-23,09:00,10:24,1.41,Eurasian Sparrowhawk,Accipiter nisus,ACCIPITER_,3,E,visible_migration,windy,True,synthetic_fixture,False
CNT003186,TREK027,2023-12-23,09:00,10:24,1.41,Canada Goose,Branta canadensis,BRANTA_CAN,1,W,visible_migration,,True,synthetic_fixture,False
CNT003187,TREK027,2023-12-23,09:00,10:24,1.41,American Crow,Corvus brachyrhynchos,CORVUS_BRA,1,N,visible_migration,clear,True,synthetic_fixture,False
CNT003188,TREK027,2023-12-28,09:00,14:11,5.19,Eurasian Sparrowhawk,Accipiter nisus,ACCIPITER_,6,SW,visible_migration,windy,True,synthetic_fixture,False
CNT003189,TREK027,2023-12-28,09:00,14:11,5.19,Herring Gull,Larus argentatus,LARUS_ARGE,5,S,visible_migration,clear,True,synthetic_fixture,False
CNT003190,TREK027,2024-01-15,06:00,09:04,3.08,Rock Pigeon,Columba livia,COLUMBA_LI,3,S,visible_migration,clear,True,synthetic_fixture,False
CNT003191,TREK027,2024-01-15,06:00,09:04,3.08,Black-headed Gull,Chroicocephalus ridibundus,CHROICOCEP,3,N,visible_migration,windy,True,synthetic_fixture,False
CNT003192,TREK027,2024-01-15,06:00,09:04,3.08,Barn Swallow,Hirundo rustica,HIRUNDO_RU,1,E,visible_migration,,False,synthetic_fixture,False
CNT003193,TREK027,2024-01-15,06:00,09:04,3.08,Herring Gull,Larus argentatus,LARUS_ARGE,5,SE,visible_migration,light rain,True,synthetic_fixture,False
CNT003194,TREK027,2024-02-01,07:00,10:15,3.26,Bald Eagle,Haliaeetus leucocephalus,HALIAEETUS,0,SW,visible_migration,,True,synthetic_fixture,False
CNT003195,TREK027,2024-02-01,07:00,10:15,3.26,Black-headed Gull,Chroicocephalus ridibundus,CHROICOCEP,3,E,visible_migration,clear,True,synthetic_fixture,False
CNT003196,TREK027,2024-02-01,07:00,10:15,3.26,Herring Gull,Larus argentatus,LARUS_ARGE,3,W,visible_migration,windy,True,synthetic_fixture,False
CNT003197,TREK027,2024-02-01,07:00,10:15,3.26,Common Starling,Sturnus vulgaris,STURNUS_VU,9,SE,visible_migration,overcast,True,synthetic_fixture,False
CNT003198,TREK027,2024-02-01,07:00,10:15,3.26,Canada Goose,Branta canadensis,BRANTA_CAN,2,SE,visible_migration,,True,synthetic_fixture,False
CNT003199,TREK027,2024-04-06,05:00,06:35,1.59,Common Kestrel,Falco tinnunculus,FALCO_TINN,4,S,visible_migration,,True,synthetic_fixture,False
CNT003200,TREK027,2024-04-06,05:00,06:35,1.59,Mute Swan,Cygnus olor,CYGNUS_OLO,16,NE,visible_migration,windy,True,synthetic_fixture,False
CNT003201,TREK027,2024-04-06,05:00,06:35,1.59,Common Starling,Sturnus vulgaris,STURNUS_VU,11,N,visible_migration,clear,True,synthetic_fixture,False
CNT003202,TREK027,2024-04-06,05:00,06:35,1.59,Common Raven,Corvus corax,CORVUS_COR,14,SE,visible_migration,overcast,True,synthetic_fixture,False
CNT003203,TREK027,2024-04-11,06:00,09:01,3.02,Barn Swallow,Hirundo rustica,HIRUNDO_RU,11,SW,visible_migration,clear,True,synthetic_fixture,False
CNT003204,TREK027,2024-04-11,06:00,09:01,3.02,Great Cormorant,Phalacrocorax carbo,PHALACROCO,11,N,visible_migration,light rain,False,synthetic_fixture,False
CNT003205,TREK027,2024-04-20,05:00,08:58,3.97,Eurasian Sparrowhawk,Accipiter nisus,ACCIPITER_,10,SW,visible_migration,,True,synthetic_fixture,False
CNT003206,TREK027,2024-04-20,05:00,08:58,3.97,Herring Gull,Larus argentatus,LARUS_ARGE,9,E,visible_migration,overcast,True,synthetic_fixture,False
CNT003207,TREK027,2024-04-20,05:00,08:58,3.97,Common Ringed Plover,Charadrius hiaticula,CHARADRIUS,12,SE,visible_migration,light rain,True,synthetic_fixture,False
CNT003208,TREK027,2024-05-12,08:00,09:12,1.21,Herring Gull,Larus argentatus,LARUS_ARGE,2,SW,visible_migration,overcast,True,synthetic_fixture,False
CNT003209,TREK027,2024-05-12,08:00,09:12,1.21,Great Blue Heron,Ardea herodias,ARDEA_HERO,9,N,visible_migration,clear,False,synthetic_fixture,False
CNT003210,TREK027,2024-05-13,07:00,08:38,1.64,Barn Swallow,Hirundo rustica,HIRUNDO_RU,4,NE,visible_migration,,True,synthetic_fixture,False
CNT003211,TREK027,2024-05-13,07:00,08:38,1.64,Greylag Goose,Anser anser,ANSER_ANSE,6,E,visible_migration,light rain,True,synthetic_fixture,False
CNT003212,TREK027,2024-06-12,05:00,09:28,4.47,Great Cormorant,Phalacrocorax carbo,PHALACROCO,2,S,visible_migration,clear,True,synthetic_fixture,False
CNT003213,TREK027,2024-06-12,05:00,09:28,4.47,Mute Swan,Cygnus olor,CYGNUS_OLO,1,NE,visible_migration,clear,True,synthetic_fixture,False
CNT003214,TREK027,2024-06-29,06:00,07:51,1.85,Grey Heron,Ardea cinerea,ARDEA_CINE,4,W,visible_migration,light rain,False,synthetic_fixture,False
CNT003215,TREK027,2024-06-29,06:00,07:51,1.85,Great Blue Heron,Ardea herodias,ARDEA_HERO,2,NE,visible_migration,windy,True,synthetic_fixture,False
CNT003216,TREK027,2024-06-29,06:00,07:51,1.85,Mallard,Anas platyrhynchos,ANAS_PLATY,5,S,visible_migration,overcast,True,synthetic_fixture,False
CNT003217,TREK027,2024-08-10,08:00,10:32,2.54,Greylag Goose,Anser anser,ANSER_ANSE,3,SW,visible_migration,overcast,True,synthetic_fixture,False
CNT003218,TREK027,2024-08-10,08:00,10:32,2.54,Common Kestrel,Falco tinnunculus,FALCO_TINN,6,SW,visible_migration,clear,True,synthetic_fixture,False
CNT003219,TREK027,2024-08-10,08:00,10:32,2.54,American Robin,Turdus migratorius,TURDUS_MIG,4,SE,visible_migration,light rain,True,synthetic_fixture,False
CNT003220,TREK027,2024-08-10,08:00,10:32,2.54,Common Ringed Plover,Charadrius hiaticula,CHARADRIUS,7,NE,visible_migration,,True,synthetic_fixture,False
CNT003221,TREK027,2024-08-10,08:00,10:32,2.54,Great Cormorant,Phalacrocorax carbo,PHALACROCO,7,NW,visible_migration,overcast,True,synthetic_fixture,False
CNT003222,TREK027,2024-09-21,08:00,09:47,1.79,Great Blue Heron,Ardea herodias,ARDEA_HERO,6,S,visible_migration,,True,synthetic_fixture,False
CNT003223,TREK027,2024-09-21,08:00,09:47,1.79,Mute Swan,Cygnus olor,CYGNUS_OLO,10,NW,visible_migration,clear,True,synthetic_fixture,False
CNT003224,TREK027,2024-09-21,08:00,09:47,1.79,Great Cormorant,Phalacrocorax carbo,PHALACROCO,15,E,visible_migration,clear,True,synthetic_fixture,False
CNT003225,TREK027,2024-09-21,08:00,09:47,1.79,Great Black-backed Gull,Larus marinus,LARUS_MARI,16,S,visible_migration,clear,True,synthetic_fixture,False
CNT003226,TREK027,2024-09-21,08:00,09:47,1.79,Common Ringed Plover,Charadrius hiaticula,CHARADRIUS,13,N,visible_migration,clear,True,synthetic_fixture,False
CNT003227,TREK027,2024-09-25,06:00,09:07,3.13,American Crow,Corvus brachyrhynchos,CORVUS_BRA,9,SW,visible_migration,clear,True,synthetic_fixture,False
CNT003228,TREK027,2024-10-02,09:00,12:01,3.02,American Crow,Corvus brachyrhynchos,CORVUS_BRA,8,NW,visible_migration,,True,synthetic_fixture,False
CNT003229,TREK027,2024-10-02,09:00,12:01,3.02,Common Starling,Sturnus vulgaris,STURNUS_VU,12,NE,visible_migration,overcast,True,synthetic_fixture,False
CNT003230,TREK027,2024-10-02,09:00,12:01,3.02,Common Ringed Plover,Charadrius hiaticula,CHARADRIUS,13,W,visible_migration,,True,synthetic_fixture,False
CNT003231,TREK027,2024-10-02,09:00,12:01,3.02,Mute Swan,Cygnus olor,CYGNUS_OLO,15,W,visible_migration,,False,synthetic_fixture,False
CNT003232,TREK027,2024-10-02,09:00,12:01,3.02,Mallard,Anas platyrhynchos,ANAS_PLATY,17,SE,visible_migration,,True,synthetic_fixture,False
CNT003233,TREK027,2024-11-06,09:00,10:21,1.35,Great Blue Heron,Ardea herodias,ARDEA_HERO,4,SE,visible_migration,windy,True,synthetic_fixture,False
CNT003234,TREK027,2024-11-14,05:00,07:57,2.95,Black-headed Gull,Chroicocephalus ridibundus,CHROICOCEP,4,NW,visible_migration,overcast,True,synthetic_fixture,False
CNT003235,TREK027,2024-11-30,09:00,10:36,1.6,Mute Swan,Cygnus olor,CYGNUS_OLO,2,SW,visible_migration,,True,synthetic_fixture,False
CNT003236,TREK027,2024-11-30,09:00,10:36,1.6,Canada Goose,Branta canadensis,BRANTA_CAN,4,W,visible_migration,,True,synthetic_fixture,False
CNT003237,TREK027,2024-11-30,09:00,10:36,1.6,American Crow,Corvus brachyrhynchos,CORVUS_BRA,2,NE,visible_migration,light rain,True,synthetic_fixture,False
CNT003238,TREK027,2024-11-30,09:00,10:36,1.6,Common Buzzard,Buteo buteo,BUTEO_BUTE,4,NW,visible_migration,windy,True,synthetic_fixture,False
CNT003239,TREK027,2024-12-02,08:00,10:44,2.74,Barn Swallow,Hirundo rustica,HIRUNDO_RU,6,E,visible_migration,windy,False,synthetic_fixture,False
CNT003240,TREK027,2024-12-02,08:00,10:44,2.74,Mute Swan,Cygnus olor,CYGNUS_OLO,4,SE,visible_migration,light rain,True,synthetic_fixture,False
CNT003241,TREK027,2024-12-08,06:00,09:15,3.26,Canada Goose,Branta canadensis,BRANTA_CAN,5,SE,visible_migration,clear,True,synthetic_fixture,False
CNT003242,TREK027,2024-12-08,06:00,09:15,3.26,Bald Eagle,Haliaeetus leucocephalus,HALIAEETUS,4,SE,visible_migration,light rain,True,synthetic_fixture,False
CNT003243,TREK027,2024-12-08,06:00,09:15,3.26,Rock Pigeon,Columba livia,COLUMBA_LI,3,SE,visible_migration,,True,synthetic_fixture,False
CNT003244,TREK027,2024-12-09,06:00,10:42,4.71,Great Cormorant,Phalacrocorax carbo,PHALACROCO,3,N,visible_migration,,True,synthetic_fixture,False
CNT003245,TREK027,2024-12-28,05:00,09:05,4.1,Grey Heron,Ardea cinerea,ARDEA_CINE,6,N,visible_migration,windy,True,synthetic_fixture,False
CNT003246,TREK027,2024-12-28,05:00,09:05,4.1,Great Black-backed Gull,Larus marinus,LARUS_MARI,4,NE,visible_migration,,True,synthetic_fixture,False
CNT003247,TREK028,2023-01-04,09:00,13:32,4.55,Grey Heron,Ardea cinerea,ARDEA_CINE,1,NW,capture,,True,synthetic_fixture,False
CNT003248,TREK028,2023-01-04,09:00,13:32,4.55,Common Kestrel,Falco tinnunculus,FALCO_TINN,1,SE,capture,,False,synthetic_fixture,False
CNT003249,TREK028,2023-01-04,09:00,13:32,4.55,Common Buzzard,Buteo buteo,BUTEO_BUTE,2,SE,capture,windy,True,synthetic_fixture,False
CNT003250,TREK028,2023-01-04,09:00,13:32,4.55,American Crow,Corvus brachyrhynchos,CORVUS_BRA,1,N,capture,overcast,True,synthetic_fixture,False
CNT003251,TREK028,2023-01-04,09:00,13:32,4.55,Bald Eagle,Haliaeetus leucocephalus,HALIAEETUS,4,N,capture,windy,True,synthetic_fixture,False
CNT003252,TREK028,2023-01-18,06:00,07:23,1.4,Mute Swan,Cygnus olor,CYGNUS_OLO,7,W,capture,,True,synthetic_fixture,False
CNT003253,TREK028,2023-03-11,09:00,10:19,1.32,Common Buzzard,Buteo buteo,BUTEO_BUTE,9,S,capture,overcast,True,synthetic_fixture,False
CNT003254,TREK028,2023-03-11,09:00,10:19,1.32,Herring Gull,Larus argentatus,LARUS_ARGE,5,E,capture,windy,True,synthetic_fixture,False
CNT003255,TREK028,2023-03-11,09:00,10:19,1.32,Common Raven,Corvus corax,CORVUS_COR,3,S,capture,windy,True,synthetic_fixture,False
CNT003256,TREK028,2023-03-11,09:00,10:19,1.32,Great Black-backed Gull,Larus marinus,LARUS_MARI,3,SW,capture,light rain,True,synthetic_fixture,False
CNT003257,TREK028,2023-03-11,09:00,10:19,1.32,Great Blue Heron,Ardea herodias,ARDEA_HERO,5,W,capture,windy,True,synthetic_fixture,False
CNT003258,TREK028,2023-03-12,08:00,10:04,2.07,Common Ringed Plover,Charadrius hiaticula,CHARADRIUS,11,NW,capture,clear,False,synthetic_fixture,False
CNT003259,TREK028,2023-03-12,08:00,10:04,2.07,Barn Swallow,Hirundo rustica,HIRUNDO_RU,8,SE,capture,light rain,True,synthetic_fixture,False
CNT003260,TREK028,2023-03-12,08:00,10:04,2.07,Rock Pigeon,Columba livia,COLUMBA_LI,10,E,capture,windy,True,synthetic_fixture,False
CNT003261,TREK028,2023-03-12,08:00,10:04,2.07,Canada Goose,Branta canadensis,BRANTA_CAN,6,SW,capture,,True,synthetic_fixture,False
CNT003262,TREK028,2023-03-12,08:00,10:04,2.07,Common Raven,Corvus corax,CORVUS_COR,11,SW,capture,light rain,True,synthetic_fixture,False
CNT003263,TREK028,2023-03-13,07:00,10:11,3.19,Great Cormorant,Phalacrocorax carbo,PHALACROCO,11,S,capture,windy,True,synthetic_fixture,False
CNT003264,TREK028,2023-03-13,07:00,10:11,3.19,Bald Eagle,Haliaeetus leucocephalus,HALIAEETUS,9,SW,capture,windy,True,synthetic_fixture,False
CNT003265,TREK028,2023-03-13,07:00,10:11,3.19,Herring Gull,Larus argentatus,LARUS_ARGE,9,W,capture,windy,True,synthetic_fixture,False
CNT003266,TREK028,2023-03-31,09:00,11:20,2.34,Rock Pigeon,Columba livia,COLUMBA_LI,10,S,capture,clear,True,synthetic_fixture,False
CNT003267,TREK028,2023-03-31,09:00,11:20,2.34,Grey Heron,Ardea cinerea,ARDEA_CINE,7,E,capture,,True,synthetic_fixture,False
CNT003268,TREK028,2023-03-31,09:00,11:20,2.34,Eurasian Sparrowhawk,Accipiter nisus,ACCIPITER_,15,E,capture,light rain,True,synthetic_fixture,False
CNT003269,TREK028,2023-03-31,09:00,11:20,2.34,Mute Swan,Cygnus olor,CYGNUS_OLO,14,W,capture,overcast,True,synthetic_fixture,False
CNT003270,TREK028,2023-03-31,09:00,11:20,2.34,Barn Swallow,Hirundo rustica,HIRUNDO_RU,9,N,capture,windy,True,synthetic_fixture,False
CNT003271,TREK028,2023-04-09,09:00,10:48,1.8,Common Raven,Corvus corax,CORVUS_COR,7,SE,capture,light rain,True,synthetic_fixture,False
CNT003272,TREK028,2023-04-09,09:00,10:48,1.8,Common Ringed Plover,Charadrius hiaticula,CHARADRIUS,9,W,capture,,True,synthetic_fixture,False
CNT003273,TREK028,2023-04-09,09:00,10:48,1.8,Great Black-backed Gull,Larus marinus,LARUS_MARI,12,SE,capture,clear,True,synthetic_fixture,False
CNT003274,TREK028,2023-05-04,09:00,11:07,2.12,Barn Swallow,Hirundo rustica,HIRUNDO_RU,10,W,capture,light rain,True,synthetic_fixture,False
CNT003275,TREK028,2023-05-04,09:00,11:07,2.12,Grey Heron,Ardea cinerea,ARDEA_CINE,9,NE,capture,overcast,True,synthetic_fixture,False
CNT003276,TREK028,2023-05-04,09:00,11:07,2.12,Rock Pigeon,Columba livia,COLUMBA_LI,7,SW,capture,light rain,True,synthetic_fixture,False
CNT003277,TREK028,2023-05-04,09:00,11:07,2.12,Common Starling,Sturnus vulgaris,STURNUS_VU,13,NE,capture,windy,True,synthetic_fixture,False
CNT003278,TREK028,2023-05-26,09:00,13:33,4.56,Greylag Goose,Anser anser,ANSER_ANSE,5,S,capture,,True,synthetic_fixture,False
CNT003279,TREK028,2023-06-18,05:00,09:00,4.01,Common Ringed Plover,Charadrius hiaticula,CHARADRIUS,3,N,capture,light rain,True,synthetic_fixture,False
CNT003280,TREK028,2023-06-18,05:00,09:00,4.01,Mallard,Anas platyrhynchos,ANAS_PLATY,5,W,capture,,True,synthetic_fixture,False
CNT003281,TREK028,2023-06-18,05:00,09:00,4.01,Eurasian Sparrowhawk,Accipiter nisus,ACCIPITER_,6,N,capture,clear,True,synthetic_fixture,False
CNT003282,TREK028,2023-06-18,05:00,09:00,4.01,Bald Eagle,Haliaeetus leucocephalus,HALIAEETUS,3,SE,capture,,True,synthetic_fixture,False
CNT003283,TREK028,2023-07-22,07:00,11:04,4.08,Rock Pigeon,Columba livia,COLUMBA_LI,5,N,capture,overcast,True,synthetic_fixture,False
CNT003284,TREK028,2023-08-05,07:00,11:30,4.5,Common Ringed Plover,Charadrius hiaticula,CHARADRIUS,5,S,capture,clear,True,synthetic_fixture,False
CNT003285,TREK028,2023-08-05,07:00,11:30,4.5,American Robin,Turdus migratorius,TURDUS_MIG,3,NE,capture,clear,True,synthetic_fixture,False
CNT003286,TREK028,2023-08-05,07:00,11:30,4.5,Barn Swallow,Hirundo rustica,HIRUNDO_RU,3,W,capture,light rain,True,synthetic_fixture,False
CNT003287,TREK028,2023-08-16,09:00,10:43,1.73,American Robin,Turdus migratorius,TURDUS_MIG,3,NW,capture,windy,True,synthetic_fixture,False
CNT003288,TREK028,2023-08-16,09:00,10:43,1.73,Eurasian Sparrowhawk,Accipiter nisus,ACCIPITER_,7,SW,capture,light rain,True,synthetic_fixture,False
CNT003289,TREK028,2023-08-16,09:00,10:43,1.73,Common Starling,Sturnus vulgaris,STURNUS_VU,4,E,capture,light rain,True,synthetic_fixture,False
CNT003290,TREK028,2023-08-16,09:00,10:43,1.73,Great Black-backed Gull,Larus marinus,LARUS_MARI,8,E,capture,,True,synthetic_fixture,False
CNT003291,TREK028,2023-08-16,09:00,10:43,1.73,Mute Swan,Cygnus olor,CYGNUS_OLO,4,NW,capture,light rain,True,synthetic_fixture,False
CNT003292,TREK028,2023-09-04,05:00,09:37,4.63,Common Raven,Corvus corax,CORVUS_COR,15,NW,capture,windy,True,synthetic_fixture,False
CNT003293,TREK028,2023-09-04,05:00,09:37,4.63,Common Kestrel,Falco tinnunculus,FALCO_TINN,5,NE,capture,overcast,False,synthetic_fixture,False
CNT003294,TREK028,2023-09-21,06:00,07:01,1.02,Greylag Goose,Anser anser,ANSER_ANSE,9,NW,capture,light rain,True,synthetic_fixture,False
CNT003295,TREK028,2023-09-21,06:00,07:01,1.02,Herring Gull,Larus argentatus,LARUS_ARGE,12,NW,capture,light rain,True,synthetic_fixture,False
CNT003296,TREK028,2023-09-21,06:00,07:01,1.02,Canada Goose,Branta canadensis,BRANTA_CAN,10,SW,capture,,True,synthetic_fixture,False
CNT003297,TREK028,2023-09-21,06:00,07:01,1.02,Black-headed Gull,Chroicocephalus ridibundus,CHROICOCEP,12,NW,capture,light rain,True,synthetic_fixture,False
CNT003298,TREK028,2023-09-21,06:00,07:01,1.02,Eurasian Sparrowhawk,Accipiter nisus,ACCIPITER_,11,SW,capture,windy,True,synthetic_fixture,False
CNT003299,TREK028,2023-10-06,05:00,06:23,1.4,Grey Heron,Ardea cinerea,ARDEA_CINE,13,SE,capture,,True,synthetic_fixture,False
CNT003300,TREK028,2023-10-06,05:00,06:23,1.4,Common Kestrel,Falco tinnunculus,FALCO_TINN,10,SW,capture,overcast,True,synthetic_fixture,False
CNT003301,TREK028,2023-10-06,05:00,06:23,1.4,Common Buzzard,Buteo buteo,BUTEO_BUTE,18,N,capture,windy,True,synthetic_fixture,False
CNT003302,TREK028,2023-10-06,05:00,06:23,1.4,Great Cormorant,Phalacrocorax carbo,PHALACROCO,13,SE,capture,windy,True,synthetic_fixture,False
CNT003303,TREK028,2023-10-06,05:00,06:23,1.4,Black-headed Gull,Chroicocephalus ridibundus,CHROICOCEP,10,SW,capture,clear,True,synthetic_fixture,False
CNT003304,TREK028,2024-01-13,09:00,14:44,5.74,Rock Pigeon,Columba livia,COLUMBA_LI,4,W,capture,clear,True,synthetic_fixture,False
CNT003305,TREK028,2024-01-13,09:00,14:44,5.74,Barn Swallow,Hirundo rustica,HIRUNDO_RU,2,E,capture,light rain,True,synthetic_fixture,False
CNT003306,TREK028,2024-01-13,09:00,14:44,5.74,Common Ringed Plover,Charadrius hiaticula,CHARADRIUS,4,NE,capture,overcast,True,synthetic_fixture,False
CNT003307,TREK028,2024-01-19,09:00,11:25,2.43,Common Ringed Plover,Charadrius hiaticula,CHARADRIUS,3,S,capture,clear,False,synthetic_fixture,False
CNT003308,TREK028,2024-02-12,07:00,11:32,4.54,Common Buzzard,Buteo buteo,BUTEO_BUTE,5,NW,capture,light rain,True,synthetic_fixture,False
CNT003309,TREK028,2024-02-12,07:00,11:32,4.54,Common Ringed Plover,Charadrius hiaticula,CHARADRIUS,6,SE,capture,light rain,True,synthetic_fixture,False
CNT003310,TREK028,2024-03-08,07:00,09:06,2.11,Herring Gull,Larus argentatus,LARUS_ARGE,6,E,capture,overcast,True,synthetic_fixture,False
CNT003311,TREK028,2024-03-08,07:00,09:06,2.11,Bald Eagle,Haliaeetus leucocephalus,HALIAEETUS,7,NW,capture,,True,synthetic_fixture,False
CNT003312,TREK028,2024-03-08,07:00,09:06,2.11,Black-headed Gull,Chroicocephalus ridibundus,CHROICOCEP,5,W,capture,,True,synthetic_fixture,False
CNT003313,TREK028,2024-03-19,05:00,07:08,2.15,Common Kestrel,Falco tinnunculus,FALCO_TINN,10,W,capture,overcast,True,synthetic_fixture,False
CNT003314,TREK028,2024-03-19,05:00,07:08,2.15,American Robin,Turdus migratorius,TURDUS_MIG,9,E,capture,windy,True,synthetic_fixture,False
CNT003315,TREK028,2024-03-19,05:00,07:08,2.15,Great Black-backed Gull,Larus marinus,LARUS_MARI,14,N,capture,light rain,True,synthetic_fixture,False
CNT003316,TREK028,2024-03-19,05:00,07:08,2.15,Common Raven,Corvus corax,CORVUS_COR,4,S,capture,,True,synthetic_fixture,False
CNT003317,TREK028,2024-03-19,05:00,07:08,2.15,Rock Pigeon,Columba livia,COLUMBA_LI,16,NE,capture,light rain,False,synthetic_fixture,False
CNT003318,TREK028,2024-04-01,05:00,07:12,2.2,Herring Gull,Larus argentatus,LARUS_ARGE,8,NE,capture,light rain,True,synthetic_fixture,False
CNT003319,TREK028,2024-04-01,05:00,07:12,2.2,Great Cormorant,Phalacrocorax carbo,PHALACROCO,8,SE,capture,,True,synthetic_fixture,False
CNT003320,TREK028,2024-04-01,05:00,07:12,2.2,Greylag Goose,Anser anser,ANSER_ANSE,14,SE,capture,overcast,True,synthetic_fixture,False
CNT003321,TREK028,2024-04-01,05:00,07:12,2.2,Common Starling,Sturnus vulgaris,STURNUS_VU,12,NW,capture,light rain,True,synthetic_fixture,False
CNT003322,TREK028,2024-04-01,05:00,07:12,2.2,Black-headed Gull,Chroicocephalus ridibundus,CHROICOCEP,15,W,capture,clear,True,synthetic_fixture,False
CNT003323,TREK028,2024-04-07,05:00,10:00,5.0,Greylag Goose,Anser anser,ANSER_ANSE,12,E,capture,,True,synthetic_fixture,False
CNT003324,TREK028,2024-04-07,05:00,10:00,5.0,Mallard,Anas platyrhynchos,ANAS_PLATY,18,SE,capture,windy,True,synthetic_fixture,False
CNT003325,TREK028,2024-05-10,06:00,07:03,1.05,Mute Swan,Cygnus olor,CYGNUS_OLO,7,N,capture,overcast,True,synthetic_fixture,False
CNT003326,TREK028,2024-05-10,06:00,07:03,1.05,Rock Pigeon,Columba livia,COLUMBA_LI,6,NE,capture,windy,True,synthetic_fixture,False
CNT003327,TREK028,2024-05-10,06:00,07:03,1.05,Bald Eagle,Haliaeetus leucocephalus,HALIAEETUS,4,S,capture,windy,True,synthetic_fixture,False
CNT003328,TREK028,2024-05-10,06:00,07:03,1.05,Canada Goose,Branta canadensis,BRANTA_CAN,3,SW,capture,light rain,True,synthetic_fixture,False
CNT003329,TREK028,2024-05-10,06:00,07:03,1.05,Common Starling,Sturnus vulgaris,STURNUS_VU,8,SW,capture,light rain,True,synthetic_fixture,False
CNT003330,TREK028,2024-05-12,09:00,12:44,3.74,Grey Heron,Ardea cinerea,ARDEA_CINE,4,E,capture,windy,True,synthetic_fixture,False
CNT003331,TREK028,2024-05-12,09:00,12:44,3.74,Mute Swan,Cygnus olor,CYGNUS_OLO,8,SW,capture,light rain,True,synthetic_fixture,False
CNT003332,TREK028,2024-05-12,09:00,12:44,3.74,Barn Swallow,Hirundo rustica,HIRUNDO_RU,8,E,capture,,True,synthetic_fixture,False
CNT003333,TREK028,2024-05-12,09:00,12:44,3.74,Common Buzzard,Buteo buteo,BUTEO_BUTE,5,NW,capture,light rain,True,synthetic_fixture,False
CNT003334,TREK028,2024-05-12,09:00,12:44,3.74,Bald Eagle,Haliaeetus leucocephalus,HALIAEETUS,5,NE,capture,,True,synthetic_fixture,False
CNT003335,TREK028,2024-05-15,09:00,10:33,1.56,Great Blue Heron,Ardea herodias,ARDEA_HERO,9,W,capture,,False,synthetic_fixture,False
CNT003336,TREK028,2024-05-15,09:00,10:33,1.56,Barn Swallow,Hirundo rustica,HIRUNDO_RU,4,SW,capture,light rain,True,synthetic_fixture,False
CNT003337,TREK028,2024-05-15,09:00,10:33,1.56,Common Raven,Corvus corax,CORVUS_COR,6,N,capture,clear,True,synthetic_fixture,False
CNT003338,TREK028,2024-05-15,09:00,10:33,1.56,Bald Eagle,Haliaeetus leucocephalus,HALIAEETUS,4,E,capture,light rain,True,synthetic_fixture,False
CNT003339,TREK028,2024-05-15,09:00,10:33,1.56,Rock Pigeon,Columba livia,COLUMBA_LI,8,SW,capture,clear,True,synthetic_fixture,False
CNT003340,TREK028,2024-06-06,05:00,09:05,4.1,American Crow,Corvus brachyrhynchos,CORVUS_BRA,7,E,capture,,True,synthetic_fixture,False
CNT003341,TREK028,2024-06-06,05:00,09:05,4.1,Common Ringed Plover,Charadrius hiaticula,CHARADRIUS,2,NW,capture,clear,True,synthetic_fixture,False
CNT003342,TREK028,2024-06-10,06:00,11:44,5.74,Herring Gull,Larus argentatus,LARUS_ARGE,6,NW,capture,light rain,True,synthetic_fixture,False
CNT003343,TREK028,2024-06-26,07:00,10:48,3.81,Black-headed Gull,Chroicocephalus ridibundus,CHROICOCEP,3,SE,capture,windy,True,synthetic_fixture,False
CNT003344,TREK028,2024-06-27,09:00,13:23,4.39,Eurasian Sparrowhawk,Accipiter nisus,ACCIPITER_,7,SE,capture,light rain,False,synthetic_fixture,False
CNT003345,TREK028,2024-06-27,09:00,13:23,4.39,Mute Swan,Cygnus olor,CYGNUS_OLO,3,NE,capture,overcast,True,synthetic_fixture,False
CNT003346,TREK028,2024-06-27,09:00,13:23,4.39,Common Buzzard,Buteo buteo,BUTEO_BUTE,3,N,capture,light rain,True,synthetic_fixture,False
CNT003347,TREK028,2024-08-14,07:00,09:34,2.58,Canada Goose,Branta canadensis,BRANTA_CAN,6,SE,capture,,True,synthetic_fixture,False
CNT003348,TREK028,2024-08-14,07:00,09:34,2.58,Bald Eagle,Haliaeetus leucocephalus,HALIAEETUS,3,E,capture,light rain,True,synthetic_fixture,False
CNT003349,TREK028,2024-08-14,07:00,09:34,2.58,Common Ringed Plover,Charadrius hiaticula,CHARADRIUS,2,NW,capture,overcast,True,synthetic_fixture,False
CNT003350,TREK028,2024-08-16,06:00,10:42,4.7,American Robin,Turdus migratorius,TURDUS_MIG,7,NW,capture,clear,True,synthetic_fixture,False
CNT003351,TREK028,2024-08-16,06:00,10:42,4.7,Mallard,Anas platyrhynchos,ANAS_PLATY,9,E,capture,clear,False,synthetic_fixture,False
CNT003352,TREK028,2024-08-16,06:00,10:42,4.7,Rock Pigeon,Columba livia,COLUMBA_LI,8,SE,capture,light rain,True,synthetic_fixture,False
CNT003353,TREK028,2024-08-16,06:00,10:42,4.7,Common Raven,Corvus corax,CORVUS_COR,6,S,capture,windy,True,synthetic_fixture,False
CNT003354,TREK028,2024-08-16,06:00,10:42,4.7,Common Buzzard,Buteo buteo,BUTEO_BUTE,2,NW,capture,windy,True,synthetic_fixture,False
CNT003355,TREK028,2024-08-25,05:00,09:55,4.92,Great Blue Heron,Ardea herodias,ARDEA_HERO,5,SE,capture,,True,synthetic_fixture,False
CNT003356,TREK028,2024-08-25,05:00,09:55,4.92,Common Starling,Sturnus vulgaris,STURNUS_VU,8,SE,capture,overcast,True,synthetic_fixture,False
CNT003357,TREK028,2024-08-25,05:00,09:55,4.92,Great Cormorant,Phalacrocorax carbo,PHALACROCO,7,NW,capture,light rain,True,synthetic_fixture,False
CNT003358,TREK028,2024-08-25,05:00,09:55,4.92,Bald Eagle,Haliaeetus leucocephalus,HALIAEETUS,6,S,capture,clear,True,synthetic_fixture,False
CNT003359,TREK028,2024-08-25,05:00,09:55,4.92,Mallard,Anas platyrhynchos,ANAS_PLATY,3,N,capture,light rain,True,synthetic_fixture,False
CNT003360,TREK028,2024-09-02,06:00,11:48,5.81,Barn Swallow,Hirundo rustica,HIRUNDO_RU,10,E,capture,clear,True,synthetic_fixture,False
CNT003361,TREK028,2024-09-02,06:00,11:48,5.81,Bald Eagle,Haliaeetus leucocephalus,HALIAEETUS,6,N,capture,,True,synthetic_fixture,False
CNT003362,TREK028,2024-09-02,06:00,11:48,5.81,Mute Swan,Cygnus olor,CYGNUS_OLO,5,NW,capture,windy,True,synthetic_fixture,False
CNT003363,TREK028,2024-09-06,08:00,11:07,3.13,Black-headed Gull,Chroicocephalus ridibundus,CHROICOCEP,17,NW,capture,light rain,True,synthetic_fixture,False
CNT003364,TREK028,2024-09-06,08:00,11:07,3.13,Mute Swan,Cygnus olor,CYGNUS_OLO,7,N,capture,clear,True,synthetic_fixture,False
CNT003365,TREK028,2024-09-06,08:00,11:07,3.13,Bald Eagle,Haliaeetus leucocephalus,HALIAEETUS,12,N,capture,windy,True,synthetic_fixture,False
CNT003366,TREK028,2024-09-06,08:00,11:07,3.13,American Crow,Corvus brachyrhynchos,CORVUS_BRA,12,N,capture,windy,True,synthetic_fixture,False
CNT003367,TREK028,2024-09-19,08:00,10:08,2.14,Herring Gull,Larus argentatus,LARUS_ARGE,9,S,capture,,True,synthetic_fixture,False
CNT003368,TREK028,2024-09-19,08:00,10:08,2.14,Great Blue Heron,Ardea herodias,ARDEA_HERO,14,SE,capture,overcast,True,synthetic_fixture,False
CNT003369,TREK028,2024-09-19,08:00,10:08,2.14,Common Buzzard,Buteo buteo,BUTEO_BUTE,14,N,capture,overcast,True,synthetic_fixture,False
CNT003370,TREK028,2024-09-19,08:00,10:08,2.14,American Robin,Turdus migratorius,TURDUS_MIG,5,SW,capture,,True,synthetic_fixture,False
CNT003371,TREK028,2024-09-19,08:00,10:08,2.14,Greylag Goose,Anser anser,ANSER_ANSE,12,W,capture,light rain,True,synthetic_fixture,False
CNT003372,TREK028,2024-10-17,05:00,08:21,3.36,Common Buzzard,Buteo buteo,BUTEO_BUTE,10,SW,capture,light rain,True,synthetic_fixture,False
CNT003373,TREK028,2024-10-17,05:00,08:21,3.36,Common Starling,Sturnus vulgaris,STURNUS_VU,13,NE,capture,overcast,True,synthetic_fixture,False
CNT003374,TREK028,2024-10-17,05:00,08:21,3.36,Common Ringed Plover,Charadrius hiaticula,CHARADRIUS,9,SE,capture,light rain,True,synthetic_fixture,False
CNT003375,TREK028,2024-10-26,07:00,11:15,4.25,Great Black-backed Gull,Larus marinus,LARUS_MARI,6,NE,capture,clear,True,synthetic_fixture,False
CNT003376,TREK028,2024-10-26,07:00,11:15,4.25,Common Raven,Corvus corax,CORVUS_COR,6,W,capture,,True,synthetic_fixture,False
CNT003377,TREK028,2024-10-26,07:00,11:15,4.25,Common Starling,Sturnus vulgaris,STURNUS_VU,12,NW,capture,light rain,True,synthetic_fixture,False
CNT003378,TREK028,2024-10-26,07:00,11:15,4.25,American Crow,Corvus brachyrhynchos,CORVUS_BRA,5,SW,capture,light rain,True,synthetic_fixture,False
CNT003379,TREK028,2024-11-10,07:00,12:27,5.45,Common Starling,Sturnus vulgaris,STURNUS_VU,5,SW,capture,windy,True,synthetic_fixture,False
CNT003380,TREK028,2024-11-10,07:00,12:27,5.45,Common Raven,Corvus corax,CORVUS_COR,5,SW,capture,,True,synthetic_fixture,False
CNT003381,TREK028,2024-11-10,07:00,12:27,5.45,Grey Heron,Ardea cinerea,ARDEA_CINE,5,W,capture,light rain,True,synthetic_fixture,False
CNT003382,TREK028,2024-11-29,08:00,11:18,3.31,Common Starling,Sturnus vulgaris,STURNUS_VU,5,SW,capture,light rain,True,synthetic_fixture,False
CNT003383,TREK028,2024-11-29,08:00,11:18,3.31,Great Blue Heron,Ardea herodias,ARDEA_HERO,2,NW,capture,clear,True,synthetic_fixture,False
CNT003384,TREK028,2024-11-29,08:00,11:18,3.31,Common Raven,Corvus corax,CORVUS_COR,1,SE,capture,clear,True,synthetic_fixture,False
CNT003385,TREK028,2024-11-29,08:00,11:18,3.31,Rock Pigeon,Columba livia,COLUMBA_LI,6,SW,capture,clear,True,synthetic_fixture,False
CNT003386,TREK028,2024-12-29,09:00,10:37,1.62,Bald Eagle,Haliaeetus leucocephalus,HALIAEETUS,3,W,capture,light rain,True,synthetic_fixture,False
CNT003387,TREK028,2024-12-29,09:00,10:37,1.62,Black-headed Gull,Chroicocephalus ridibundus,CHROICOCEP,4,W,capture,light rain,True,synthetic_fixture,False
CNT003388,TREK029,2023-01-20,06:00,07:07,1.13,Eurasian Sparrowhawk,Accipiter nisus,ACCIPITER_,1,SE,visible_migration,,True,synthetic_fixture,False
CNT003389,TREK029,2023-01-20,06:00,07:07,1.13,American Crow,Corvus brachyrhynchos,CORVUS_BRA,2,W,visible_migration,overcast,True,synthetic_fixture,False
CNT003390,TREK029,2023-01-20,06:00,07:07,1.13,Common Buzzard,Buteo buteo,BUTEO_BUTE,3,SW,visible_migration,windy,True,synthetic_fixture,False
CNT003391,TREK029,2023-01-20,06:00,07:07,1.13,Common Starling,Sturnus vulgaris,STURNUS_VU,6,W,visible_migration,light rain,False,synthetic_fixture,False
CNT003392,TREK029,2023-02-18,08:00,13:56,5.94,Herring Gull,Larus argentatus,LARUS_ARGE,2,N,visible_migration,windy,True,synthetic_fixture,False
CNT003393,TREK029,2023-02-18,08:00,13:56,5.94,Rock Pigeon,Columba livia,COLUMBA_LI,6,NW,visible_migration,,True,synthetic_fixture,False
CNT003394,TREK029,2023-03-05,08:00,13:10,5.18,Great Blue Heron,Ardea herodias,ARDEA_HERO,7,NW,visible_migration,clear,True,synthetic_fixture,False
CNT003395,TREK029,2023-03-05,08:00,13:10,5.18,Mallard,Anas platyrhynchos,ANAS_PLATY,4,SE,visible_migration,windy,True,synthetic_fixture,False
CNT003396,TREK029,2023-03-05,08:00,13:10,5.18,Eurasian Sparrowhawk,Accipiter nisus,ACCIPITER_,7,SW,visible_migration,overcast,True,synthetic_fixture,False
CNT003397,TREK029,2023-03-06,06:00,09:03,3.06,Black-headed Gull,Chroicocephalus ridibundus,CHROICOCEP,6,NE,visible_migration,clear,True,synthetic_fixture,False
CNT003398,TREK029,2023-03-06,06:00,09:03,3.06,Eurasian Sparrowhawk,Accipiter nisus,ACCIPITER_,4,S,visible_migration,windy,True,synthetic_fixture,False
CNT003399,TREK029,2023-03-06,06:00,09:03,3.06,Mute Swan,Cygnus olor,CYGNUS_OLO,5,SW,visible_migration,clear,True,synthetic_fixture,False
CNT003400,TREK029,2023-03-06,06:00,09:03,3.06,American Robin,Turdus migratorius,TURDUS_MIG,4,N,visible_migration,light rain,True,synthetic_fixture,False
CNT003401,TREK029,2023-03-08,06:00,10:16,4.28,Great Black-backed Gull,Larus marinus,LARUS_MARI,5,SE,visible_migration,clear,True,synthetic_fixture,False
CNT003402,TREK029,2023-03-08,06:00,10:16,4.28,Eurasian Sparrowhawk,Accipiter nisus,ACCIPITER_,5,SE,visible_migration,windy,True,synthetic_fixture,False
CNT003403,TREK029,2023-03-08,06:00,10:16,4.28,American Crow,Corvus brachyrhynchos,CORVUS_BRA,7,SW,visible_migration,light rain,True,synthetic_fixture,False
CNT003404,TREK029,2023-04-22,09:00,10:38,1.64,Canada Goose,Branta canadensis,BRANTA_CAN,9,NE,visible_migration,windy,True,synthetic_fixture,False
CNT003405,TREK029,2023-05-02,09:00,13:51,4.86,Herring Gull,Larus argentatus,LARUS_ARGE,6,S,visible_migration,overcast,True,synthetic_fixture,False
CNT003406,TREK029,2023-05-09,05:00,09:45,4.76,American Robin,Turdus migratorius,TURDUS_MIG,5,E,visible_migration,clear,True,synthetic_fixture,False
CNT003407,TREK029,2023-05-10,07:00,12:08,5.14,Common Kestrel,Falco tinnunculus,FALCO_TINN,8,NW,visible_migration,overcast,True,synthetic_fixture,False
CNT003408,TREK029,2023-06-04,05:00,10:45,5.76,Common Raven,Corvus corax,CORVUS_COR,8,N,visible_migration,windy,True,synthetic_fixture,False
CNT003409,TREK029,2023-06-04,05:00,10:45,5.76,Bald Eagle,Haliaeetus leucocephalus,HALIAEETUS,10,SW,visible_migration,overcast,True,synthetic_fixture,False
CNT003410,TREK029,2023-06-04,05:00,10:45,5.76,Barn Swallow,Hirundo rustica,HIRUNDO_RU,1,W,visible_migration,,True,synthetic_fixture,False
CNT003411,TREK029,2023-06-04,05:00,10:45,5.76,Common Ringed Plover,Charadrius hiaticula,CHARADRIUS,5,NW,visible_migration,windy,True,synthetic_fixture,False
CNT003412,TREK029,2023-06-04,05:00,10:45,5.76,American Robin,Turdus migratorius,TURDUS_MIG,3,N,visible_migration,clear,True,synthetic_fixture,False
CNT003413,TREK029,2023-06-05,06:00,07:19,1.32,Common Raven,Corvus corax,CORVUS_COR,3,NW,visible_migration,windy,True,synthetic_fixture,False
CNT003414,TREK029,2023-06-05,06:00,07:19,1.32,Great Black-backed Gull,Larus marinus,LARUS_MARI,3,SE,visible_migration,light rain,True,synthetic_fixture,False
CNT003415,TREK029,2023-06-05,06:00,07:19,1.32,Common Kestrel,Falco tinnunculus,FALCO_TINN,3,NW,visible_migration,light rain,True,synthetic_fixture,False
CNT003416,TREK029,2023-06-05,06:00,07:19,1.32,Mute Swan,Cygnus olor,CYGNUS_OLO,4,W,visible_migration,windy,True,synthetic_fixture,False
CNT003417,TREK029,2023-06-05,06:00,07:19,1.32,Greylag Goose,Anser anser,ANSER_ANSE,4,SE,visible_migration,,True,synthetic_fixture,False
CNT003418,TREK029,2023-06-09,08:00,12:19,4.33,Great Black-backed Gull,Larus marinus,LARUS_MARI,0,NW,visible_migration,clear,True,synthetic_fixture,False
CNT003419,TREK029,2023-06-09,08:00,12:19,4.33,Grey Heron,Ardea cinerea,ARDEA_CINE,3,NW,visible_migration,clear,True,synthetic_fixture,False
CNT003420,TREK029,2023-06-12,08:00,10:07,2.13,Great Black-backed Gull,Larus marinus,LARUS_MARI,6,S,visible_migration,clear,True,synthetic_fixture,False
CNT003421,TREK029,2023-06-14,09:00,12:04,3.07,Common Raven,Corvus corax,CORVUS_COR,2,S,visible_migration,windy,True,synthetic_fixture,False
CNT003422,TREK029,2023-06-14,09:00,12:04,3.07,Common Buzzard,Buteo buteo,BUTEO_BUTE,5,NW,visible_migration,,True,synthetic_fixture,False
CNT003423,TREK029,2023-06-16,09:00,13:28,4.47,Herring Gull,Larus argentatus,LARUS_ARGE,5,NE,visible_migration,overcast,True,synthetic_fixture,False
CNT003424,TREK029,2023-06-16,09:00,13:28,4.47,Greylag Goose,Anser anser,ANSER_ANSE,2,W,visible_migration,overcast,True,synthetic_fixture,False
CNT003425,TREK029,2023-06-16,09:00,13:28,4.47,Common Raven,Corvus corax,CORVUS_COR,2,NE,visible_migration,windy,True,synthetic_fixture,False
CNT003426,TREK029,2023-06-16,09:00,13:28,4.47,Great Blue Heron,Ardea herodias,ARDEA_HERO,7,NE,visible_migration,windy,True,synthetic_fixture,False
CNT003427,TREK029,2023-06-16,09:00,13:28,4.47,Common Ringed Plover,Charadrius hiaticula,CHARADRIUS,3,W,visible_migration,windy,True,synthetic_fixture,False
CNT003428,TREK029,2023-06-28,07:00,11:28,4.47,Great Cormorant,Phalacrocorax carbo,PHALACROCO,4,W,visible_migration,clear,True,synthetic_fixture,False
CNT003429,TREK029,2023-06-28,07:00,11:28,4.47,American Crow,Corvus brachyrhynchos,CORVUS_BRA,2,NE,visible_migration,,True,synthetic_fixture,False
CNT003430,TREK029,2023-06-28,07:00,11:28,4.47,Common Ringed Plover,Charadrius hiaticula,CHARADRIUS,2,SW,visible_migration,light rain,True,synthetic_fixture,False
CNT003431,TREK029,2023-06-28,07:00,11:28,4.47,Greylag Goose,Anser anser,ANSER_ANSE,3,S,visible_migration,overcast,True,synthetic_fixture,False
CNT003432,TREK029,2023-06-28,07:00,11:28,4.47,Mute Swan,Cygnus olor,CYGNUS_OLO,2,SE,visible_migration,overcast,True,synthetic_fixture,False
CNT003433,TREK029,2023-08-17,07:00,11:54,4.91,American Robin,Turdus migratorius,TURDUS_MIG,10,W,visible_migration,clear,True,synthetic_fixture,False
CNT003434,TREK029,2023-08-17,07:00,11:54,4.91,Common Ringed Plover,Charadrius hiaticula,CHARADRIUS,1,NW,visible_migration,overcast,True,synthetic_fixture,False
CNT003435,TREK029,2023-09-11,05:00,08:52,3.87,Herring Gull,Larus argentatus,LARUS_ARGE,13,SW,visible_migration,,True,synthetic_fixture,False
CNT003436,TREK029,2023-09-13,06:00,11:26,5.44,Common Buzzard,Buteo buteo,BUTEO_BUTE,13,N,visible_migration,clear,True,synthetic_fixture,False
CNT003437,TREK029,2023-10-31,09:00,10:18,1.31,Great Cormorant,Phalacrocorax carbo,PHALACROCO,3,W,visible_migration,clear,True,synthetic_fixture,False
CNT003438,TREK029,2023-10-31,09:00,10:18,1.31,Eurasian Sparrowhawk,Accipiter nisus,ACCIPITER_,7,N,visible_migration,,True,synthetic_fixture,False
CNT003439,TREK029,2023-12-29,06:00,08:07,2.12,Common Starling,Sturnus vulgaris,STURNUS_VU,2,NW,visible_migration,overcast,True,synthetic_fixture,False
CNT003440,TREK029,2023-12-29,06:00,08:07,2.12,Great Black-backed Gull,Larus marinus,LARUS_MARI,6,SE,visible_migration,overcast,True,synthetic_fixture,False
CNT003441,TREK029,2024-01-14,06:00,09:36,3.6,Common Raven,Corvus corax,CORVUS_COR,4,SW,visible_migration,overcast,True,synthetic_fixture,False
CNT003442,TREK029,2024-01-14,06:00,09:36,3.6,Common Buzzard,Buteo buteo,BUTEO_BUTE,4,SE,visible_migration,windy,True,synthetic_fixture,False
CNT003443,TREK029,2024-01-26,08:00,12:47,4.8,Bald Eagle,Haliaeetus leucocephalus,HALIAEETUS,5,NE,visible_migration,clear,True,synthetic_fixture,False
CNT003444,TREK029,2024-01-26,08:00,12:47,4.8,Common Raven,Corvus corax,CORVUS_COR,2,SE,visible_migration,clear,True,synthetic_fixture,False
CNT003445,TREK029,2024-01-26,08:00,12:47,4.8,Common Starling,Sturnus vulgaris,STURNUS_VU,5,N,visible_migration,light rain,False,synthetic_fixture,False
CNT003446,TREK029,2024-03-26,08:00,11:57,3.95,Mallard,Anas platyrhynchos,ANAS_PLATY,8,N,visible_migration,light rain,True,synthetic_fixture,False
CNT003447,TREK029,2024-03-26,08:00,11:57,3.95,Common Buzzard,Buteo buteo,BUTEO_BUTE,11,SE,visible_migration,overcast,True,synthetic_fixture,False
CNT003448,TREK029,2024-03-26,08:00,11:57,3.95,Great Blue Heron,Ardea herodias,ARDEA_HERO,14,N,visible_migration,windy,False,synthetic_fixture,False
CNT003449,TREK029,2024-03-29,06:00,11:42,5.7,Canada Goose,Branta canadensis,BRANTA_CAN,6,N,visible_migration,overcast,True,synthetic_fixture,False
CNT003450,TREK029,2024-03-29,06:00,11:42,5.7,Rock Pigeon,Columba livia,COLUMBA_LI,6,N,visible_migration,light rain,True,synthetic_fixture,False
CNT003451,TREK029,2024-03-29,06:00,11:42,5.7,Bald Eagle,Haliaeetus leucocephalus,HALIAEETUS,6,S,visible_migration,clear,True,synthetic_fixture,False
CNT003452,TREK029,2024-03-29,06:00,11:42,5.7,Mute Swan,Cygnus olor,CYGNUS_OLO,4,N,visible_migration,light rain,True,synthetic_fixture,False
CNT003453,TREK029,2024-03-29,06:00,11:42,5.7,American Crow,Corvus brachyrhynchos,CORVUS_BRA,8,SW,visible_migration,overcast,True,synthetic_fixture,False
CNT003454,TREK029,2024-05-05,08:00,09:16,1.27,Barn Swallow,Hirundo rustica,HIRUNDO_RU,5,W,visible_migration,,True,synthetic_fixture,False
CNT003455,TREK029,2024-05-05,06:00,10:47,4.8,Barn Swallow,Hirundo rustica,HIRUNDO_RU,12,NW,visible_migration,,True,synthetic_fixture,False
CNT003456,TREK029,2024-05-05,06:00,10:47,4.8,Black-headed Gull,Chroicocephalus ridibundus,CHROICOCEP,10,NW,visible_migration,clear,True,synthetic_fixture,False
CNT003457,TREK029,2024-05-05,06:00,10:47,4.8,Bald Eagle,Haliaeetus leucocephalus,HALIAEETUS,11,E,visible_migration,light rain,True,synthetic_fixture,False
CNT003458,TREK029,2024-05-05,06:00,10:47,4.8,Herring Gull,Larus argentatus,LARUS_ARGE,5,S,visible_migration,clear,True,synthetic_fixture,False
CNT003459,TREK029,2024-05-05,06:00,10:47,4.8,Rock Pigeon,Columba livia,COLUMBA_LI,12,W,visible_migration,overcast,True,synthetic_fixture,False
CNT003460,TREK029,2024-05-09,08:00,11:47,3.79,Black-headed Gull,Chroicocephalus ridibundus,CHROICOCEP,9,SE,visible_migration,light rain,True,synthetic_fixture,False
CNT003461,TREK029,2024-05-09,08:00,11:47,3.79,Grey Heron,Ardea cinerea,ARDEA_CINE,10,SE,visible_migration,,True,synthetic_fixture,False
CNT003462,TREK029,2024-05-09,08:00,11:47,3.79,Bald Eagle,Haliaeetus leucocephalus,HALIAEETUS,8,S,visible_migration,windy,True,synthetic_fixture,False
CNT003463,TREK029,2024-05-09,08:00,11:47,3.79,Canada Goose,Branta canadensis,BRANTA_CAN,8,E,visible_migration,clear,True,synthetic_fixture,False
CNT003464,TREK029,2024-05-09,08:00,11:47,3.79,Barn Swallow,Hirundo rustica,HIRUNDO_RU,4,SW,visible_migration,clear,True,synthetic_fixture,False
CNT003465,TREK029,2024-06-13,09:00,13:28,4.47,Barn Swallow,Hirundo rustica,HIRUNDO_RU,3,SW,visible_migration,,True,synthetic_fixture,False
CNT003466,TREK029,2024-06-13,09:00,13:28,4.47,Eurasian Sparrowhawk,Accipiter nisus,ACCIPITER_,3,W,visible_migration,light rain,True,synthetic_fixture,False
CNT003467,TREK029,2024-06-13,09:00,13:28,4.47,Mallard,Anas platyrhynchos,ANAS_PLATY,6,NW,visible_migration,,True,synthetic_fixture,False
CNT003468,TREK029,2024-06-13,09:00,13:28,4.47,Mute Swan,Cygnus olor,CYGNUS_OLO,4,N,visible_migration,windy,True,synthetic_fixture,False
CNT003469,TREK029,2024-06-13,09:00,13:28,4.47,Rock Pigeon,Columba livia,COLUMBA_LI,3,NE,visible_migration,clear,True,synthetic_fixture,False
CNT003470,TREK029,2024-07-01,08:00,12:50,4.84,American Robin,Turdus migratorius,TURDUS_MIG,5,S,visible_migration,windy,True,synthetic_fixture,False
CNT003471,TREK029,2024-07-01,08:00,12:50,4.84,Great Cormorant,Phalacrocorax carbo,PHALACROCO,0,NE,visible_migration,clear,True,synthetic_fixture,False
CNT003472,TREK029,2024-07-01,08:00,12:50,4.84,Greylag Goose,Anser anser,ANSER_ANSE,4,SW,visible_migration,light rain,True,synthetic_fixture,False
CNT003473,TREK029,2024-07-01,08:00,12:50,4.84,Rock Pigeon,Columba livia,COLUMBA_LI,3,SE,visible_migration,,True,synthetic_fixture,False
CNT003474,TREK029,2024-07-07,06:00,11:43,5.72,Great Cormorant,Phalacrocorax carbo,PHALACROCO,3,NE,visible_migration,overcast,True,synthetic_fixture,False
CNT003475,TREK029,2024-07-21,09:00,13:31,4.53,Common Kestrel,Falco tinnunculus,FALCO_TINN,5,SW,visible_migration,windy,True,synthetic_fixture,False
CNT003476,TREK029,2024-07-21,09:00,13:31,4.53,Common Raven,Corvus corax,CORVUS_COR,3,SW,visible_migration,clear,True,synthetic_fixture,False
CNT003477,TREK029,2024-08-29,09:00,12:17,3.3,Eurasian Sparrowhawk,Accipiter nisus,ACCIPITER_,7,N,visible_migration,light rain,False,synthetic_fixture,False
CNT003478,TREK029,2024-08-29,09:00,12:17,3.3,Barn Swallow,Hirundo rustica,HIRUNDO_RU,12,W,visible_migration,windy,True,synthetic_fixture,False
CNT003479,TREK029,2024-08-29,09:00,12:17,3.3,Mute Swan,Cygnus olor,CYGNUS_OLO,8,W,visible_migration,light rain,True,synthetic_fixture,False
CNT003480,TREK029,2024-09-14,07:00,09:08,2.14,American Crow,Corvus brachyrhynchos,CORVUS_BRA,10,N,visible_migration,light rain,True,synthetic_fixture,False
CNT003481,TREK029,2024-10-01,06:00,10:25,4.42,Grey Heron,Ardea cinerea,ARDEA_CINE,19,SW,visible_migration,clear,True,synthetic_fixture,False
CNT003482,TREK029,2024-10-01,06:00,10:25,4.42,Common Raven,Corvus corax,CORVUS_COR,10,SE,visible_migration,light rain,True,synthetic_fixture,False
CNT003483,TREK029,2024-10-03,08:00,13:05,5.09,Common Buzzard,Buteo buteo,BUTEO_BUTE,15,W,visible_migration,overcast,False,synthetic_fixture,False
CNT003484,TREK029,2024-10-03,08:00,13:05,5.09,Canada Goose,Branta canadensis,BRANTA_CAN,16,NW,visible_migration,light rain,True,synthetic_fixture,False
CNT003485,TREK029,2024-10-03,08:00,13:05,5.09,American Robin,Turdus migratorius,TURDUS_MIG,13,NE,visible_migration,windy,True,synthetic_fixture,False
CNT003486,TREK029,2024-11-04,06:00,09:02,3.04,Common Raven,Corvus corax,CORVUS_COR,10,NW,visible_migration,windy,True,synthetic_fixture,False
CNT003487,TREK029,2024-11-04,06:00,09:02,3.04,Common Starling,Sturnus vulgaris,STURNUS_VU,9,SE,visible_migration,overcast,True,synthetic_fixture,False
CNT003488,TREK029,2024-11-04,06:00,09:02,3.04,Barn Swallow,Hirundo rustica,HIRUNDO_RU,5,SW,visible_migration,light rain,True,synthetic_fixture,False
CNT003489,TREK029,2024-11-04,06:00,09:02,3.04,Grey Heron,Ardea cinerea,ARDEA_CINE,9,W,visible_migration,clear,True,synthetic_fixture,False
CNT003490,TREK029,2024-11-09,08:00,09:20,1.34,Great Black-backed Gull,Larus marinus,LARUS_MARI,5,NE,visible_migration,light rain,True,synthetic_fixture,False
CNT003491,TREK029,2024-11-09,08:00,09:20,1.34,Common Ringed Plover,Charadrius hiaticula,CHARADRIUS,4,NE,visible_migration,overcast,True,synthetic_fixture,False
CNT003492,TREK029,2024-11-09,08:00,09:20,1.34,Herring Gull,Larus argentatus,LARUS_ARGE,5,NW,visible_migration,overcast,True,synthetic_fixture,False
CNT003493,TREK029,2024-11-09,08:00,09:20,1.34,Rock Pigeon,Columba livia,COLUMBA_LI,5,SE,visible_migration,clear,True,synthetic_fixture,False
CNT003494,TREK029,2024-11-27,05:00,08:43,3.73,Mallard,Anas platyrhynchos,ANAS_PLATY,2,E,visible_migration,,True,synthetic_fixture,False
CNT003495,TREK029,2024-11-30,08:00,13:47,5.8,American Crow,Corvus brachyrhynchos,CORVUS_BRA,0,NE,visible_migration,light rain,True,synthetic_fixture,False
CNT003496,TREK029,2024-12-05,07:00,10:51,3.85,American Crow,Corvus brachyrhynchos,CORVUS_BRA,3,N,visible_migration,,True,synthetic_fixture,False
CNT003497,TREK029,2024-12-05,07:00,10:51,3.85,Black-headed Gull,Chroicocephalus ridibundus,CHROICOCEP,2,NE,visible_migration,,True,synthetic_fixture,False
CNT003498,TREK030,2023-01-10,07:00,08:51,1.86,Grey Heron,Ardea cinerea,ARDEA_CINE,1,N,visible_migration,light rain,True,synthetic_fixture,False
CNT003499,TREK030,2023-01-10,07:00,08:51,1.86,American Crow,Corvus brachyrhynchos,CORVUS_BRA,3,W,visible_migration,,True,synthetic_fixture,False
CNT003500,TREK030,2023-02-07,07:00,08:25,1.42,Mallard,Anas platyrhynchos,ANAS_PLATY,4,SE,visible_migration,light rain,True,synthetic_fixture,False
CNT003501,TREK030,2023-02-10,08:00,12:04,4.08,Barn Swallow,Hirundo rustica,HIRUNDO_RU,0,E,visible_migration,light rain,True,synthetic_fixture,False
CNT003502,TREK030,2023-02-11,08:00,13:04,5.08,Great Cormorant,Phalacrocorax carbo,PHALACROCO,4,NE,visible_migration,,True,synthetic_fixture,False
CNT003503,TREK030,2023-02-11,08:00,13:04,5.08,Great Black-backed Gull,Larus marinus,LARUS_MARI,0,N,visible_migration,,False,synthetic_fixture,False
CNT003504,TREK030,2023-02-11,08:00,13:04,5.08,Common Buzzard,Buteo buteo,BUTEO_BUTE,2,N,visible_migration,overcast,True,synthetic_fixture,False
CNT003505,TREK030,2023-02-12,06:00,08:27,2.45,American Robin,Turdus migratorius,TURDUS_MIG,4,SW,visible_migration,overcast,True,synthetic_fixture,False
CNT003506,TREK030,2023-02-12,06:00,08:27,2.45,Common Starling,Sturnus vulgaris,STURNUS_VU,2,S,visible_migration,light rain,True,synthetic_fixture,False
CNT003507,TREK030,2023-02-20,07:00,08:35,1.59,Herring Gull,Larus argentatus,LARUS_ARGE,8,E,visible_migration,windy,True,synthetic_fixture,False
CNT003508,TREK030,2023-02-20,07:00,08:35,1.59,Bald Eagle,Haliaeetus leucocephalus,HALIAEETUS,3,NW,visible_migration,light rain,True,synthetic_fixture,False
CNT003509,TREK030,2023-02-21,06:00,08:27,2.46,Canada Goose,Branta canadensis,BRANTA_CAN,4,W,visible_migration,overcast,True,synthetic_fixture,False
CNT003510,TREK030,2023-02-25,07:00,12:06,5.11,Herring Gull,Larus argentatus,LARUS_ARGE,4,N,visible_migration,light rain,True,synthetic_fixture,False
CNT003511,TREK030,2023-02-25,07:00,12:06,5.11,Mallard,Anas platyrhynchos,ANAS_PLATY,5,SE,visible_migration,,True,synthetic_fixture,False
CNT003512,TREK030,2023-02-25,07:00,12:06,5.11,Great Black-backed Gull,Larus marinus,LARUS_MARI,2,NE,visible_migration,overcast,True,synthetic_fixture,False
CNT003513,TREK030,2023-02-25,05:00,08:03,3.06,Grey Heron,Ardea cinerea,ARDEA_CINE,9,E,visible_migration,overcast,True,synthetic_fixture,False
CNT003514,TREK030,2023-02-25,05:00,08:03,3.06,Common Buzzard,Buteo buteo,BUTEO_BUTE,7,E,visible_migration,clear,True,synthetic_fixture,False
CNT003515,TREK030,2023-02-25,05:00,08:03,3.06,American Robin,Turdus migratorius,TURDUS_MIG,7,S,visible_migration,clear,True,synthetic_fixture,False
CNT003516,TREK030,2023-02-25,05:00,08:03,3.06,Rock Pigeon,Columba livia,COLUMBA_LI,8,NW,visible_migration,light rain,True,synthetic_fixture,False
CNT003517,TREK030,2023-03-26,05:00,08:06,3.1,Grey Heron,Ardea cinerea,ARDEA_CINE,9,SW,visible_migration,overcast,True,synthetic_fixture,False
CNT003518,TREK030,2023-03-26,05:00,08:06,3.1,Common Ringed Plover,Charadrius hiaticula,CHARADRIUS,16,E,visible_migration,light rain,True,synthetic_fixture,False
CNT003519,TREK030,2023-03-26,05:00,08:06,3.1,Mute Swan,Cygnus olor,CYGNUS_OLO,11,NE,visible_migration,windy,True,synthetic_fixture,False
CNT003520,TREK030,2023-03-26,05:00,08:06,3.1,Rock Pigeon,Columba livia,COLUMBA_LI,8,SW,visible_migration,windy,True,synthetic_fixture,False
CNT003521,TREK030,2023-03-26,05:00,08:06,3.1,Barn Swallow,Hirundo rustica,HIRUNDO_RU,14,N,visible_migration,windy,True,synthetic_fixture,False
CNT003522,TREK030,2023-04-01,09:00,13:43,4.72,American Crow,Corvus brachyrhynchos,CORVUS_BRA,8,E,visible_migration,clear,True,synthetic_fixture,False
CNT003523,TREK030,2023-04-01,09:00,13:43,4.72,American Robin,Turdus migratorius,TURDUS_MIG,10,N,visible_migration,clear,True,synthetic_fixture,False
CNT003524,TREK030,2023-04-01,09:00,13:43,4.72,Rock Pigeon,Columba livia,COLUMBA_LI,10,NW,visible_migration,overcast,True,synthetic_fixture,False
CNT003525,TREK030,2023-05-11,06:00,11:45,5.75,Great Blue Heron,Ardea herodias,ARDEA_HERO,9,S,visible_migration,light rain,True,synthetic_fixture,False
CNT003526,TREK030,2023-05-28,09:00,13:12,4.2,Black-headed Gull,Chroicocephalus ridibundus,CHROICOCEP,5,E,visible_migration,windy,True,synthetic_fixture,False
CNT003527,TREK030,2023-05-28,09:00,13:12,4.2,Great Cormorant,Phalacrocorax carbo,PHALACROCO,0,W,visible_migration,clear,True,synthetic_fixture,False
CNT003528,TREK030,2023-05-28,09:00,13:12,4.2,American Crow,Corvus brachyrhynchos,CORVUS_BRA,4,NE,visible_migration,overcast,True,synthetic_fixture,False
CNT003529,TREK030,2023-06-04,09:00,11:26,2.44,Common Raven,Corvus corax,CORVUS_COR,5,E,visible_migration,,True,synthetic_fixture,False
CNT003530,TREK030,2023-06-15,05:00,07:06,2.1,Common Ringed Plover,Charadrius hiaticula,CHARADRIUS,4,NW,visible_migration,,True,synthetic_fixture,False
CNT003531,TREK030,2023-06-15,05:00,07:06,2.1,Common Kestrel,Falco tinnunculus,FALCO_TINN,4,SE,visible_migration,light rain,True,synthetic_fixture,False
CNT003532,TREK030,2023-06-15,05:00,07:06,2.1,Barn Swallow,Hirundo rustica,HIRUNDO_RU,2,SE,visible_migration,light rain,True,synthetic_fixture,False
CNT003533,TREK030,2023-07-01,08:00,11:36,3.61,Greylag Goose,Anser anser,ANSER_ANSE,2,SE,visible_migration,windy,True,synthetic_fixture,False
CNT003534,TREK030,2023-07-01,08:00,11:36,3.61,Black-headed Gull,Chroicocephalus ridibundus,CHROICOCEP,1,NW,visible_migration,windy,True,synthetic_fixture,False
CNT003535,TREK030,2023-07-01,08:00,11:36,3.61,Great Cormorant,Phalacrocorax carbo,PHALACROCO,5,S,visible_migration,overcast,True,synthetic_fixture,False
CNT003536,TREK030,2023-07-01,08:00,11:36,3.61,Eurasian Sparrowhawk,Accipiter nisus,ACCIPITER_,3,W,visible_migration,light rain,True,synthetic_fixture,False
CNT003537,TREK030,2023-07-18,06:00,09:42,3.71,Bald Eagle,Haliaeetus leucocephalus,HALIAEETUS,0,SW,visible_migration,windy,True,synthetic_fixture,False
CNT003538,TREK030,2023-07-18,06:00,09:42,3.71,Great Blue Heron,Ardea herodias,ARDEA_HERO,7,W,visible_migration,clear,True,synthetic_fixture,False
CNT003539,TREK030,2023-07-18,06:00,09:42,3.71,Rock Pigeon,Columba livia,COLUMBA_LI,5,NE,visible_migration,overcast,True,synthetic_fixture,False
CNT003540,TREK030,2023-07-18,06:00,09:42,3.71,Herring Gull,Larus argentatus,LARUS_ARGE,2,NE,visible_migration,overcast,True,synthetic_fixture,False
CNT003541,TREK030,2023-08-07,05:00,08:43,3.73,Common Ringed Plover,Charadrius hiaticula,CHARADRIUS,7,SW,visible_migration,light rain,True,synthetic_fixture,False
CNT003542,TREK030,2023-08-07,05:00,08:43,3.73,Common Kestrel,Falco tinnunculus,FALCO_TINN,3,SW,visible_migration,,True,synthetic_fixture,False
CNT003543,TREK030,2023-08-12,08:00,11:16,3.27,Common Raven,Corvus corax,CORVUS_COR,2,S,visible_migration,overcast,True,synthetic_fixture,False
CNT003544,TREK030,2023-08-12,08:00,11:16,3.27,Great Blue Heron,Ardea herodias,ARDEA_HERO,5,NW,visible_migration,light rain,True,synthetic_fixture,False
CNT003545,TREK030,2023-08-12,08:00,11:16,3.27,Mute Swan,Cygnus olor,CYGNUS_OLO,5,SW,visible_migration,,True,synthetic_fixture,False
CNT003546,TREK030,2023-08-12,08:00,11:16,3.27,American Crow,Corvus brachyrhynchos,CORVUS_BRA,5,E,visible_migration,light rain,True,synthetic_fixture,False
CNT003547,TREK030,2023-08-12,08:00,11:16,3.27,Bald Eagle,Haliaeetus leucocephalus,HALIAEETUS,4,SE,visible_migration,,True,synthetic_fixture,False
CNT003548,TREK030,2023-08-29,07:00,11:59,4.99,Common Starling,Sturnus vulgaris,STURNUS_VU,4,N,visible_migration,overcast,True,synthetic_fixture,False
CNT003549,TREK030,2023-08-29,07:00,11:59,4.99,Mallard,Anas platyrhynchos,ANAS_PLATY,7,S,visible_migration,,True,synthetic_fixture,False
CNT003550,TREK030,2023-08-29,07:00,11:59,4.99,American Robin,Turdus migratorius,TURDUS_MIG,5,W,visible_migration,,True,synthetic_fixture,False
CNT003551,TREK030,2023-08-29,07:00,11:59,4.99,Barn Swallow,Hirundo rustica,HIRUNDO_RU,4,SE,visible_migration,overcast,True,synthetic_fixture,False
CNT003552,TREK030,2023-08-30,06:00,09:29,3.49,Mute Swan,Cygnus olor,CYGNUS_OLO,7,N,visible_migration,,True,synthetic_fixture,False
CNT003553,TREK030,2023-08-30,06:00,09:29,3.49,Common Buzzard,Buteo buteo,BUTEO_BUTE,8,SE,visible_migration,,True,synthetic_fixture,False
CNT003554,TREK030,2023-08-30,06:00,09:29,3.49,Canada Goose,Branta canadensis,BRANTA_CAN,9,SE,visible_migration,overcast,True,synthetic_fixture,False
CNT003555,TREK030,2023-08-30,06:00,09:29,3.49,Great Blue Heron,Ardea herodias,ARDEA_HERO,4,W,visible_migration,light rain,True,synthetic_fixture,False
CNT003556,TREK030,2023-08-30,06:00,09:29,3.49,Black-headed Gull,Chroicocephalus ridibundus,CHROICOCEP,8,SE,visible_migration,overcast,True,synthetic_fixture,False
CNT003557,TREK030,2023-09-05,05:00,08:30,3.51,American Robin,Turdus migratorius,TURDUS_MIG,11,E,visible_migration,light rain,True,synthetic_fixture,False
CNT003558,TREK030,2023-09-05,05:00,08:30,3.51,Barn Swallow,Hirundo rustica,HIRUNDO_RU,11,E,visible_migration,,True,synthetic_fixture,False
CNT003559,TREK030,2023-09-05,05:00,08:30,3.51,American Crow,Corvus brachyrhynchos,CORVUS_BRA,9,S,visible_migration,overcast,True,synthetic_fixture,False
CNT003560,TREK030,2023-09-05,05:00,08:30,3.51,Canada Goose,Branta canadensis,BRANTA_CAN,11,NW,visible_migration,,True,synthetic_fixture,False
CNT003561,TREK030,2023-09-05,05:00,08:30,3.51,Common Starling,Sturnus vulgaris,STURNUS_VU,8,NE,visible_migration,light rain,True,synthetic_fixture,False
CNT003562,TREK030,2023-09-14,09:00,13:19,4.33,Herring Gull,Larus argentatus,LARUS_ARGE,16,SE,visible_migration,clear,True,synthetic_fixture,False
CNT003563,TREK030,2023-09-15,05:00,08:58,3.98,Bald Eagle,Haliaeetus leucocephalus,HALIAEETUS,10,SW,visible_migration,overcast,True,synthetic_fixture,False
CNT003564,TREK030,2023-10-23,08:00,09:57,1.95,Herring Gull,Larus argentatus,LARUS_ARGE,10,W,visible_migration,overcast,True,synthetic_fixture,False
CNT003565,TREK030,2023-10-23,08:00,09:57,1.95,Eurasian Sparrowhawk,Accipiter nisus,ACCIPITER_,7,NW,visible_migration,clear,True,synthetic_fixture,False
CNT003566,TREK030,2023-10-23,08:00,09:57,1.95,Great Blue Heron,Ardea herodias,ARDEA_HERO,7,N,visible_migration,clear,True,synthetic_fixture,False
CNT003567,TREK030,2023-10-23,08:00,09:57,1.95,Mallard,Anas platyrhynchos,ANAS_PLATY,5,W,visible_migration,clear,True,synthetic_fixture,False
CNT003568,TREK030,2023-10-23,08:00,09:57,1.95,American Robin,Turdus migratorius,TURDUS_MIG,7,NW,visible_migration,windy,True,synthetic_fixture,False
CNT003569,TREK030,2023-11-04,06:00,09:32,3.55,American Crow,Corvus brachyrhynchos,CORVUS_BRA,2,E,visible_migration,clear,True,synthetic_fixture,False
CNT003570,TREK030,2023-11-04,06:00,09:32,3.55,Common Buzzard,Buteo buteo,BUTEO_BUTE,13,N,visible_migration,overcast,True,synthetic_fixture,False
CNT003571,TREK030,2023-11-04,06:00,09:32,3.55,Common Starling,Sturnus vulgaris,STURNUS_VU,4,N,visible_migration,windy,True,synthetic_fixture,False
CNT003572,TREK030,2023-11-04,06:00,09:32,3.55,Great Blue Heron,Ardea herodias,ARDEA_HERO,3,SE,visible_migration,overcast,True,synthetic_fixture,False
CNT003573,TREK030,2023-11-04,06:00,09:32,3.55,Rock Pigeon,Columba livia,COLUMBA_LI,1,S,visible_migration,,True,synthetic_fixture,False
CNT003574,TREK030,2023-11-21,05:00,08:14,3.24,Herring Gull,Larus argentatus,LARUS_ARGE,5,SW,visible_migration,windy,True,synthetic_fixture,False
CNT003575,TREK030,2023-11-21,05:00,08:14,3.24,American Robin,Turdus migratorius,TURDUS_MIG,3,N,visible_migration,clear,True,synthetic_fixture,False
CNT003576,TREK030,2023-11-21,05:00,08:14,3.24,Common Buzzard,Buteo buteo,BUTEO_BUTE,3,S,visible_migration,clear,True,synthetic_fixture,False
CNT003577,TREK030,2023-11-21,05:00,08:14,3.24,Great Blue Heron,Ardea herodias,ARDEA_HERO,2,N,visible_migration,windy,True,synthetic_fixture,False
CNT003578,TREK030,2023-12-24,08:00,13:04,5.08,Canada Goose,Branta canadensis,BRANTA_CAN,2,N,visible_migration,overcast,False,synthetic_fixture,False
CNT003579,TREK030,2023-12-24,08:00,13:04,5.08,Great Blue Heron,Ardea herodias,ARDEA_HERO,1,NW,visible_migration,overcast,True,synthetic_fixture,False
CNT003580,TREK030,2023-12-24,08:00,13:04,5.08,Grey Heron,Ardea cinerea,ARDEA_CINE,5,S,visible_migration,overcast,True,synthetic_fixture,False
CNT003581,TREK030,2023-12-24,08:00,13:04,5.08,Great Black-backed Gull,Larus marinus,LARUS_MARI,2,NW,visible_migration,overcast,True,synthetic_fixture,False
CNT003582,TREK030,2024-01-13,09:00,12:46,3.77,Common Ringed Plover,Charadrius hiaticula,CHARADRIUS,2,SE,visible_migration,,False,synthetic_fixture,False
CNT003583,TREK030,2024-01-13,09:00,12:46,3.77,Barn Swallow,Hirundo rustica,HIRUNDO_RU,2,SW,visible_migration,overcast,True,synthetic_fixture,False
CNT003584,TREK030,2024-02-12,07:00,11:52,4.87,Great Blue Heron,Ardea herodias,ARDEA_HERO,1,SE,visible_migration,light rain,True,synthetic_fixture,False
CNT003585,TREK030,2024-03-10,06:00,09:18,3.31,Mallard,Anas platyrhynchos,ANAS_PLATY,6,N,visible_migration,,True,synthetic_fixture,False
CNT003586,TREK030,2024-03-10,06:00,09:18,3.31,Canada Goose,Branta canadensis,BRANTA_CAN,7,E,visible_migration,,True,synthetic_fixture,False
CNT003587,TREK030,2024-06-15,09:00,14:47,5.8,Common Starling,Sturnus vulgaris,STURNUS_VU,3,SW,visible_migration,light rain,True,synthetic_fixture,False
CNT003588,TREK030,2024-06-15,09:00,14:47,5.8,Eurasian Sparrowhawk,Accipiter nisus,ACCIPITER_,6,W,visible_migration,overcast,True,synthetic_fixture,False
CNT003589,TREK030,2024-06-29,06:00,09:59,3.99,Canada Goose,Branta canadensis,BRANTA_CAN,1,E,visible_migration,clear,True,synthetic_fixture,False
CNT003590,TREK030,2024-07-12,06:00,10:22,4.38,Grey Heron,Ardea cinerea,ARDEA_CINE,2,NW,visible_migration,overcast,True,synthetic_fixture,False
CNT003591,TREK030,2024-07-12,06:00,10:22,4.38,Great Blue Heron,Ardea herodias,ARDEA_HERO,2,SW,visible_migration,clear,True,synthetic_fixture,False
CNT003592,TREK030,2024-07-12,06:00,10:22,4.38,Rock Pigeon,Columba livia,COLUMBA_LI,1,N,visible_migration,,True,synthetic_fixture,False
CNT003593,TREK030,2024-07-12,06:00,10:22,4.38,Canada Goose,Branta canadensis,BRANTA_CAN,2,S,visible_migration,overcast,True,synthetic_fixture,False
CNT003594,TREK030,2024-07-12,06:00,10:22,4.38,Eurasian Sparrowhawk,Accipiter nisus,ACCIPITER_,5,SW,visible_migration,,True,synthetic_fixture,False
CNT003595,TREK030,2024-07-20,09:00,12:04,3.08,Bald Eagle,Haliaeetus leucocephalus,HALIAEETUS,7,SW,visible_migration,overcast,True,synthetic_fixture,False
CNT003596,TREK030,2024-07-20,09:00,12:04,3.08,Rock Pigeon,Columba livia,COLUMBA_LI,1,N,visible_migration,windy,True,synthetic_fixture,False
CNT003597,TREK030,2024-07-20,09:00,12:04,3.08,Mallard,Anas platyrhynchos,ANAS_PLATY,5,NE,visible_migration,overcast,True,synthetic_fixture,False
CNT003598,TREK030,2024-07-20,09:00,12:04,3.08,Great Cormorant,Phalacrocorax carbo,PHALACROCO,2,E,visible_migration,light rain,True,synthetic_fixture,False
CNT003599,TREK030,2024-07-20,09:00,12:04,3.08,American Crow,Corvus brachyrhynchos,CORVUS_BRA,7,W,visible_migration,light rain,True,synthetic_fixture,False
CNT003600,TREK030,2024-08-16,07:00,11:11,4.19,Grey Heron,Ardea cinerea,ARDEA_CINE,11,NE,visible_migration,clear,True,synthetic_fixture,False
CNT003601,TREK030,2024-08-16,07:00,11:11,4.19,Eurasian Sparrowhawk,Accipiter nisus,ACCIPITER_,2,NE,visible_migration,windy,True,synthetic_fixture,False
CNT003602,TREK030,2024-08-16,07:00,11:11,4.19,American Crow,Corvus brachyrhynchos,CORVUS_BRA,3,S,visible_migration,windy,True,synthetic_fixture,False
CNT003603,TREK030,2024-08-16,07:00,11:11,4.19,Herring Gull,Larus argentatus,LARUS_ARGE,5,NW,visible_migration,windy,True,synthetic_fixture,False
CNT003604,TREK030,2024-08-16,07:00,11:11,4.19,Rock Pigeon,Columba livia,COLUMBA_LI,6,SW,visible_migration,,True,synthetic_fixture,False
CNT003605,TREK030,2024-08-24,06:00,11:27,5.45,Common Buzzard,Buteo buteo,BUTEO_BUTE,4,SE,visible_migration,,True,synthetic_fixture,False
CNT003606,TREK030,2024-09-14,09:00,10:14,1.24,Great Cormorant,Phalacrocorax carbo,PHALACROCO,10,SE,visible_migration,,True,synthetic_fixture,False
CNT003607,TREK030,2024-09-14,09:00,10:14,1.24,Barn Swallow,Hirundo rustica,HIRUNDO_RU,13,NW,visible_migration,,True,synthetic_fixture,False
CNT003608,TREK030,2024-09-14,09:00,10:14,1.24,Great Blue Heron,Ardea herodias,ARDEA_HERO,12,N,visible_migration,,True,synthetic_fixture,False
CNT003609,TREK030,2024-09-14,09:00,10:14,1.24,Rock Pigeon,Columba livia,COLUMBA_LI,14,S,visible_migration,windy,True,synthetic_fixture,False
CNT003610,TREK030,2024-09-14,09:00,10:14,1.24,Grey Heron,Ardea cinerea,ARDEA_CINE,9,NE,visible_migration,,True,synthetic_fixture,False
CNT003611,TREK030,2024-09-21,05:00,08:37,3.62,American Crow,Corvus brachyrhynchos,CORVUS_BRA,12,SW,visible_migration,,True,synthetic_fixture,False
CNT003612,TREK030,2024-09-21,05:00,08:37,3.62,Great Blue Heron,Ardea herodias,ARDEA_HERO,9,SE,visible_migration,light rain,True,synthetic_fixture,False
CNT003613,TREK030,2024-09-21,05:00,08:37,3.62,Common Ringed Plover,Charadrius hiaticula,CHARADRIUS,6,SW,visible_migration,,True,synthetic_fixture,False
CNT003614,TREK030,2024-09-21,05:00,08:37,3.62,Common Raven,Corvus corax,CORVUS_COR,10,NE,visible_migration,windy,True,synthetic_fixture,False
CNT003615,TREK030,2024-09-21,05:00,08:37,3.62,Greylag Goose,Anser anser,ANSER_ANSE,9,SE,visible_migration,overcast,True,synthetic_fixture,False
CNT003616,TREK030,2024-11-26,05:00,09:39,4.66,Grey Heron,Ardea cinerea,ARDEA_CINE,2,SE,visible_migration,light rain,True,synthetic_fixture,False
CNT003617,TREK030,2024-11-26,05:00,09:39,4.66,Common Kestrel,Falco tinnunculus,FALCO_TINN,8,NW,visible_migration,light rain,True,synthetic_fixture,False
CNT003618,TREK030,2024-12-04,06:00,09:53,3.9,Mute Swan,Cygnus olor,CYGNUS_OLO,2,NW,visible_migration,,True,synthetic_fixture,False
CNT003619,TREK030,2024-12-04,06:00,09:53,3.9,Rock Pigeon,Columba livia,COLUMBA_LI,5,W,visible_migration,windy,True,synthetic_fixture,False
CNT003620,TREK030,2024-12-04,06:00,09:53,3.9,American Robin,Turdus migratorius,TURDUS_MIG,0,E,visible_migration,,True,synthetic_fixture,False
CNT003621,TREK030,2024-12-04,06:00,09:53,3.9,Herring Gull,Larus argentatus,LARUS_ARGE,5,S,visible_migration,,True,synthetic_fixture,False
CNT003622,TREK031,2023-01-17,05:00,10:13,5.23,Common Raven,Corvus corax,CORVUS_COR,1,W,visible_migration,,True,synthetic_fixture,False
CNT003623,TREK031,2023-01-18,07:00,11:52,4.88,Grey Heron,Ardea cinerea,ARDEA_CINE,3,SW,visible_migration,windy,True,synthetic_fixture,False
CNT003624,TREK031,2023-01-18,07:00,11:52,4.88,Common Starling,Sturnus vulgaris,STURNUS_VU,3,S,visible_migration,windy,True,synthetic_fixture,False
CNT003625,TREK031,2023-01-18,07:00,11:52,4.88,Rock Pigeon,Columba livia,COLUMBA_LI,2,NW,visible_migration,windy,True,synthetic_fixture,False
CNT003626,TREK031,2023-03-14,07:00,10:25,3.42,Barn Swallow,Hirundo rustica,HIRUNDO_RU,8,N,visible_migration,overcast,True,synthetic_fixture,False
CNT003627,TREK031,2023-03-14,07:00,10:25,3.42,Bald Eagle,Haliaeetus leucocephalus,HALIAEETUS,11,S,visible_migration,,True,synthetic_fixture,False
CNT003628,TREK031,2023-03-24,05:00,09:09,4.15,Common Kestrel,Falco tinnunculus,FALCO_TINN,9,W,visible_migration,windy,True,synthetic_fixture,False
CNT003629,TREK031,2023-03-24,05:00,09:09,4.15,Common Buzzard,Buteo buteo,BUTEO_BUTE,11,SE,visible_migration,overcast,True,synthetic_fixture,False
CNT003630,TREK031,2023-03-24,05:00,09:09,4.15,Canada Goose,Branta canadensis,BRANTA_CAN,7,SW,visible_migration,windy,True,synthetic_fixture,False
CNT003631,TREK031,2023-03-24,05:00,09:09,4.15,Black-headed Gull,Chroicocephalus ridibundus,CHROICOCEP,8,SE,visible_migration,light rain,True,synthetic_fixture,False
CNT003632,TREK031,2023-03-24,05:00,09:09,4.15,Great Cormorant,Phalacrocorax carbo,PHALACROCO,18,E,visible_migration,overcast,True,synthetic_fixture,False
CNT003633,TREK031,2023-03-24,07:00,11:27,4.46,Grey Heron,Ardea cinerea,ARDEA_CINE,13,E,visible_migration,,True,synthetic_fixture,False
CNT003634,TREK031,2023-03-24,07:00,11:27,4.46,Rock Pigeon,Columba livia,COLUMBA_LI,11,N,visible_migration,windy,True,synthetic_fixture,False
CNT003635,TREK031,2023-03-24,07:00,11:27,4.46,Eurasian Sparrowhawk,Accipiter nisus,ACCIPITER_,11,NW,visible_migration,overcast,True,synthetic_fixture,False
CNT003636,TREK031,2023-03-26,07:00,12:22,5.38,American Robin,Turdus migratorius,TURDUS_MIG,13,SE,visible_migration,overcast,True,synthetic_fixture,False
CNT003637,TREK031,2023-03-26,07:00,12:22,5.38,Bald Eagle,Haliaeetus leucocephalus,HALIAEETUS,12,W,visible_migration,light rain,True,synthetic_fixture,False
CNT003638,TREK031,2023-03-26,07:00,12:22,5.38,Canada Goose,Branta canadensis,BRANTA_CAN,9,W,visible_migration,,True,synthetic_fixture,False
CNT003639,TREK031,2023-03-26,07:00,12:22,5.38,Mallard,Anas platyrhynchos,ANAS_PLATY,7,SE,visible_migration,light rain,True,synthetic_fixture,False
CNT003640,TREK031,2023-04-23,06:00,08:05,2.09,Common Kestrel,Falco tinnunculus,FALCO_TINN,9,E,visible_migration,overcast,True,synthetic_fixture,False
CNT003641,TREK031,2023-04-23,06:00,08:05,2.09,American Crow,Corvus brachyrhynchos,CORVUS_BRA,12,NE,visible_migration,light rain,True,synthetic_fixture,False
CNT003642,TREK031,2023-04-23,06:00,08:05,2.09,Mallard,Anas platyrhynchos,ANAS_PLATY,8,N,visible_migration,windy,True,synthetic_fixture,False
CNT003643,TREK031,2023-05-10,06:00,08:34,2.58,Eurasian Sparrowhawk,Accipiter nisus,ACCIPITER_,11,SE,visible_migration,light rain,True,synthetic_fixture,False
CNT003644,TREK031,2023-05-10,06:00,08:34,2.58,Great Blue Heron,Ardea herodias,ARDEA_HERO,6,W,visible_migration,overcast,True,synthetic_fixture,False
CNT003645,TREK031,2023-05-10,06:00,08:34,2.58,American Robin,Turdus migratorius,TURDUS_MIG,9,E,visible_migration,windy,False,synthetic_fixture,False
CNT003646,TREK031,2023-05-19,07:00,10:04,3.08,Common Raven,Corvus corax,CORVUS_COR,5,SW,visible_migration,,True,synthetic_fixture,False
CNT003647,TREK031,2023-06-03,08:00,13:24,5.4,Black-headed Gull,Chroicocephalus ridibundus,CHROICOCEP,3,SE,visible_migration,light rain,True,synthetic_fixture,False
CNT003648,TREK031,2023-06-03,08:00,13:24,5.4,Great Cormorant,Phalacrocorax carbo,PHALACROCO,2,N,visible_migration,light rain,True,synthetic_fixture,False
CNT003649,TREK031,2023-06-03,08:00,13:24,5.4,Common Kestrel,Falco tinnunculus,FALCO_TINN,2,W,visible_migration,windy,True,synthetic_fixture,False
CNT003650,TREK031,2023-06-03,08:00,13:24,5.4,Great Black-backed Gull,Larus marinus,LARUS_MARI,4,W,visible_migration,windy,True,synthetic_fixture,False
CNT003651,TREK031,2023-06-24,07:00,11:03,4.06,American Crow,Corvus brachyrhynchos,CORVUS_BRA,7,E,visible_migration,light rain,True,synthetic_fixture,False
CNT003652,TREK031,2023-06-24,07:00,11:03,4.06,Common Buzzard,Buteo buteo,BUTEO_BUTE,5,NW,visible_migration,light rain,True,synthetic_fixture,False
CNT003653,TREK031,2023-06-24,07:00,11:03,4.06,Herring Gull,Larus argentatus,LARUS_ARGE,6,NW,visible_migration,light rain,True,synthetic_fixture,False
CNT003654,TREK031,2023-06-24,07:00,11:03,4.06,Rock Pigeon,Columba livia,COLUMBA_LI,5,NE,visible_migration,clear,True,synthetic_fixture,False
CNT003655,TREK031,2023-07-15,05:00,10:08,5.14,Eurasian Sparrowhawk,Accipiter nisus,ACCIPITER_,4,SW,visible_migration,light rain,True,synthetic_fixture,False
CNT003656,TREK031,2023-07-15,05:00,10:08,5.14,Common Kestrel,Falco tinnunculus,FALCO_TINN,1,SE,visible_migration,,True,synthetic_fixture,False
CNT003657,TREK031,2023-07-15,05:00,10:08,5.14,American Robin,Turdus migratorius,TURDUS_MIG,1,SE,visible_migration,windy,True,synthetic_fixture,False
CNT003658,TREK031,2023-07-15,05:00,10:08,5.14,Mute Swan,Cygnus olor,CYGNUS_OLO,4,SE,visible_migration,overcast,True,synthetic_fixture,False
CNT003659,TREK031,2023-08-12,07:00,10:13,3.23,Mute Swan,Cygnus olor,CYGNUS_OLO,0,E,visible_migration,clear,False,synthetic_fixture,False
CNT003660,TREK031,2023-08-12,07:00,10:13,3.23,Common Raven,Corvus corax,CORVUS_COR,3,NW,visible_migration,overcast,True,synthetic_fixture,False
CNT003661,TREK031,2023-08-19,08:00,13:07,5.13,Eurasian Sparrowhawk,Accipiter nisus,ACCIPITER_,5,NE,visible_migration,windy,True,synthetic_fixture,False
CNT003662,TREK031,2023-08-19,08:00,13:07,5.13,Common Buzzard,Buteo buteo,BUTEO_BUTE,5,N,visible_migration,windy,True,synthetic_fixture,False
CNT003663,TREK031,2023-08-19,08:00,13:07,5.13,Mute Swan,Cygnus olor,CYGNUS_OLO,6,W,visible_migration,windy,True,synthetic_fixture,False
CNT003664,TREK031,2023-08-28,09:00,13:22,4.38,Common Kestrel,Falco tinnunculus,FALCO_TINN,10,E,visible_migration,light rain,True,synthetic_fixture,False
CNT003665,TREK031,2023-08-28,09:00,13:22,4.38,Mallard,Anas platyrhynchos,ANAS_PLATY,7,S,visible_migration,light rain,True,synthetic_fixture,False
CNT003666,TREK031,2023-08-30,06:00,07:36,1.61,Common Raven,Corvus corax,CORVUS_COR,4,E,visible_migration,windy,True,synthetic_fixture,False
CNT003667,TREK031,2023-08-30,06:00,07:36,1.61,Black-headed Gull,Chroicocephalus ridibundus,CHROICOCEP,4,SW,visible_migration,clear,True,synthetic_fixture,False
CNT003668,TREK031,2023-08-30,06:00,07:36,1.61,Common Starling,Sturnus vulgaris,STURNUS_VU,6,W,visible_migration,,True,synthetic_fixture,False
CNT003669,TREK031,2023-08-30,06:00,07:36,1.61,Canada Goose,Branta canadensis,BRANTA_CAN,12,N,visible_migration,overcast,True,synthetic_fixture,False
CNT003670,TREK031,2023-11-26,09:00,14:52,5.87,Common Kestrel,Falco tinnunculus,FALCO_TINN,1,NE,visible_migration,overcast,True,synthetic_fixture,False
CNT003671,TREK031,2023-11-26,09:00,14:52,5.87,Mallard,Anas platyrhynchos,ANAS_PLATY,3,SE,visible_migration,,True,synthetic_fixture,False
CNT003672,TREK031,2023-11-26,09:00,14:52,5.87,American Crow,Corvus brachyrhynchos,CORVUS_BRA,3,NW,visible_migration,overcast,True,synthetic_fixture,False
CNT003673,TREK031,2023-11-26,09:00,14:52,5.87,Common Starling,Sturnus vulgaris,STURNUS_VU,0,NE,visible_migration,,True,synthetic_fixture,False
CNT003674,TREK031,2023-11-26,09:00,14:52,5.87,Great Blue Heron,Ardea herodias,ARDEA_HERO,3,E,visible_migration,overcast,True,synthetic_fixture,False
CNT003675,TREK031,2023-12-02,05:00,09:35,4.59,Mallard,Anas platyrhynchos,ANAS_PLATY,2,E,visible_migration,clear,True,synthetic_fixture,False
CNT003676,TREK031,2023-12-03,07:00,13:00,6.0,Bald Eagle,Haliaeetus leucocephalus,HALIAEETUS,3,SW,visible_migration,,True,synthetic_fixture,False
CNT003677,TREK031,2023-12-03,07:00,13:00,6.0,Black-headed Gull,Chroicocephalus ridibundus,CHROICOCEP,2,N,visible_migration,light rain,True,synthetic_fixture,False
CNT003678,TREK031,2024-01-02,08:00,12:34,4.58,Common Ringed Plover,Charadrius hiaticula,CHARADRIUS,3,W,visible_migration,windy,True,synthetic_fixture,False
CNT003679,TREK031,2024-01-02,08:00,12:34,4.58,Mallard,Anas platyrhynchos,ANAS_PLATY,3,E,visible_migration,clear,True,synthetic_fixture,False
CNT003680,TREK031,2024-01-02,08:00,12:34,4.58,Bald Eagle,Haliaeetus leucocephalus,HALIAEETUS,2,NE,visible_migration,,True,synthetic_fixture,False
CNT003681,TREK031,2024-01-13,07:00,10:04,3.08,Black-headed Gull,Chroicocephalus ridibundus,CHROICOCEP,2,W,visible_migration,light rain,True,synthetic_fixture,False
CNT003682,TREK031,2024-02-02,09:00,14:09,5.16,Herring Gull,Larus argentatus,LARUS_ARGE,2,SE,visible_migration,windy,True,synthetic_fixture,False
CNT003683,TREK031,2024-02-02,09:00,14:09,5.16,Canada Goose,Branta canadensis,BRANTA_CAN,1,NE,visible_migration,,True,synthetic_fixture,False
CNT003684,TREK031,2024-02-02,09:00,14:09,5.16,Great Cormorant,Phalacrocorax carbo,PHALACROCO,1,S,visible_migration,windy,True,synthetic_fixture,False
CNT003685,TREK031,2024-02-02,09:00,14:09,5.16,Common Starling,Sturnus vulgaris,STURNUS_VU,2,NW,visible_migration,light rain,True,synthetic_fixture,False
CNT003686,TREK031,2024-02-02,09:00,14:09,5.16,Common Ringed Plover,Charadrius hiaticula,CHARADRIUS,6,NE,visible_migration,clear,True,synthetic_fixture,False
CNT003687,TREK031,2024-02-28,07:00,11:46,4.77,Eurasian Sparrowhawk,Accipiter nisus,ACCIPITER_,5,S,visible_migration,windy,True,synthetic_fixture,False
CNT003688,TREK031,2024-02-28,07:00,11:46,4.77,Herring Gull,Larus argentatus,LARUS_ARGE,11,E,visible_migration,clear,True,synthetic_fixture,False
CNT003689,TREK031,2024-02-28,07:00,11:46,4.77,Common Buzzard,Buteo buteo,BUTEO_BUTE,5,NE,visible_migration,light rain,True,synthetic_fixture,False
CNT003690,TREK031,2024-02-28,07:00,11:46,4.77,Greylag Goose,Anser anser,ANSER_ANSE,7,NW,visible_migration,,True,synthetic_fixture,False
CNT003691,TREK031,2024-02-28,07:00,11:46,4.77,Mute Swan,Cygnus olor,CYGNUS_OLO,4,NE,visible_migration,light rain,True,synthetic_fixture,False
CNT003692,TREK031,2024-03-07,07:00,08:18,1.3,Common Buzzard,Buteo buteo,BUTEO_BUTE,3,W,visible_migration,light rain,True,synthetic_fixture,False
CNT003693,TREK031,2024-03-07,07:00,08:18,1.3,Bald Eagle,Haliaeetus leucocephalus,HALIAEETUS,5,N,visible_migration,,True,synthetic_fixture,False
CNT003694,TREK031,2024-03-07,07:00,08:18,1.3,Barn Swallow,Hirundo rustica,HIRUNDO_RU,5,S,visible_migration,windy,True,synthetic_fixture,False
CNT003695,TREK031,2024-03-07,07:00,08:18,1.3,Black-headed Gull,Chroicocephalus ridibundus,CHROICOCEP,8,SE,visible_migration,overcast,True,synthetic_fixture,False
CNT003696,TREK031,2024-03-08,06:00,10:26,4.44,Common Starling,Sturnus vulgaris,STURNUS_VU,10,SW,visible_migration,,True,synthetic_fixture,False
CNT003697,TREK031,2024-03-08,06:00,10:26,4.44,Canada Goose,Branta canadensis,BRANTA_CAN,8,NW,visible_migration,light rain,True,synthetic_fixture,False
CNT003698,TREK031,2024-03-08,06:00,10:26,4.44,Common Buzzard,Buteo buteo,BUTEO_BUTE,9,SW,visible_migration,,True,synthetic_fixture,False
CNT003699,TREK031,2024-03-08,06:00,10:26,4.44,Herring Gull,Larus argentatus,LARUS_ARGE,6,S,visible_migration,windy,True,synthetic_fixture,False
CNT003700,TREK031,2024-04-08,05:00,08:29,3.49,Great Blue Heron,Ardea herodias,ARDEA_HERO,5,SE,visible_migration,,True,synthetic_fixture,False
CNT003701,TREK031,2024-04-08,05:00,08:29,3.49,Common Buzzard,Buteo buteo,BUTEO_BUTE,13,W,visible_migration,,True,synthetic_fixture,False
CNT003702,TREK031,2024-04-10,09:00,14:43,5.73,Great Blue Heron,Ardea herodias,ARDEA_HERO,12,N,visible_migration,clear,True,synthetic_fixture,False
CNT003703,TREK031,2024-04-30,06:00,09:53,3.9,Rock Pigeon,Columba livia,COLUMBA_LI,9,SE,visible_migration,light rain,False,synthetic_fixture,False
CNT003704,TREK031,2024-04-30,06:00,09:53,3.9,Eurasian Sparrowhawk,Accipiter nisus,ACCIPITER_,12,SE,visible_migration,windy,True,synthetic_fixture,False
CNT003705,TREK031,2024-05-06,05:00,10:20,5.35,Black-headed Gull,Chroicocephalus ridibundus,CHROICOCEP,6,NW,visible_migration,,True,synthetic_fixture,False
CNT003706,TREK031,2024-05-06,05:00,10:20,5.35,Mallard,Anas platyrhynchos,ANAS_PLATY,11,SE,visible_migration,overcast,True,synthetic_fixture,False
CNT003707,TREK031,2024-05-06,05:00,10:20,5.35,Common Ringed Plover,Charadrius hiaticula,CHARADRIUS,6,N,visible_migration,overcast,True,synthetic_fixture,False
CNT003708,TREK031,2024-05-06,05:00,10:20,5.35,Common Raven,Corvus corax,CORVUS_COR,12,SE,visible_migration,light rain,True,synthetic_fixture,False
CNT003709,TREK031,2024-05-10,09:00,12:16,3.28,Mute Swan,Cygnus olor,CYGNUS_OLO,3,W,visible_migration,,False,synthetic_fixture,False
CNT003710,TREK031,2024-06-09,07:00,10:07,3.12,Canada Goose,Branta canadensis,BRANTA_CAN,1,NE,visible_migration,overcast,False,synthetic_fixture,False
CNT003711,TREK031,2024-06-09,07:00,10:07,3.12,Grey Heron,Ardea cinerea,ARDEA_CINE,7,S,visible_migration,windy,True,synthetic_fixture,False
CNT003712,TREK031,2024-06-09,07:00,10:07,3.12,Rock Pigeon,Columba livia,COLUMBA_LI,2,SW,visible_migration,light rain,True,synthetic_fixture,False
CNT003713,TREK031,2024-06-09,06:00,11:54,5.91,Black-headed Gull,Chroicocephalus ridibundus,CHROICOCEP,2,NW,visible_migration,overcast,True,synthetic_fixture,False
CNT003714,TREK031,2024-06-09,06:00,11:54,5.91,American Robin,Turdus migratorius,TURDUS_MIG,2,NE,visible_migration,overcast,True,synthetic_fixture,False
CNT003715,TREK031,2024-06-26,06:00,09:08,3.14,Greylag Goose,Anser anser,ANSER_ANSE,3,NE,visible_migration,light rain,True,synthetic_fixture,False
CNT003716,TREK031,2024-06-26,06:00,09:08,3.14,Eurasian Sparrowhawk,Accipiter nisus,ACCIPITER_,5,N,visible_migration,windy,True,synthetic_fixture,False
CNT003717,TREK031,2024-06-26,06:00,09:08,3.14,Mallard,Anas platyrhynchos,ANAS_PLATY,2,E,visible_migration,light rain,True,synthetic_fixture,False
CNT003718,TREK031,2024-08-26,05:00,08:53,3.9,Common Ringed Plover,Charadrius hiaticula,CHARADRIUS,7,NE,visible_migration,clear,True,synthetic_fixture,False
CNT003719,TREK031,2024-08-26,05:00,08:53,3.9,Grey Heron,Ardea cinerea,ARDEA_CINE,5,N,visible_migration,light rain,False,synthetic_fixture,False
CNT003720,TREK031,2024-08-26,05:00,08:53,3.9,Bald Eagle,Haliaeetus leucocephalus,HALIAEETUS,8,NW,visible_migration,overcast,True,synthetic_fixture,False
CNT003721,TREK031,2024-09-14,09:00,13:00,4.01,Common Starling,Sturnus vulgaris,STURNUS_VU,11,SE,visible_migration,windy,True,synthetic_fixture,False
CNT003722,TREK031,2024-10-05,09:00,13:35,4.6,Common Starling,Sturnus vulgaris,STURNUS_VU,15,W,visible_migration,,True,synthetic_fixture,False
CNT003723,TREK031,2024-10-05,09:00,13:35,4.6,Mute Swan,Cygnus olor,CYGNUS_OLO,12,N,visible_migration,windy,True,synthetic_fixture,False
CNT003724,TREK031,2024-10-05,09:00,13:35,4.6,Canada Goose,Branta canadensis,BRANTA_CAN,11,NW,visible_migration,clear,True,synthetic_fixture,False
CNT003725,TREK031,2024-10-05,09:00,13:35,4.6,American Crow,Corvus brachyrhynchos,CORVUS_BRA,9,N,visible_migration,clear,True,synthetic_fixture,False
CNT003726,TREK031,2024-10-24,05:00,07:00,2.0,American Robin,Turdus migratorius,TURDUS_MIG,5,NE,visible_migration,light rain,True,synthetic_fixture,False
CNT003727,TREK031,2024-10-24,05:00,07:00,2.0,Great Cormorant,Phalacrocorax carbo,PHALACROCO,13,W,visible_migration,windy,True,synthetic_fixture,False
CNT003728,TREK031,2024-10-25,06:00,11:42,5.71,Common Raven,Corvus corax,CORVUS_COR,6,NE,visible_migration,overcast,True,synthetic_fixture,False
CNT003729,TREK031,2024-10-25,06:00,11:42,5.71,Grey Heron,Ardea cinerea,ARDEA_CINE,9,SE,visible_migration,light rain,True,synthetic_fixture,False
CNT003730,TREK031,2024-10-25,06:00,11:42,5.71,Common Buzzard,Buteo buteo,BUTEO_BUTE,8,E,visible_migration,light rain,True,synthetic_fixture,False
CNT003731,TREK031,2024-10-25,06:00,11:42,5.71,Common Starling,Sturnus vulgaris,STURNUS_VU,4,W,visible_migration,,True,synthetic_fixture,False
CNT003732,TREK031,2024-11-05,05:00,06:45,1.75,Great Blue Heron,Ardea herodias,ARDEA_HERO,2,E,visible_migration,windy,True,synthetic_fixture,False
CNT003733,TREK031,2024-11-05,05:00,06:45,1.75,Grey Heron,Ardea cinerea,ARDEA_CINE,7,NE,visible_migration,light rain,True,synthetic_fixture,False
CNT003734,TREK031,2024-11-05,05:00,06:45,1.75,Common Kestrel,Falco tinnunculus,FALCO_TINN,5,SE,visible_migration,clear,False,synthetic_fixture,False
CNT003735,TREK031,2024-11-05,05:00,06:45,1.75,Herring Gull,Larus argentatus,LARUS_ARGE,9,S,visible_migration,light rain,True,synthetic_fixture,False
CNT003736,TREK031,2024-11-12,07:00,09:14,2.24,Great Blue Heron,Ardea herodias,ARDEA_HERO,2,SE,visible_migration,light rain,True,synthetic_fixture,False
CNT003737,TREK031,2024-11-12,07:00,09:14,2.24,Mallard,Anas platyrhynchos,ANAS_PLATY,2,SE,visible_migration,overcast,True,synthetic_fixture,False
CNT003738,TREK031,2024-11-12,07:00,09:14,2.24,Grey Heron,Ardea cinerea,ARDEA_CINE,8,W,visible_migration,overcast,True,synthetic_fixture,False
CNT003739,TREK031,2024-11-12,07:00,09:14,2.24,Common Raven,Corvus corax,CORVUS_COR,6,NW,visible_migration,,True,synthetic_fixture,False
CNT003740,TREK031,2024-11-20,08:00,11:01,3.02,Great Black-backed Gull,Larus marinus,LARUS_MARI,4,N,visible_migration,clear,True,synthetic_fixture,False
CNT003741,TREK031,2024-11-20,08:00,11:01,3.02,Great Cormorant,Phalacrocorax carbo,PHALACROCO,8,E,visible_migration,windy,True,synthetic_fixture,False
CNT003742,TREK032,2023-01-01,08:00,10:15,2.25,Herring Gull,Larus argentatus,LARUS_ARGE,1,W,visible_migration,clear,True,synthetic_fixture,False
CNT003743,TREK032,2023-01-01,08:00,10:15,2.25,Black-headed Gull,Chroicocephalus ridibundus,CHROICOCEP,3,E,visible_migration,overcast,True,synthetic_fixture,False
CNT003744,TREK032,2023-01-01,08:00,10:15,2.25,American Crow,Corvus brachyrhynchos,CORVUS_BRA,3,S,visible_migration,overcast,True,synthetic_fixture,False
CNT003745,TREK032,2023-01-01,08:00,10:15,2.25,Bald Eagle,Haliaeetus leucocephalus,HALIAEETUS,2,SE,visible_migration,,True,synthetic_fixture,False
CNT003746,TREK032,2023-03-04,06:00,09:31,3.52,Common Kestrel,Falco tinnunculus,FALCO_TINN,4,NE,visible_migration,overcast,True,synthetic_fixture,False
CNT003747,TREK032,2023-03-04,06:00,09:31,3.52,Grey Heron,Ardea cinerea,ARDEA_CINE,6,E,visible_migration,light rain,True,synthetic_fixture,False
CNT003748,TREK032,2023-03-22,08:00,13:29,5.49,Common Buzzard,Buteo buteo,BUTEO_BUTE,8,SW,visible_migration,light rain,False,synthetic_fixture,False
CNT003749,TREK032,2023-03-22,08:00,13:29,5.49,Great Cormorant,Phalacrocorax carbo,PHALACROCO,5,S,visible_migration,light rain,True,synthetic_fixture,False
CNT003750,TREK032,2023-03-22,08:00,13:29,5.49,Common Starling,Sturnus vulgaris,STURNUS_VU,8,S,visible_migration,windy,True,synthetic_fixture,False
CNT003751,TREK032,2023-03-22,08:00,13:29,5.49,Bald Eagle,Haliaeetus leucocephalus,HALIAEETUS,6,W,visible_migration,,True,synthetic_fixture,False
CNT003752,TREK032,2023-03-23,05:00,06:57,1.95,Mallard,Anas platyrhynchos,ANAS_PLATY,9,SW,visible_migration,clear,True,synthetic_fixture,False
CNT003753,TREK032,2023-04-05,05:00,08:36,3.61,Eurasian Sparrowhawk,Accipiter nisus,ACCIPITER_,11,NW,visible_migration,clear,False,synthetic_fixture,False
CNT003754,TREK032,2023-04-05,05:00,08:36,3.61,Grey Heron,Ardea cinerea,ARDEA_CINE,10,W,visible_migration,,True,synthetic_fixture,False
CNT003755,TREK032,2023-04-05,05:00,08:36,3.61,Great Blue Heron,Ardea herodias,ARDEA_HERO,14,NE,visible_migration,,True,synthetic_fixture,False
CNT003756,TREK032,2023-04-05,05:00,08:36,3.61,Bald Eagle,Haliaeetus leucocephalus,HALIAEETUS,19,S,visible_migration,clear,True,synthetic_fixture,False
CNT003757,TREK032,2023-04-24,09:00,10:08,1.14,Eurasian Sparrowhawk,Accipiter nisus,ACCIPITER_,13,SW,visible_migration,windy,True,synthetic_fixture,False
CNT003758,TREK032,2023-04-28,07:00,08:48,1.8,Common Kestrel,Falco tinnunculus,FALCO_TINN,13,NW,visible_migration,light rain,True,synthetic_fixture,False
CNT003759,TREK032,2023-04-28,07:00,08:48,1.8,Barn Swallow,Hirundo rustica,HIRUNDO_RU,7,NW,visible_migration,light rain,True,synthetic_fixture,False
CNT003760,TREK032,2023-06-06,06:00,08:37,2.63,Bald Eagle,Haliaeetus leucocephalus,HALIAEETUS,2,NW,visible_migration,windy,False,synthetic_fixture,False
CNT003761,TREK032,2023-06-06,06:00,08:37,2.63,Canada Goose,Branta canadensis,BRANTA_CAN,5,W,visible_migration,clear,True,synthetic_fixture,False
CNT003762,TREK032,2023-06-06,06:00,08:37,2.63,Common Buzzard,Buteo buteo,BUTEO_BUTE,1,NW,visible_migration,windy,True,synthetic_fixture,False
CNT003763,TREK032,2023-06-06,06:00,08:37,2.63,Rock Pigeon,Columba livia,COLUMBA_LI,3,NE,visible_migration,,True,synthetic_fixture,False
CNT003764,TREK032,2023-06-06,06:00,08:37,2.63,American Crow,Corvus brachyrhynchos,CORVUS_BRA,3,E,visible_migration,clear,True,synthetic_fixture,False
CNT003765,TREK032,2023-06-30,08:00,13:02,5.04,Common Ringed Plover,Charadrius hiaticula,CHARADRIUS,1,N,visible_migration,overcast,True,synthetic_fixture,False
CNT003766,TREK032,2023-06-30,08:00,13:02,5.04,Mute Swan,Cygnus olor,CYGNUS_OLO,4,W,visible_migration,overcast,True,synthetic_fixture,False
CNT003767,TREK032,2023-06-30,08:00,13:02,5.04,Great Cormorant,Phalacrocorax carbo,PHALACROCO,4,N,visible_migration,overcast,True,synthetic_fixture,False
CNT003768,TREK032,2023-07-14,09:00,14:25,5.42,Mallard,Anas platyrhynchos,ANAS_PLATY,2,SW,visible_migration,windy,True,synthetic_fixture,False
CNT003769,TREK032,2023-07-14,09:00,14:25,5.42,Barn Swallow,Hirundo rustica,HIRUNDO_RU,2,E,visible_migration,overcast,False,synthetic_fixture,False
CNT003770,TREK032,2023-07-14,09:00,14:25,5.42,Great Blue Heron,Ardea herodias,ARDEA_HERO,3,S,visible_migration,light rain,True,synthetic_fixture,False
CNT003771,TREK032,2023-07-14,09:00,14:25,5.42,Rock Pigeon,Columba livia,COLUMBA_LI,4,SW,visible_migration,overcast,True,synthetic_fixture,False
CNT003772,TREK032,2023-07-14,09:00,14:25,5.42,Common Ringed Plover,Charadrius hiaticula,CHARADRIUS,4,E,visible_migration,,True,synthetic_fixture,False
CNT003773,TREK032,2023-09-20,06:00,08:49,2.83,Common Ringed Plover,Charadrius hiaticula,CHARADRIUS,12,NE,visible_migration,overcast,True,synthetic_fixture,False
CNT003774,TREK032,2023-09-22,06:00,11:30,5.5,Great Black-backed Gull,Larus marinus,LARUS_MARI,12,S,visible_migration,light rain,False,synthetic_fixture,False
CNT003775,TREK032,2023-10-25,06:00,10:04,4.08,Great Black-backed Gull,Larus marinus,LARUS_MARI,8,NE,visible_migration,,True,synthetic_fixture,False
CNT003776,TREK032,2023-10-25,06:00,10:04,4.08,Rock Pigeon,Columba livia,COLUMBA_LI,7,SE,visible_migration,overcast,True,synthetic_fixture,False
CNT003777,TREK032,2023-10-25,06:00,10:04,4.08,Canada Goose,Branta canadensis,BRANTA_CAN,8,SE,visible_migration,clear,True,synthetic_fixture,False
CNT003778,TREK032,2023-10-25,06:00,10:04,4.08,Herring Gull,Larus argentatus,LARUS_ARGE,10,E,visible_migration,overcast,True,synthetic_fixture,False
CNT003779,TREK032,2023-10-25,06:00,10:04,4.08,Mallard,Anas platyrhynchos,ANAS_PLATY,3,SE,visible_migration,,True,synthetic_fixture,False
CNT003780,TREK032,2023-12-15,06:00,11:12,5.2,Common Raven,Corvus corax,CORVUS_COR,1,E,visible_migration,clear,True,synthetic_fixture,False
CNT003781,TREK032,2023-12-15,06:00,11:12,5.2,Rock Pigeon,Columba livia,COLUMBA_LI,3,S,visible_migration,clear,False,synthetic_fixture,False
CNT003782,TREK032,2023-12-15,06:00,11:12,5.2,Canada Goose,Branta canadensis,BRANTA_CAN,2,N,visible_migration,windy,True,synthetic_fixture,False
CNT003783,TREK032,2023-12-28,06:00,10:24,4.41,Common Buzzard,Buteo buteo,BUTEO_BUTE,3,N,visible_migration,windy,True,synthetic_fixture,False
CNT003784,TREK032,2023-12-28,06:00,10:24,4.41,Common Ringed Plover,Charadrius hiaticula,CHARADRIUS,4,N,visible_migration,light rain,True,synthetic_fixture,False
CNT003785,TREK032,2024-01-08,08:00,09:57,1.95,Grey Heron,Ardea cinerea,ARDEA_CINE,4,S,visible_migration,light rain,True,synthetic_fixture,False
CNT003786,TREK032,2024-01-08,08:00,09:57,1.95,Bald Eagle,Haliaeetus leucocephalus,HALIAEETUS,4,SW,visible_migration,light rain,True,synthetic_fixture,False
CNT003787,TREK032,2024-01-10,09:00,12:55,3.92,Common Kestrel,Falco tinnunculus,FALCO_TINN,5,S,visible_migration,clear,True,synthetic_fixture,False
CNT003788,TREK032,2024-01-10,09:00,12:55,3.92,Great Black-backed Gull,Larus marinus,LARUS_MARI,2,SE,visible_migration,clear,True,synthetic_fixture,False
CNT003789,TREK032,2024-01-10,09:00,12:55,3.92,Common Buzzard,Buteo buteo,BUTEO_BUTE,4,N,visible_migration,light rain,True,synthetic_fixture,False
CNT003790,TREK032,2024-01-28,09:00,14:27,5.46,Grey Heron,Ardea cinerea,ARDEA_CINE,5,SW,visible_migration,clear,True,synthetic_fixture,False
CNT003791,TREK032,2024-01-28,09:00,14:27,5.46,Eurasian Sparrowhawk,Accipiter nisus,ACCIPITER_,2,NW,visible_migration,windy,True,synthetic_fixture,False
CNT003792,TREK032,2024-01-28,09:00,14:27,5.46,Greylag Goose,Anser anser,ANSER_ANSE,2,NE,visible_migration,overcast,True,synthetic_fixture,False
CNT003793,TREK032,2024-01-28,09:00,14:27,5.46,Common Ringed Plover,Charadrius hiaticula,CHARADRIUS,3,SE,visible_migration,clear,True,synthetic_fixture,False
CNT003794,TREK032,2024-01-28,09:00,14:27,5.46,Great Black-backed Gull,Larus marinus,LARUS_MARI,2,N,visible_migration,light rain,True,synthetic_fixture,False
CNT003795,TREK032,2024-01-29,09:00,14:35,5.6,Mute Swan,Cygnus olor,CYGNUS_OLO,4,S,visible_migration,light rain,True,synthetic_fixture,False
CNT003796,TREK032,2024-01-29,09:00,14:35,5.6,Rock Pigeon,Columba livia,COLUMBA_LI,4,W,visible_migration,overcast,True,synthetic_fixture,False
CNT003797,TREK032,2024-01-29,09:00,14:35,5.6,Common Ringed Plover,Charadrius hiaticula,CHARADRIUS,2,NE,visible_migration,,True,synthetic_fixture,False
CNT003798,TREK032,2024-01-29,09:00,14:35,5.6,Barn Swallow,Hirundo rustica,HIRUNDO_RU,3,W,visible_migration,overcast,True,synthetic_fixture,False
CNT003799,TREK032,2024-02-23,06:00,08:35,2.59,Common Buzzard,Buteo buteo,BUTEO_BUTE,2,NE,visible_migration,light rain,True,synthetic_fixture,False
CNT003800,TREK032,2024-02-23,06:00,08:35,2.59,Grey Heron,Ardea cinerea,ARDEA_CINE,7,S,visible_migration,overcast,True,synthetic_fixture,False
CNT003801,TREK032,2024-03-21,08:00,12:22,4.38,Greylag Goose,Anser anser,ANSER_ANSE,14,N,visible_migration,windy,True,synthetic_fixture,False
CNT003802,TREK032,2024-03-21,08:00,12:22,4.38,Grey Heron,Ardea cinerea,ARDEA_CINE,5,S,visible_migration,overcast,True,synthetic_fixture,False
CNT003803,TREK032,2024-03-21,08:00,12:22,4.38,Common Kestrel,Falco tinnunculus,FALCO_TINN,2,E,visible_migration,,True,synthetic_fixture,False
CNT003804,TREK032,2024-03-21,08:00,12:22,4.38,Herring Gull,Larus argentatus,LARUS_ARGE,9,SE,visible_migration,clear,True,synthetic_fixture,False
CNT003805,TREK032,2024-03-21,08:00,12:22,4.38,American Robin,Turdus migratorius,TURDUS_MIG,8,W,visible_migration,light rain,True,synthetic_fixture,False
CNT003806,TREK032,2024-03-23,06:00,08:05,2.09,Great Cormorant,Phalacrocorax carbo,PHALACROCO,10,SW,visible_migration,light rain,True,synthetic_fixture,False
CNT003807,TREK032,2024-03-23,06:00,08:05,2.09,Common Kestrel,Falco tinnunculus,FALCO_TINN,5,W,visible_migration,clear,True,synthetic_fixture,False
CNT003808,TREK032,2024-03-23,06:00,08:05,2.09,Black-headed Gull,Chroicocephalus ridibundus,CHROICOCEP,9,NE,visible_migration,windy,True,synthetic_fixture,False
CNT003809,TREK032,2024-03-23,06:00,08:05,2.09,Common Raven,Corvus corax,CORVUS_COR,11,SW,visible_migration,,True,synthetic_fixture,False
CNT003810,TREK032,2024-03-23,06:00,08:05,2.09,Bald Eagle,Haliaeetus leucocephalus,HALIAEETUS,8,W,visible_migration,,True,synthetic_fixture,False
CNT003811,TREK032,2024-04-10,08:00,11:18,3.31,Barn Swallow,Hirundo rustica,HIRUNDO_RU,16,N,visible_migration,,True,synthetic_fixture,False
CNT003812,TREK032,2024-04-10,08:00,11:18,3.31,Black-headed Gull,Chroicocephalus ridibundus,CHROICOCEP,16,S,visible_migration,light rain,True,synthetic_fixture,False
CNT003813,TREK032,2024-04-10,08:00,11:18,3.31,Common Buzzard,Buteo buteo,BUTEO_BUTE,16,W,visible_migration,windy,True,synthetic_fixture,False
CNT003814,TREK032,2024-04-10,08:00,11:18,3.31,American Robin,Turdus migratorius,TURDUS_MIG,12,NE,visible_migration,overcast,True,synthetic_fixture,False
CNT003815,TREK032,2024-05-06,08:00,11:35,3.59,Great Blue Heron,Ardea herodias,ARDEA_HERO,5,N,visible_migration,windy,False,synthetic_fixture,False
CNT003816,TREK032,2024-05-06,08:00,11:35,3.59,Rock Pigeon,Columba livia,COLUMBA_LI,8,NW,visible_migration,overcast,False,synthetic_fixture,False
CNT003817,TREK032,2024-05-06,08:00,11:35,3.59,Common Buzzard,Buteo buteo,BUTEO_BUTE,11,SW,visible_migration,light rain,True,synthetic_fixture,False
CNT003818,TREK032,2024-06-25,06:00,11:02,5.05,Common Starling,Sturnus vulgaris,STURNUS_VU,2,N,visible_migration,light rain,True,synthetic_fixture,False
CNT003819,TREK032,2024-06-25,06:00,11:02,5.05,Great Blue Heron,Ardea herodias,ARDEA_HERO,1,W,visible_migration,light rain,True,synthetic_fixture,False
CNT003820,TREK032,2024-07-03,06:00,10:10,4.18,Mute Swan,Cygnus olor,CYGNUS_OLO,4,S,visible_migration,,True,synthetic_fixture,False
CNT003821,TREK032,2024-07-03,06:00,10:10,4.18,Great Black-backed Gull,Larus marinus,LARUS_MARI,1,NW,visible_migration,overcast,True,synthetic_fixture,False
CNT003822,TREK032,2024-07-04,07:00,09:18,2.31,Grey Heron,Ardea cinerea,ARDEA_CINE,3,E,visible_migration,,True,synthetic_fixture,False
CNT003823,TREK032,2024-07-04,07:00,09:18,2.31,Barn Swallow,Hirundo rustica,HIRUNDO_RU,2,S,visible_migration,light rain,False,synthetic_fixture,False
CNT003824,TREK032,2024-07-05,09:00,10:45,1.76,Mallard,Anas platyrhynchos,ANAS_PLATY,1,SE,visible_migration,windy,True,synthetic_fixture,False
CNT003825,TREK032,2024-07-05,09:00,10:45,1.76,Canada Goose,Branta canadensis,BRANTA_CAN,5,SW,visible_migration,windy,True,synthetic_fixture,False
CNT003826,TREK032,2024-07-12,09:00,12:31,3.52,Common Ringed Plover,Charadrius hiaticula,CHARADRIUS,2,N,visible_migration,light rain,True,synthetic_fixture,False
CNT003827,TREK032,2024-07-12,09:00,12:31,3.52,Bald Eagle,Haliaeetus leucocephalus,HALIAEETUS,4,S,visible_migration,light rain,True,synthetic_fixture,False
CNT003828,TREK032,2024-07-15,05:00,06:21,1.36,Common Kestrel,Falco tinnunculus,FALCO_TINN,2,S,visible_migration,clear,True,synthetic_fixture,False
CNT003829,TREK032,2024-07-15,05:00,06:21,1.36,Common Starling,Sturnus vulgaris,STURNUS_VU,3,SE,visible_migration,windy,True,synthetic_fixture,False
CNT003830,TREK032,2024-08-05,05:00,06:26,1.45,Grey Heron,Ardea cinerea,ARDEA_CINE,3,W,visible_migration,light rain,True,synthetic_fixture,False
CNT003831,TREK032,2024-08-05,05:00,06:26,1.45,Common Starling,Sturnus vulgaris,STURNUS_VU,3,NW,visible_migration,overcast,True,synthetic_fixture,False
CNT003832,TREK032,2024-08-10,05:00,06:42,1.7,Common Ringed Plover,Charadrius hiaticula,CHARADRIUS,2,SW,visible_migration,,True,synthetic_fixture,False
CNT003833,TREK032,2024-08-10,05:00,06:42,1.7,Mute Swan,Cygnus olor,CYGNUS_OLO,9,NW,visible_migration,clear,True,synthetic_fixture,False
CNT003834,TREK032,2024-08-19,09:00,10:17,1.29,American Crow,Corvus brachyrhynchos,CORVUS_BRA,3,W,visible_migration,light rain,True,synthetic_fixture,False
CNT003835,TREK032,2024-08-26,06:00,08:45,2.75,Eurasian Sparrowhawk,Accipiter nisus,ACCIPITER_,8,W,visible_migration,overcast,False,synthetic_fixture,False
CNT003836,TREK032,2024-08-26,06:00,08:45,2.75,Common Starling,Sturnus vulgaris,STURNUS_VU,9,NW,visible_migration,,True,synthetic_fixture,False
CNT003837,TREK032,2024-09-30,06:00,09:44,3.74,Rock Pigeon,Columba livia,COLUMBA_LI,10,N,visible_migration,overcast,True,synthetic_fixture,False
CNT003838,TREK032,2024-09-30,06:00,09:44,3.74,Great Cormorant,Phalacrocorax carbo,PHALACROCO,9,N,visible_migration,overcast,True,synthetic_fixture,False
CNT003839,TREK032,2024-09-30,06:00,09:44,3.74,Common Kestrel,Falco tinnunculus,FALCO_TINN,14,SE,visible_migration,overcast,True,synthetic_fixture,False
CNT003840,TREK032,2024-09-30,06:00,09:44,3.74,Canada Goose,Branta canadensis,BRANTA_CAN,12,E,visible_migration,light rain,True,synthetic_fixture,False
CNT003841,TREK032,2024-09-30,06:00,09:44,3.74,Herring Gull,Larus argentatus,LARUS_ARGE,9,E,visible_migration,windy,True,synthetic_fixture,False
CNT003842,TREK032,2024-10-26,05:00,07:07,2.12,Common Buzzard,Buteo buteo,BUTEO_BUTE,4,NE,visible_migration,light rain,True,synthetic_fixture,False
CNT003843,TREK032,2024-11-27,06:00,07:26,1.44,Mallard,Anas platyrhynchos,ANAS_PLATY,4,S,visible_migration,,True,synthetic_fixture,False
CNT003844,TREK032,2024-12-01,06:00,08:28,2.48,American Robin,Turdus migratorius,TURDUS_MIG,3,S,visible_migration,clear,True,synthetic_fixture,False
CNT003845,TREK032,2024-12-01,06:00,08:28,2.48,Great Blue Heron,Ardea herodias,ARDEA_HERO,3,W,visible_migration,windy,True,synthetic_fixture,False
CNT003846,TREK032,2024-12-01,06:00,08:28,2.48,Canada Goose,Branta canadensis,BRANTA_CAN,3,NW,visible_migration,overcast,True,synthetic_fixture,False
CNT003847,TREK032,2024-12-17,09:00,12:27,3.45,Common Raven,Corvus corax,CORVUS_COR,4,W,visible_migration,,True,synthetic_fixture,False
CNT003848,TREK032,2024-12-17,09:00,12:27,3.45,Great Blue Heron,Ardea herodias,ARDEA_HERO,1,SE,visible_migration,light rain,True,synthetic_fixture,False
CNT003849,TREK032,2024-12-17,09:00,12:27,3.45,Common Kestrel,Falco tinnunculus,FALCO_TINN,2,W,visible_migration,windy,True,synthetic_fixture,False
CNT003850,TREK032,2024-12-17,09:00,12:27,3.45,Greylag Goose,Anser anser,ANSER_ANSE,5,SW,visible_migration,light rain,True,synthetic_fixture,False
CNT003851,TREK032,2024-12-17,08:00,11:08,3.14,Great Black-backed Gull,Larus marinus,LARUS_MARI,1,SW,visible_migration,light rain,True,synthetic_fixture,False
CNT003852,TREK032,2024-12-17,08:00,11:08,3.14,Black-headed Gull,Chroicocephalus ridibundus,CHROICOCEP,0,NW,visible_migration,clear,True,synthetic_fixture,False
CNT003853,TREK032,2024-12-17,08:00,11:08,3.14,Common Raven,Corvus corax,CORVUS_COR,1,S,visible_migration,light rain,True,synthetic_fixture,False
CNT003854,TREK032,2024-12-21,07:00,08:40,1.68,Bald Eagle,Haliaeetus leucocephalus,HALIAEETUS,2,W,visible_migration,windy,True,synthetic_fixture,False
CNT003855,TREK033,2023-01-04,07:00,11:59,4.99,Mallard,Anas platyrhynchos,ANAS_PLATY,4,N,nocturnal_flight_call,windy,True,synthetic_fixture,False
CNT003856,TREK033,2023-01-04,07:00,11:59,4.99,Common Ringed Plover,Charadrius hiaticula,CHARADRIUS,2,SW,nocturnal_flight_call,overcast,True,synthetic_fixture,False
CNT003857,TREK033,2023-01-23,06:00,08:04,2.08,Mute Swan,Cygnus olor,CYGNUS_OLO,4,NE,nocturnal_flight_call,,True,synthetic_fixture,False
CNT003858,TREK033,2023-01-26,08:00,11:34,3.58,Common Ringed Plover,Charadrius hiaticula,CHARADRIUS,5,S,nocturnal_flight_call,,True,synthetic_fixture,False
CNT003859,TREK033,2023-01-26,08:00,11:34,3.58,Herring Gull,Larus argentatus,LARUS_ARGE,1,S,nocturnal_flight_call,,True,synthetic_fixture,False
CNT003860,TREK033,2023-01-26,08:00,11:34,3.58,Eurasian Sparrowhawk,Accipiter nisus,ACCIPITER_,2,S,nocturnal_flight_call,light rain,True,synthetic_fixture,False
CNT003861,TREK033,2023-01-26,08:00,11:34,3.58,American Robin,Turdus migratorius,TURDUS_MIG,1,N,nocturnal_flight_call,light rain,True,synthetic_fixture,False
CNT003862,TREK033,2023-01-26,08:00,11:34,3.58,Great Black-backed Gull,Larus marinus,LARUS_MARI,7,E,nocturnal_flight_call,windy,True,synthetic_fixture,False
CNT003863,TREK033,2023-01-30,08:00,11:59,3.99,Common Buzzard,Buteo buteo,BUTEO_BUTE,6,NW,nocturnal_flight_call,clear,True,synthetic_fixture,False
CNT003864,TREK033,2023-01-30,08:00,11:59,3.99,Grey Heron,Ardea cinerea,ARDEA_CINE,5,S,nocturnal_flight_call,windy,True,synthetic_fixture,False
CNT003865,TREK033,2023-01-30,08:00,11:59,3.99,Great Blue Heron,Ardea herodias,ARDEA_HERO,2,SW,nocturnal_flight_call,windy,True,synthetic_fixture,False
CNT003866,TREK033,2023-01-30,08:00,11:59,3.99,Greylag Goose,Anser anser,ANSER_ANSE,5,SW,nocturnal_flight_call,overcast,True,synthetic_fixture,False
CNT003867,TREK033,2023-01-30,08:00,11:59,3.99,Great Black-backed Gull,Larus marinus,LARUS_MARI,3,N,nocturnal_flight_call,,True,synthetic_fixture,False
CNT003868,TREK033,2023-02-11,06:00,07:08,1.15,Common Kestrel,Falco tinnunculus,FALCO_TINN,4,NW,nocturnal_flight_call,clear,True,synthetic_fixture,False
CNT003869,TREK033,2023-02-11,06:00,07:08,1.15,Herring Gull,Larus argentatus,LARUS_ARGE,2,SW,nocturnal_flight_call,,True,synthetic_fixture,False
CNT003870,TREK033,2023-02-11,06:00,07:08,1.15,Common Raven,Corvus corax,CORVUS_COR,2,SE,nocturnal_flight_call,,True,synthetic_fixture,False
CNT003871,TREK033,2023-02-11,06:00,07:08,1.15,Greylag Goose,Anser anser,ANSER_ANSE,7,SW,nocturnal_flight_call,light rain,True,synthetic_fixture,False
CNT003872,TREK033,2023-02-11,06:00,07:08,1.15,Great Cormorant,Phalacrocorax carbo,PHALACROCO,5,W,nocturnal_flight_call,overcast,True,synthetic_fixture,False
CNT003873,TREK033,2023-02-21,08:00,09:27,1.46,Common Buzzard,Buteo buteo,BUTEO_BUTE,1,NW,nocturnal_flight_call,overcast,False,synthetic_fixture,False
CNT003874,TREK033,2023-02-24,07:00,12:02,5.05,Rock Pigeon,Columba livia,COLUMBA_LI,6,N,nocturnal_flight_call,windy,True,synthetic_fixture,False
CNT003875,TREK033,2023-02-24,07:00,12:02,5.05,Common Kestrel,Falco tinnunculus,FALCO_TINN,7,W,nocturnal_flight_call,,True,synthetic_fixture,False
CNT003876,TREK033,2023-02-24,07:00,12:02,5.05,Common Raven,Corvus corax,CORVUS_COR,4,SW,nocturnal_flight_call,clear,True,synthetic_fixture,False
CNT003877,TREK033,2023-02-28,06:00,09:15,3.25,American Robin,Turdus migratorius,TURDUS_MIG,3,SE,nocturnal_flight_call,overcast,True,synthetic_fixture,False
CNT003878,TREK033,2023-02-28,06:00,09:15,3.25,Black-headed Gull,Chroicocephalus ridibundus,CHROICOCEP,4,W,nocturnal_flight_call,overcast,True,synthetic_fixture,False
CNT003879,TREK033,2023-02-28,06:00,09:15,3.25,Common Buzzard,Buteo buteo,BUTEO_BUTE,2,SE,nocturnal_flight_call,clear,True,synthetic_fixture,False
CNT003880,TREK033,2023-03-13,06:00,07:20,1.34,Greylag Goose,Anser anser,ANSER_ANSE,9,N,nocturnal_flight_call,windy,False,synthetic_fixture,False
CNT003881,TREK033,2023-04-30,07:00,09:30,2.51,Common Ringed Plover,Charadrius hiaticula,CHARADRIUS,12,SE,nocturnal_flight_call,windy,True,synthetic_fixture,False
CNT003882,TREK033,2023-04-30,07:00,09:30,2.51,American Crow,Corvus brachyrhynchos,CORVUS_BRA,9,SE,nocturnal_flight_call,light rain,True,synthetic_fixture,False
CNT003883,TREK033,2023-04-30,07:00,09:30,2.51,American Robin,Turdus migratorius,TURDUS_MIG,12,W,nocturnal_flight_call,windy,True,synthetic_fixture,False
CNT003884,TREK033,2023-04-30,07:00,09:30,2.51,Rock Pigeon,Columba livia,COLUMBA_LI,11,S,nocturnal_flight_call,light rain,True,synthetic_fixture,False
CNT003885,TREK033,2023-07-23,06:00,10:12,4.21,Common Ringed Plover,Charadrius hiaticula,CHARADRIUS,2,E,nocturnal_flight_call,clear,True,synthetic_fixture,False
CNT003886,TREK033,2023-07-23,06:00,10:12,4.21,American Robin,Turdus migratorius,TURDUS_MIG,4,NE,nocturnal_flight_call,windy,True,synthetic_fixture,False
CNT003887,TREK033,2023-08-17,05:00,07:22,2.38,Rock Pigeon,Columba livia,COLUMBA_LI,11,N,nocturnal_flight_call,,True,synthetic_fixture,False
CNT003888,TREK033,2023-09-16,09:00,14:55,5.92,Herring Gull,Larus argentatus,LARUS_ARGE,8,SW,nocturnal_flight_call,windy,True,synthetic_fixture,False
CNT003889,TREK033,2023-09-16,09:00,14:55,5.92,Greylag Goose,Anser anser,ANSER_ANSE,11,S,nocturnal_flight_call,light rain,True,synthetic_fixture,False
CNT003890,TREK033,2023-09-16,09:00,14:55,5.92,Common Buzzard,Buteo buteo,BUTEO_BUTE,6,SW,nocturnal_flight_call,,True,synthetic_fixture,False
CNT003891,TREK033,2023-09-16,09:00,14:55,5.92,Mallard,Anas platyrhynchos,ANAS_PLATY,8,W,nocturnal_flight_call,clear,True,synthetic_fixture,False
CNT003892,TREK033,2023-09-16,09:00,14:55,5.92,American Crow,Corvus brachyrhynchos,CORVUS_BRA,10,NW,nocturnal_flight_call,light rain,True,synthetic_fixture,False
CNT003893,TREK033,2023-09-22,09:00,12:23,3.4,Great Black-backed Gull,Larus marinus,LARUS_MARI,10,SW,nocturnal_flight_call,clear,True,synthetic_fixture,False
CNT003894,TREK033,2023-09-22,09:00,12:23,3.4,Mallard,Anas platyrhynchos,ANAS_PLATY,13,NW,nocturnal_flight_call,,True,synthetic_fixture,False
CNT003895,TREK033,2023-09-30,07:00,10:30,3.5,Barn Swallow,Hirundo rustica,HIRUNDO_RU,14,NW,nocturnal_flight_call,light rain,True,synthetic_fixture,False
CNT003896,TREK033,2023-09-30,07:00,10:30,3.5,Great Cormorant,Phalacrocorax carbo,PHALACROCO,11,NW,nocturnal_flight_call,overcast,True,synthetic_fixture,False
CNT003897,TREK033,2023-09-30,07:00,10:30,3.5,American Crow,Corvus brachyrhynchos,CORVUS_BRA,10,SE,nocturnal_flight_call,windy,True,synthetic_fixture,False
CNT003898,TREK033,2023-09-30,07:00,10:30,3.5,Grey Heron,Ardea cinerea,ARDEA_CINE,16,N,nocturnal_flight_call,windy,True,synthetic_fixture,False
CNT003899,TREK033,2023-09-30,07:00,10:30,3.5,Great Blue Heron,Ardea herodias,ARDEA_HERO,15,SE,nocturnal_flight_call,clear,True,synthetic_fixture,False
CNT003900,TREK033,2023-10-17,06:00,08:18,2.31,Rock Pigeon,Columba livia,COLUMBA_LI,10,S,nocturnal_flight_call,clear,True,synthetic_fixture,False
CNT003901,TREK033,2023-10-17,06:00,08:18,2.31,Grey Heron,Ardea cinerea,ARDEA_CINE,7,NE,nocturnal_flight_call,,True,synthetic_fixture,False
CNT003902,TREK033,2023-10-17,06:00,08:18,2.31,American Robin,Turdus migratorius,TURDUS_MIG,9,E,nocturnal_flight_call,overcast,True,synthetic_fixture,False
CNT003903,TREK033,2023-10-17,06:00,08:18,2.31,Herring Gull,Larus argentatus,LARUS_ARGE,8,S,nocturnal_flight_call,,True,synthetic_fixture,False
CNT003904,TREK033,2023-11-19,08:00,12:28,4.47,Barn Swallow,Hirundo rustica,HIRUNDO_RU,5,NE,nocturnal_flight_call,windy,True,synthetic_fixture,False
CNT003905,TREK033,2023-11-19,08:00,12:28,4.47,Common Kestrel,Falco tinnunculus,FALCO_TINN,3,NE,nocturnal_flight_call,windy,True,synthetic_fixture,False
CNT003906,TREK033,2023-12-16,07:00,11:10,4.18,Black-headed Gull,Chroicocephalus ridibundus,CHROICOCEP,4,SE,nocturnal_flight_call,windy,True,synthetic_fixture,False
CNT003907,TREK033,2023-12-16,07:00,11:10,4.18,Eurasian Sparrowhawk,Accipiter nisus,ACCIPITER_,1,SW,nocturnal_flight_call,windy,True,synthetic_fixture,False
CNT003908,TREK033,2023-12-16,07:00,11:10,4.18,Canada Goose,Branta canadensis,BRANTA_CAN,3,NW,nocturnal_flight_call,overcast,True,synthetic_fixture,False
CNT003909,TREK033,2023-12-16,07:00,11:10,4.18,Mallard,Anas platyrhynchos,ANAS_PLATY,3,NE,nocturnal_flight_call,clear,True,synthetic_fixture,False
CNT003910,TREK033,2024-02-01,06:00,11:13,5.23,Mallard,Anas platyrhynchos,ANAS_PLATY,6,W,nocturnal_flight_call,clear,True,synthetic_fixture,False
CNT003911,TREK033,2024-02-01,06:00,11:13,5.23,American Robin,Turdus migratorius,TURDUS_MIG,0,S,nocturnal_flight_call,windy,True,synthetic_fixture,False
CNT003912,TREK033,2024-02-17,06:00,10:19,4.33,Eurasian Sparrowhawk,Accipiter nisus,ACCIPITER_,3,N,nocturnal_flight_call,clear,True,synthetic_fixture,False
CNT003913,TREK033,2024-02-17,06:00,10:19,4.33,Greylag Goose,Anser anser,ANSER_ANSE,2,S,nocturnal_flight_call,overcast,True,synthetic_fixture,False
CNT003914,TREK033,2024-02-17,06:00,10:19,4.33,Grey Heron,Ardea cinerea,ARDEA_CINE,5,W,nocturnal_flight_call,clear,True,synthetic_fixture,False
CNT003915,TREK033,2024-02-17,06:00,10:19,4.33,Common Buzzard,Buteo buteo,BUTEO_BUTE,2,N,nocturnal_flight_call,light rain,True,synthetic_fixture,False
CNT003916,TREK033,2024-02-27,09:00,14:37,5.63,Great Black-backed Gull,Larus marinus,LARUS_MARI,4,NW,nocturnal_flight_call,light rain,True,synthetic_fixture,False
CNT003917,TREK033,2024-02-27,09:00,14:37,5.63,Mute Swan,Cygnus olor,CYGNUS_OLO,4,N,nocturnal_flight_call,overcast,False,synthetic_fixture,False
CNT003918,TREK033,2024-02-27,09:00,14:37,5.63,Rock Pigeon,Columba livia,COLUMBA_LI,6,S,nocturnal_flight_call,light rain,True,synthetic_fixture,False
CNT003919,TREK033,2024-02-27,09:00,14:37,5.63,Barn Swallow,Hirundo rustica,HIRUNDO_RU,2,SW,nocturnal_flight_call,light rain,True,synthetic_fixture,False
CNT003920,TREK033,2024-02-27,09:00,14:37,5.63,Black-headed Gull,Chroicocephalus ridibundus,CHROICOCEP,3,NW,nocturnal_flight_call,overcast,True,synthetic_fixture,False
CNT003921,TREK033,2024-03-02,05:00,06:31,1.53,American Robin,Turdus migratorius,TURDUS_MIG,3,S,nocturnal_flight_call,,True,synthetic_fixture,False
CNT003922,TREK033,2024-03-02,05:00,06:31,1.53,Grey Heron,Ardea cinerea,ARDEA_CINE,10,E,nocturnal_flight_call,light rain,True,synthetic_fixture,False
CNT003923,TREK033,2024-03-02,05:00,06:31,1.53,Rock Pigeon,Columba livia,COLUMBA_LI,2,NE,nocturnal_flight_call,clear,True,synthetic_fixture,False
CNT003924,TREK033,2024-03-13,06:00,10:56,4.94,Bald Eagle,Haliaeetus leucocephalus,HALIAEETUS,10,N,nocturnal_flight_call,light rain,True,synthetic_fixture,False
CNT003925,TREK033,2024-03-13,06:00,10:56,4.94,Common Ringed Plover,Charadrius hiaticula,CHARADRIUS,5,NE,nocturnal_flight_call,,True,synthetic_fixture,False
CNT003926,TREK033,2024-03-13,06:00,10:56,4.94,Mallard,Anas platyrhynchos,ANAS_PLATY,7,NE,nocturnal_flight_call,,True,synthetic_fixture,False
CNT003927,TREK033,2024-03-13,06:00,10:56,4.94,Common Buzzard,Buteo buteo,BUTEO_BUTE,10,SW,nocturnal_flight_call,clear,True,synthetic_fixture,False
CNT003928,TREK033,2024-03-19,05:00,06:58,1.97,Great Blue Heron,Ardea herodias,ARDEA_HERO,10,SE,nocturnal_flight_call,windy,False,synthetic_fixture,False
CNT003929,TREK033,2024-03-19,05:00,06:58,1.97,Great Cormorant,Phalacrocorax carbo,PHALACROCO,6,S,nocturnal_flight_call,,True,synthetic_fixture,False
CNT003930,TREK033,2024-03-22,09:00,14:42,5.7,Eurasian Sparrowhawk,Accipiter nisus,ACCIPITER_,10,NE,nocturnal_flight_call,light rain,True,synthetic_fixture,False
CNT003931,TREK033,2024-03-22,09:00,14:42,5.7,Common Buzzard,Buteo buteo,BUTEO_BUTE,10,E,nocturnal_flight_call,windy,True,synthetic_fixture,False
CNT003932,TREK033,2024-03-22,09:00,14:42,5.7,Common Raven,Corvus corax,CORVUS_COR,0,E,nocturnal_flight_call,light rain,False,synthetic_fixture,False
CNT003933,TREK033,2024-04-02,05:00,10:55,5.93,Common Starling,Sturnus vulgaris,STURNUS_VU,10,SW,nocturnal_flight_call,overcast,True,synthetic_fixture,False
CNT003934,TREK033,2024-04-02,05:00,10:55,5.93,Rock Pigeon,Columba livia,COLUMBA_LI,15,N,nocturnal_flight_call,,True,synthetic_fixture,False
CNT003935,TREK033,2024-04-22,07:00,12:35,5.6,Common Buzzard,Buteo buteo,BUTEO_BUTE,12,N,nocturnal_flight_call,light rain,True,synthetic_fixture,False
CNT003936,TREK033,2024-04-22,07:00,12:35,5.6,Great Black-backed Gull,Larus marinus,LARUS_MARI,15,SW,nocturnal_flight_call,,True,synthetic_fixture,False
CNT003937,TREK033,2024-04-22,07:00,12:35,5.6,Common Ringed Plover,Charadrius hiaticula,CHARADRIUS,11,E,nocturnal_flight_call,overcast,True,synthetic_fixture,False
CNT003938,TREK033,2024-04-22,07:00,12:35,5.6,Common Starling,Sturnus vulgaris,STURNUS_VU,10,NW,nocturnal_flight_call,windy,True,synthetic_fixture,False
CNT003939,TREK033,2024-05-28,09:00,14:32,5.55,Black-headed Gull,Chroicocephalus ridibundus,CHROICOCEP,5,W,nocturnal_flight_call,overcast,True,synthetic_fixture,False
CNT003940,TREK033,2024-05-28,09:00,14:32,5.55,Mute Swan,Cygnus olor,CYGNUS_OLO,3,N,nocturnal_flight_call,light rain,True,synthetic_fixture,False
CNT003941,TREK033,2024-06-23,05:00,08:51,3.85,Grey Heron,Ardea cinerea,ARDEA_CINE,1,N,nocturnal_flight_call,overcast,True,synthetic_fixture,False
CNT003942,TREK033,2024-07-05,06:00,08:28,2.48,Great Black-backed Gull,Larus marinus,LARUS_MARI,3,SW,nocturnal_flight_call,clear,True,synthetic_fixture,False
CNT003943,TREK033,2024-07-08,08:00,09:50,1.84,Great Black-backed Gull,Larus marinus,LARUS_MARI,4,N,nocturnal_flight_call,clear,True,synthetic_fixture,False
CNT003944,TREK033,2024-07-08,08:00,09:50,1.84,Bald Eagle,Haliaeetus leucocephalus,HALIAEETUS,5,S,nocturnal_flight_call,,True,synthetic_fixture,False
CNT003945,TREK033,2024-07-08,08:00,09:50,1.84,Rock Pigeon,Columba livia,COLUMBA_LI,1,E,nocturnal_flight_call,overcast,True,synthetic_fixture,False
CNT003946,TREK033,2024-07-08,08:00,09:50,1.84,Black-headed Gull,Chroicocephalus ridibundus,CHROICOCEP,2,S,nocturnal_flight_call,clear,True,synthetic_fixture,False
CNT003947,TREK033,2024-07-12,08:00,11:27,3.45,Barn Swallow,Hirundo rustica,HIRUNDO_RU,4,NE,nocturnal_flight_call,overcast,True,synthetic_fixture,False
CNT003948,TREK033,2024-07-12,08:00,11:27,3.45,Mute Swan,Cygnus olor,CYGNUS_OLO,7,SW,nocturnal_flight_call,clear,True,synthetic_fixture,False
CNT003949,TREK033,2024-07-12,08:00,11:27,3.45,Common Kestrel,Falco tinnunculus,FALCO_TINN,6,W,nocturnal_flight_call,overcast,True,synthetic_fixture,False
CNT003950,TREK033,2024-07-12,08:00,11:27,3.45,Canada Goose,Branta canadensis,BRANTA_CAN,3,SE,nocturnal_flight_call,windy,True,synthetic_fixture,False
CNT003951,TREK033,2024-07-12,08:00,11:27,3.45,Common Ringed Plover,Charadrius hiaticula,CHARADRIUS,5,W,nocturnal_flight_call,light rain,True,synthetic_fixture,False
CNT003952,TREK033,2024-07-16,09:00,11:53,2.89,Common Starling,Sturnus vulgaris,STURNUS_VU,8,NW,nocturnal_flight_call,clear,True,synthetic_fixture,False
CNT003953,TREK033,2024-07-16,09:00,11:53,2.89,Mallard,Anas platyrhynchos,ANAS_PLATY,1,N,nocturnal_flight_call,,True,synthetic_fixture,False
CNT003954,TREK033,2024-07-16,09:00,11:53,2.89,Greylag Goose,Anser anser,ANSER_ANSE,5,SE,nocturnal_flight_call,windy,True,synthetic_fixture,False
CNT003955,TREK033,2024-07-16,09:00,11:53,2.89,American Crow,Corvus brachyrhynchos,CORVUS_BRA,4,E,nocturnal_flight_call,overcast,False,synthetic_fixture,False
CNT003956,TREK033,2024-08-28,08:00,13:46,5.77,Great Cormorant,Phalacrocorax carbo,PHALACROCO,6,NE,nocturnal_flight_call,,True,synthetic_fixture,False
CNT003957,TREK033,2024-08-28,08:00,13:46,5.77,Common Raven,Corvus corax,CORVUS_COR,8,SW,nocturnal_flight_call,windy,True,synthetic_fixture,False
CNT003958,TREK033,2024-08-28,08:00,13:46,5.77,American Robin,Turdus migratorius,TURDUS_MIG,10,E,nocturnal_flight_call,overcast,True,synthetic_fixture,False
CNT003959,TREK033,2024-08-28,08:00,13:46,5.77,Barn Swallow,Hirundo rustica,HIRUNDO_RU,4,NW,nocturnal_flight_call,clear,True,synthetic_fixture,False
CNT003960,TREK033,2024-09-11,09:00,14:35,5.6,Common Ringed Plover,Charadrius hiaticula,CHARADRIUS,10,S,nocturnal_flight_call,,True,synthetic_fixture,False
CNT003961,TREK033,2024-09-11,09:00,14:35,5.6,Herring Gull,Larus argentatus,LARUS_ARGE,14,E,nocturnal_flight_call,light rain,True,synthetic_fixture,False
CNT003962,TREK033,2024-09-11,09:00,14:35,5.6,Great Cormorant,Phalacrocorax carbo,PHALACROCO,7,W,nocturnal_flight_call,,True,synthetic_fixture,False
CNT003963,TREK033,2024-09-22,05:00,10:27,5.45,Great Black-backed Gull,Larus marinus,LARUS_MARI,13,NE,nocturnal_flight_call,light rain,True,synthetic_fixture,False
CNT003964,TREK033,2024-09-22,05:00,10:27,5.45,American Crow,Corvus brachyrhynchos,CORVUS_BRA,11,S,nocturnal_flight_call,clear,True,synthetic_fixture,False
CNT003965,TREK033,2024-09-22,05:00,10:27,5.45,Great Cormorant,Phalacrocorax carbo,PHALACROCO,10,N,nocturnal_flight_call,clear,True,synthetic_fixture,False
CNT003966,TREK033,2024-10-02,08:00,10:53,2.89,Herring Gull,Larus argentatus,LARUS_ARGE,9,SE,nocturnal_flight_call,light rain,True,synthetic_fixture,False
CNT003967,TREK033,2024-10-02,08:00,10:53,2.89,Mallard,Anas platyrhynchos,ANAS_PLATY,14,NW,nocturnal_flight_call,,True,synthetic_fixture,False
CNT003968,TREK033,2024-10-02,08:00,10:53,2.89,Common Ringed Plover,Charadrius hiaticula,CHARADRIUS,13,SE,nocturnal_flight_call,light rain,True,synthetic_fixture,False
CNT003969,TREK033,2024-10-04,08:00,09:22,1.38,Bald Eagle,Haliaeetus leucocephalus,HALIAEETUS,10,NW,nocturnal_flight_call,light rain,False,synthetic_fixture,False
CNT003970,TREK033,2024-10-04,08:00,09:22,1.38,Black-headed Gull,Chroicocephalus ridibundus,CHROICOCEP,15,NW,nocturnal_flight_call,,True,synthetic_fixture,False
CNT003971,TREK033,2024-10-04,08:00,09:22,1.38,Common Kestrel,Falco tinnunculus,FALCO_TINN,16,N,nocturnal_flight_call,,True,synthetic_fixture,False
CNT003972,TREK033,2024-10-04,08:00,09:22,1.38,Common Raven,Corvus corax,CORVUS_COR,6,E,nocturnal_flight_call,,True,synthetic_fixture,False
CNT003973,TREK033,2024-10-04,08:00,09:22,1.38,Eurasian Sparrowhawk,Accipiter nisus,ACCIPITER_,9,NW,nocturnal_flight_call,,True,synthetic_fixture,False
CNT003974,TREK033,2024-11-21,05:00,07:30,2.51,Herring Gull,Larus argentatus,LARUS_ARGE,3,E,nocturnal_flight_call,,True,synthetic_fixture,False
CNT003975,TREK033,2024-11-21,05:00,07:30,2.51,Common Ringed Plover,Charadrius hiaticula,CHARADRIUS,3,S,nocturnal_flight_call,overcast,True,synthetic_fixture,False
CNT003976,TREK033,2024-11-21,05:00,07:30,2.51,Common Starling,Sturnus vulgaris,STURNUS_VU,5,S,nocturnal_flight_call,overcast,True,synthetic_fixture,False
CNT003977,TREK033,2024-11-21,05:00,07:30,2.51,Grey Heron,Ardea cinerea,ARDEA_CINE,10,S,nocturnal_flight_call,light rain,True,synthetic_fixture,False
CNT003978,TREK033,2024-12-06,09:00,14:14,5.24,Black-headed Gull,Chroicocephalus ridibundus,CHROICOCEP,2,E,nocturnal_flight_call,overcast,True,synthetic_fixture,False
CNT003979,TREK033,2024-12-06,09:00,14:14,5.24,Barn Swallow,Hirundo rustica,HIRUNDO_RU,2,N,nocturnal_flight_call,windy,True,synthetic_fixture,False
CNT003980,TREK033,2024-12-06,09:00,14:14,5.24,Mute Swan,Cygnus olor,CYGNUS_OLO,6,NW,nocturnal_flight_call,windy,True,synthetic_fixture,False
CNT003981,TREK033,2024-12-17,08:00,13:34,5.57,American Robin,Turdus migratorius,TURDUS_MIG,3,N,nocturnal_flight_call,light rain,True,synthetic_fixture,False
CNT003982,TREK033,2024-12-17,08:00,13:34,5.57,Rock Pigeon,Columba livia,COLUMBA_LI,4,E,nocturnal_flight_call,,True,synthetic_fixture,False
CNT003983,TREK033,2024-12-17,08:00,13:34,5.57,Common Raven,Corvus corax,CORVUS_COR,2,NW,nocturnal_flight_call,clear,True,synthetic_fixture,False
CNT003984,TREK034,2023-01-05,09:00,13:15,4.26,Common Kestrel,Falco tinnunculus,FALCO_TINN,7,N,visible_migration,,False,synthetic_fixture,False
CNT003985,TREK034,2023-01-05,09:00,13:15,4.26,Common Buzzard,Buteo buteo,BUTEO_BUTE,4,NE,visible_migration,,True,synthetic_fixture,False
CNT003986,TREK034,2023-02-18,09:00,10:31,1.53,American Robin,Turdus migratorius,TURDUS_MIG,7,SW,visible_migration,overcast,True,synthetic_fixture,False
CNT003987,TREK034,2023-02-18,09:00,10:31,1.53,Rock Pigeon,Columba livia,COLUMBA_LI,4,NW,visible_migration,clear,True,synthetic_fixture,False
CNT003988,TREK034,2023-04-26,07:00,10:12,3.2,Common Buzzard,Buteo buteo,BUTEO_BUTE,7,E,visible_migration,windy,True,synthetic_fixture,False
CNT003989,TREK034,2023-04-26,07:00,10:12,3.2,Eurasian Sparrowhawk,Accipiter nisus,ACCIPITER_,11,SW,visible_migration,overcast,True,synthetic_fixture,False
CNT003990,TREK034,2023-04-26,07:00,10:12,3.2,Rock Pigeon,Columba livia,COLUMBA_LI,12,W,visible_migration,windy,True,synthetic_fixture,False
CNT003991,TREK034,2023-05-14,07:00,09:08,2.15,Black-headed Gull,Chroicocephalus ridibundus,CHROICOCEP,7,SW,visible_migration,,True,synthetic_fixture,False
CNT003992,TREK034,2023-05-14,07:00,09:08,2.15,Barn Swallow,Hirundo rustica,HIRUNDO_RU,11,NE,visible_migration,light rain,True,synthetic_fixture,False
CNT003993,TREK034,2023-05-18,05:00,06:51,1.86,Mallard,Anas platyrhynchos,ANAS_PLATY,5,NE,visible_migration,clear,True,synthetic_fixture,False
CNT003994,TREK034,2023-05-18,05:00,06:51,1.86,American Crow,Corvus brachyrhynchos,CORVUS_BRA,10,W,visible_migration,,True,synthetic_fixture,False
CNT003995,TREK034,2023-05-18,05:00,06:51,1.86,Canada Goose,Branta canadensis,BRANTA_CAN,5,NE,visible_migration,overcast,True,synthetic_fixture,False
CNT003996,TREK034,2023-05-18,05:00,07:23,2.4,Common Buzzard,Buteo buteo,BUTEO_BUTE,6,W,visible_migration,clear,False,synthetic_fixture,False
CNT003997,TREK034,2023-05-18,05:00,07:23,2.4,Great Cormorant,Phalacrocorax carbo,PHALACROCO,4,NE,visible_migration,overcast,True,synthetic_fixture,False
CNT003998,TREK034,2023-05-18,05:00,07:23,2.4,American Crow,Corvus brachyrhynchos,CORVUS_BRA,7,E,visible_migration,,True,synthetic_fixture,False
CNT003999,TREK034,2023-06-22,06:00,09:57,3.96,Common Kestrel,Falco tinnunculus,FALCO_TINN,4,NE,visible_migration,overcast,True,synthetic_fixture,False
CNT004000,TREK034,2023-06-22,06:00,09:57,3.96,Bald Eagle,Haliaeetus leucocephalus,HALIAEETUS,0,NW,visible_migration,overcast,True,synthetic_fixture,False
CNT004001,TREK034,2023-06-30,06:00,07:33,1.55,Great Cormorant,Phalacrocorax carbo,PHALACROCO,2,NE,visible_migration,,True,synthetic_fixture,False
CNT004002,TREK034,2023-06-30,06:00,07:33,1.55,Eurasian Sparrowhawk,Accipiter nisus,ACCIPITER_,1,W,visible_migration,light rain,True,synthetic_fixture,False
CNT004003,TREK034,2023-08-26,07:00,12:27,5.46,Bald Eagle,Haliaeetus leucocephalus,HALIAEETUS,8,NE,visible_migration,light rain,True,synthetic_fixture,False
CNT004004,TREK034,2023-09-05,05:00,07:37,2.62,Canada Goose,Branta canadensis,BRANTA_CAN,7,N,visible_migration,light rain,True,synthetic_fixture,False
CNT004005,TREK034,2023-09-05,05:00,07:37,2.62,Herring Gull,Larus argentatus,LARUS_ARGE,14,N,visible_migration,,True,synthetic_fixture,False
CNT004006,TREK034,2023-09-05,05:00,07:37,2.62,Grey Heron,Ardea cinerea,ARDEA_CINE,8,S,visible_migration,windy,True,synthetic_fixture,False
CNT004007,TREK034,2023-09-07,07:00,12:56,5.94,Herring Gull,Larus argentatus,LARUS_ARGE,13,NE,visible_migration,light rain,True,synthetic_fixture,False
CNT004008,TREK034,2023-09-07,07:00,12:56,5.94,Common Kestrel,Falco tinnunculus,FALCO_TINN,7,E,visible_migration,light rain,True,synthetic_fixture,False
CNT004009,TREK034,2023-09-07,07:00,12:56,5.94,Grey Heron,Ardea cinerea,ARDEA_CINE,11,S,visible_migration,overcast,True,synthetic_fixture,False
CNT004010,TREK034,2023-09-07,07:00,12:56,5.94,Canada Goose,Branta canadensis,BRANTA_CAN,10,SW,visible_migration,,True,synthetic_fixture,False
CNT004011,TREK034,2023-09-07,07:00,12:56,5.94,Rock Pigeon,Columba livia,COLUMBA_LI,10,W,visible_migration,windy,True,synthetic_fixture,False
CNT004012,TREK034,2023-09-09,07:00,09:50,2.84,Great Blue Heron,Ardea herodias,ARDEA_HERO,12,NE,visible_migration,clear,True,synthetic_fixture,False
CNT004013,TREK034,2023-09-09,07:00,09:50,2.84,American Robin,Turdus migratorius,TURDUS_MIG,12,W,visible_migration,overcast,True,synthetic_fixture,False
CNT004014,TREK034,2023-09-10,09:00,10:09,1.16,Canada Goose,Branta canadensis,BRANTA_CAN,7,NW,visible_migration,,True,synthetic_fixture,False
CNT004015,TREK034,2023-10-15,05:00,09:46,4.78,American Crow,Corvus brachyrhynchos,CORVUS_BRA,13,S,visible_migration,clear,True,synthetic_fixture,False
CNT004016,TREK034,2023-10-15,05:00,09:46,4.78,Canada Goose,Branta canadensis,BRANTA_CAN,11,E,visible_migration,,True,synthetic_fixture,False
CNT004017,TREK034,2023-10-15,05:00,09:46,4.78,Greylag Goose,Anser anser,ANSER_ANSE,11,W,visible_migration,clear,True,synthetic_fixture,False
CNT004018,TREK034,2023-10-15,05:00,09:46,4.78,Rock Pigeon,Columba livia,COLUMBA_LI,10,NW,visible_migration,clear,True,synthetic_fixture,False
CNT004019,TREK034,2023-10-15,05:00,09:46,4.78,Mallard,Anas platyrhynchos,ANAS_PLATY,13,SE,visible_migration,,False,synthetic_fixture,False
CNT004020,TREK034,2023-11-01,05:00,09:57,4.96,American Crow,Corvus brachyrhynchos,CORVUS_BRA,7,SE,visible_migration,clear,True,synthetic_fixture,False
CNT004021,TREK034,2023-11-01,05:00,09:57,4.96,Mallard,Anas platyrhynchos,ANAS_PLATY,10,N,visible_migration,,True,synthetic_fixture,False
CNT004022,TREK034,2023-11-02,07:00,11:39,4.66,Herring Gull,Larus argentatus,LARUS_ARGE,5,N,visible_migration,light rain,False,synthetic_fixture,False
CNT004023,TREK034,2023-11-04,08:00,10:34,2.58,Common Kestrel,Falco tinnunculus,FALCO_TINN,7,N,visible_migration,clear,True,synthetic_fixture,False
CNT004024,TREK034,2023-11-04,08:00,10:34,2.58,Herring Gull,Larus argentatus,LARUS_ARGE,7,NW,visible_migration,windy,True,synthetic_fixture,False
CNT004025,TREK034,2023-11-04,08:00,10:34,2.58,Mute Swan,Cygnus olor,CYGNUS_OLO,5,S,visible_migration,windy,True,synthetic_fixture,False
CNT004026,TREK034,2023-11-04,08:00,10:34,2.58,Rock Pigeon,Columba livia,COLUMBA_LI,2,S,visible_migration,windy,True,synthetic_fixture,False
CNT004027,TREK034,2023-11-04,08:00,10:34,2.58,Common Starling,Sturnus vulgaris,STURNUS_VU,5,N,visible_migration,clear,True,synthetic_fixture,False
CNT004028,TREK034,2023-11-17,07:00,11:01,4.03,Great Black-backed Gull,Larus marinus,LARUS_MARI,4,SW,visible_migration,light rain,True,synthetic_fixture,False
CNT004029,TREK034,2023-11-17,07:00,11:01,4.03,Black-headed Gull,Chroicocephalus ridibundus,CHROICOCEP,5,W,visible_migration,windy,True,synthetic_fixture,False
CNT004030,TREK034,2023-12-02,07:00,09:49,2.82,Common Raven,Corvus corax,CORVUS_COR,8,E,visible_migration,,True,synthetic_fixture,False
CNT004031,TREK034,2024-01-14,05:00,10:11,5.19,Common Ringed Plover,Charadrius hiaticula,CHARADRIUS,6,S,visible_migration,light rain,True,synthetic_fixture,False
CNT004032,TREK034,2024-01-14,05:00,10:11,5.19,American Crow,Corvus brachyrhynchos,CORVUS_BRA,5,SE,visible_migration,clear,True,synthetic_fixture,False
CNT004033,TREK034,2024-01-14,05:00,10:11,5.19,American Robin,Turdus migratorius,TURDUS_MIG,2,NE,visible_migration,light rain,True,synthetic_fixture,False
CNT004034,TREK034,2024-01-20,07:00,08:16,1.28,Herring Gull,Larus argentatus,LARUS_ARGE,2,NW,visible_migration,windy,True,synthetic_fixture,False
CNT004035,TREK034,2024-01-20,07:00,08:16,1.28,Great Black-backed Gull,Larus marinus,LARUS_MARI,5,NE,visible_migration,overcast,True,synthetic_fixture,False
CNT004036,TREK034,2024-01-20,07:00,08:16,1.28,Mallard,Anas platyrhynchos,ANAS_PLATY,6,S,visible_migration,,True,synthetic_fixture,False
CNT004037,TREK034,2024-01-20,07:00,08:16,1.28,Rock Pigeon,Columba livia,COLUMBA_LI,2,N,visible_migration,,True,synthetic_fixture,False
CNT004038,TREK034,2024-01-20,07:00,08:16,1.28,Eurasian Sparrowhawk,Accipiter nisus,ACCIPITER_,5,NW,visible_migration,overcast,True,synthetic_fixture,False
CNT004039,TREK034,2024-02-09,08:00,10:04,2.08,Greylag Goose,Anser anser,ANSER_ANSE,4,SW,visible_migration,,True,synthetic_fixture,False
CNT004040,TREK034,2024-03-14,05:00,08:06,3.1,American Robin,Turdus migratorius,TURDUS_MIG,10,SE,visible_migration,overcast,True,synthetic_fixture,False
CNT004041,TREK034,2024-03-25,05:00,06:19,1.32,Mute Swan,Cygnus olor,CYGNUS_OLO,7,S,visible_migration,clear,True,synthetic_fixture,False
CNT004042,TREK034,2024-03-25,05:00,06:19,1.32,Common Kestrel,Falco tinnunculus,FALCO_TINN,15,NE,visible_migration,,True,synthetic_fixture,False
CNT004043,TREK034,2024-03-25,05:00,06:19,1.32,Herring Gull,Larus argentatus,LARUS_ARGE,5,SW,visible_migration,,True,synthetic_fixture,False
CNT004044,TREK034,2024-04-19,09:00,12:47,3.79,Canada Goose,Branta canadensis,BRANTA_CAN,13,NW,visible_migration,,True,synthetic_fixture,False
CNT004045,TREK034,2024-04-19,09:00,12:47,3.79,Common Ringed Plover,Charadrius hiaticula,CHARADRIUS,8,S,visible_migration,windy,True,synthetic_fixture,False
CNT004046,TREK034,2024-05-01,06:00,11:02,5.04,Common Kestrel,Falco tinnunculus,FALCO_TINN,8,W,visible_migration,overcast,True,synthetic_fixture,False
CNT004047,TREK034,2024-05-12,06:00,11:14,5.24,Mute Swan,Cygnus olor,CYGNUS_OLO,9,E,visible_migration,windy,True,synthetic_fixture,False
CNT004048,TREK034,2024-05-12,06:00,11:14,5.24,Common Kestrel,Falco tinnunculus,FALCO_TINN,4,W,visible_migration,windy,True,synthetic_fixture,False
CNT004049,TREK034,2024-05-12,06:00,11:14,5.24,Grey Heron,Ardea cinerea,ARDEA_CINE,6,NW,visible_migration,overcast,True,synthetic_fixture,False
CNT004050,TREK034,2024-05-12,06:00,11:14,5.24,Great Black-backed Gull,Larus marinus,LARUS_MARI,10,SW,visible_migration,windy,True,synthetic_fixture,False
CNT004051,TREK034,2024-05-17,05:00,06:27,1.46,Great Black-backed Gull,Larus marinus,LARUS_MARI,5,SW,visible_migration,overcast,True,synthetic_fixture,False
CNT004052,TREK034,2024-06-01,05:00,08:38,3.64,Common Ringed Plover,Charadrius hiaticula,CHARADRIUS,2,S,visible_migration,light rain,True,synthetic_fixture,False
CNT004053,TREK034,2024-06-01,05:00,08:38,3.64,Common Raven,Corvus corax,CORVUS_COR,2,NE,visible_migration,overcast,True,synthetic_fixture,False
CNT004054,TREK034,2024-06-01,05:00,08:38,3.64,Common Kestrel,Falco tinnunculus,FALCO_TINN,4,W,visible_migration,clear,True,synthetic_fixture,False
CNT004055,TREK034,2024-06-01,05:00,08:38,3.64,Eurasian Sparrowhawk,Accipiter nisus,ACCIPITER_,5,NE,visible_migration,,True,synthetic_fixture,False
CNT004056,TREK034,2024-07-19,07:00,12:47,5.79,Mallard,Anas platyrhynchos,ANAS_PLATY,4,E,visible_migration,clear,True,synthetic_fixture,False
CNT004057,TREK034,2024-07-19,08:00,09:49,1.82,Black-headed Gull,Chroicocephalus ridibundus,CHROICOCEP,5,NW,visible_migration,,True,synthetic_fixture,False
CNT004058,TREK034,2024-07-20,07:00,09:23,2.39,American Crow,Corvus brachyrhynchos,CORVUS_BRA,3,S,visible_migration,light rain,True,synthetic_fixture,False
CNT004059,TREK034,2024-07-20,07:00,09:23,2.39,Great Cormorant,Phalacrocorax carbo,PHALACROCO,6,N,visible_migration,overcast,True,synthetic_fixture,False
CNT004060,TREK034,2024-07-20,07:00,09:23,2.39,Common Ringed Plover,Charadrius hiaticula,CHARADRIUS,8,N,visible_migration,windy,True,synthetic_fixture,False
CNT004061,TREK034,2024-07-20,07:00,09:23,2.39,Great Black-backed Gull,Larus marinus,LARUS_MARI,5,N,visible_migration,overcast,True,synthetic_fixture,False
CNT004062,TREK034,2024-08-10,08:00,11:13,3.23,Great Black-backed Gull,Larus marinus,LARUS_MARI,2,NW,visible_migration,,True,synthetic_fixture,False
CNT004063,TREK034,2024-08-10,08:00,11:13,3.23,Great Cormorant,Phalacrocorax carbo,PHALACROCO,5,W,visible_migration,windy,True,synthetic_fixture,False
CNT004064,TREK034,2024-08-10,08:00,11:13,3.23,Eurasian Sparrowhawk,Accipiter nisus,ACCIPITER_,5,NW,visible_migration,overcast,True,synthetic_fixture,False
CNT004065,TREK034,2024-08-15,05:00,09:19,4.33,Mallard,Anas platyrhynchos,ANAS_PLATY,7,E,visible_migration,clear,True,synthetic_fixture,False
CNT004066,TREK034,2024-08-15,05:00,09:19,4.33,Common Buzzard,Buteo buteo,BUTEO_BUTE,8,S,visible_migration,light rain,True,synthetic_fixture,False
CNT004067,TREK034,2024-08-15,05:00,09:19,4.33,Barn Swallow,Hirundo rustica,HIRUNDO_RU,3,NE,visible_migration,,True,synthetic_fixture,False
CNT004068,TREK034,2024-08-15,05:00,09:19,4.33,Eurasian Sparrowhawk,Accipiter nisus,ACCIPITER_,6,E,visible_migration,overcast,True,synthetic_fixture,False
CNT004069,TREK034,2024-08-25,09:00,14:27,5.46,Herring Gull,Larus argentatus,LARUS_ARGE,7,S,visible_migration,overcast,True,synthetic_fixture,False
CNT004070,TREK034,2024-08-25,09:00,14:27,5.46,Common Raven,Corvus corax,CORVUS_COR,6,E,visible_migration,clear,True,synthetic_fixture,False
CNT004071,TREK034,2024-08-25,09:00,14:27,5.46,American Crow,Corvus brachyrhynchos,CORVUS_BRA,8,NW,visible_migration,light rain,True,synthetic_fixture,False
CNT004072,TREK034,2024-08-25,09:00,14:27,5.46,Common Kestrel,Falco tinnunculus,FALCO_TINN,6,SW,visible_migration,clear,True,synthetic_fixture,False
CNT004073,TREK034,2024-08-25,09:00,14:27,5.46,Common Ringed Plover,Charadrius hiaticula,CHARADRIUS,6,E,visible_migration,clear,True,synthetic_fixture,False
CNT004074,TREK034,2024-08-27,08:00,12:30,4.5,Greylag Goose,Anser anser,ANSER_ANSE,17,E,visible_migration,,True,synthetic_fixture,False
CNT004075,TREK034,2024-08-27,08:00,12:30,4.5,American Crow,Corvus brachyrhynchos,CORVUS_BRA,9,S,visible_migration,overcast,True,synthetic_fixture,False
CNT004076,TREK034,2024-08-27,08:00,12:30,4.5,Grey Heron,Ardea cinerea,ARDEA_CINE,10,E,visible_migration,windy,True,synthetic_fixture,False
CNT004077,TREK034,2024-08-27,08:00,12:30,4.5,Common Kestrel,Falco tinnunculus,FALCO_TINN,7,NE,visible_migration,windy,True,synthetic_fixture,False
CNT004078,TREK034,2024-08-27,08:00,12:30,4.5,Common Ringed Plover,Charadrius hiaticula,CHARADRIUS,3,NE,visible_migration,,True,synthetic_fixture,False
CNT004079,TREK034,2024-09-08,07:00,08:05,1.09,Canada Goose,Branta canadensis,BRANTA_CAN,10,W,visible_migration,light rain,True,synthetic_fixture,False
CNT004080,TREK034,2024-09-08,07:00,08:05,1.09,Black-headed Gull,Chroicocephalus ridibundus,CHROICOCEP,8,NE,visible_migration,windy,True,synthetic_fixture,False
CNT004081,TREK034,2024-09-08,07:00,08:05,1.09,Great Cormorant,Phalacrocorax carbo,PHALACROCO,6,W,visible_migration,,True,synthetic_fixture,False
CNT004082,TREK034,2024-09-08,07:00,08:05,1.09,Rock Pigeon,Columba livia,COLUMBA_LI,10,W,visible_migration,windy,True,synthetic_fixture,False
CNT004083,TREK034,2024-09-25,08:00,12:07,4.13,American Robin,Turdus migratorius,TURDUS_MIG,9,SW,visible_migration,light rain,True,synthetic_fixture,False
CNT004084,TREK034,2024-09-25,08:00,12:07,4.13,Canada Goose,Branta canadensis,BRANTA_CAN,8,SE,visible_migration,windy,True,synthetic_fixture,False
CNT004085,TREK034,2024-09-25,08:00,12:07,4.13,Great Blue Heron,Ardea herodias,ARDEA_HERO,14,N,visible_migration,clear,True,synthetic_fixture,False
CNT004086,TREK034,2024-11-21,07:00,10:06,3.1,Bald Eagle,Haliaeetus leucocephalus,HALIAEETUS,5,E,visible_migration,light rain,True,synthetic_fixture,False
CNT004087,TREK034,2024-11-21,07:00,10:06,3.1,Common Buzzard,Buteo buteo,BUTEO_BUTE,7,E,visible_migration,,True,synthetic_fixture,False
CNT004088,TREK034,2024-11-21,07:00,10:06,3.1,Great Cormorant,Phalacrocorax carbo,PHALACROCO,2,N,visible_migration,overcast,True,synthetic_fixture,False
CNT004089,TREK034,2024-11-21,07:00,10:06,3.1,Canada Goose,Branta canadensis,BRANTA_CAN,3,W,visible_migration,clear,True,synthetic_fixture,False
CNT004090,TREK034,2024-11-21,07:00,10:06,3.1,American Crow,Corvus brachyrhynchos,CORVUS_BRA,4,E,visible_migration,windy,True,synthetic_fixture,False
CNT004091,TREK034,2024-11-26,07:00,08:41,1.69,Bald Eagle,Haliaeetus leucocephalus,HALIAEETUS,4,SW,visible_migration,light rain,True,synthetic_fixture,False
CNT004092,TREK034,2024-11-26,07:00,08:41,1.69,Barn Swallow,Hirundo rustica,HIRUNDO_RU,6,S,visible_migration,windy,True,synthetic_fixture,False
CNT004093,TREK034,2024-11-26,07:00,08:41,1.69,Common Ringed Plover,Charadrius hiaticula,CHARADRIUS,2,N,visible_migration,,False,synthetic_fixture,False
CNT004094,TREK034,2024-11-26,07:00,08:41,1.69,Common Buzzard,Buteo buteo,BUTEO_BUTE,8,E,visible_migration,windy,True,synthetic_fixture,False
CNT004095,TREK034,2024-12-26,08:00,10:01,2.02,Rock Pigeon,Columba livia,COLUMBA_LI,1,E,visible_migration,clear,True,synthetic_fixture,False
CNT004096,TREK035,2023-01-26,06:00,08:00,2.0,Common Starling,Sturnus vulgaris,STURNUS_VU,2,NE,visible_migration,,True,synthetic_fixture,False
CNT004097,TREK035,2023-01-26,06:00,08:00,2.0,Common Kestrel,Falco tinnunculus,FALCO_TINN,2,NW,visible_migration,clear,True,synthetic_fixture,False
CNT004098,TREK035,2023-01-26,06:00,08:00,2.0,American Crow,Corvus brachyrhynchos,CORVUS_BRA,3,S,visible_migration,windy,True,synthetic_fixture,False
CNT004099,TREK035,2023-01-26,06:00,08:00,2.0,Bald Eagle,Haliaeetus leucocephalus,HALIAEETUS,3,NE,visible_migration,clear,False,synthetic_fixture,False
CNT004100,TREK035,2023-01-26,06:00,08:00,2.0,Mute Swan,Cygnus olor,CYGNUS_OLO,4,S,visible_migration,clear,False,synthetic_fixture,False
CNT004101,TREK035,2023-02-15,06:00,09:34,3.58,American Robin,Turdus migratorius,TURDUS_MIG,8,E,visible_migration,,True,synthetic_fixture,False
CNT004102,TREK035,2023-02-15,06:00,09:34,3.58,American Crow,Corvus brachyrhynchos,CORVUS_BRA,4,NE,visible_migration,windy,True,synthetic_fixture,False
CNT004103,TREK035,2023-02-15,06:00,09:34,3.58,Common Kestrel,Falco tinnunculus,FALCO_TINN,6,S,visible_migration,overcast,True,synthetic_fixture,False
CNT004104,TREK035,2023-02-15,06:00,09:34,3.58,Canada Goose,Branta canadensis,BRANTA_CAN,2,W,visible_migration,,True,synthetic_fixture,False
CNT004105,TREK035,2023-02-15,06:00,09:34,3.58,Common Starling,Sturnus vulgaris,STURNUS_VU,6,NE,visible_migration,overcast,True,synthetic_fixture,False
CNT004106,TREK035,2023-03-11,07:00,09:07,2.13,Herring Gull,Larus argentatus,LARUS_ARGE,5,SW,visible_migration,light rain,True,synthetic_fixture,False
CNT004107,TREK035,2023-03-11,07:00,09:07,2.13,Great Black-backed Gull,Larus marinus,LARUS_MARI,12,W,visible_migration,overcast,True,synthetic_fixture,False
CNT004108,TREK035,2023-03-11,07:00,09:07,2.13,Rock Pigeon,Columba livia,COLUMBA_LI,4,SE,visible_migration,clear,True,synthetic_fixture,False
CNT004109,TREK035,2023-03-11,07:00,09:07,2.13,Canada Goose,Branta canadensis,BRANTA_CAN,3,NW,visible_migration,light rain,True,synthetic_fixture,False
CNT004110,TREK035,2023-03-11,07:00,09:07,2.13,Common Raven,Corvus corax,CORVUS_COR,12,E,visible_migration,light rain,True,synthetic_fixture,False
CNT004111,TREK035,2023-03-24,06:00,10:38,4.64,Black-headed Gull,Chroicocephalus ridibundus,CHROICOCEP,8,W,visible_migration,clear,True,synthetic_fixture,False
CNT004112,TREK035,2023-03-24,06:00,10:38,4.64,Greylag Goose,Anser anser,ANSER_ANSE,15,SW,visible_migration,light rain,True,synthetic_fixture,False
CNT004113,TREK035,2023-03-24,06:00,10:38,4.64,Canada Goose,Branta canadensis,BRANTA_CAN,7,NE,visible_migration,clear,True,synthetic_fixture,False
CNT004114,TREK035,2023-03-24,06:00,10:38,4.64,Great Black-backed Gull,Larus marinus,LARUS_MARI,8,SE,visible_migration,overcast,True,synthetic_fixture,False
CNT004115,TREK035,2023-03-30,06:00,08:31,2.53,Great Cormorant,Phalacrocorax carbo,PHALACROCO,19,SW,visible_migration,overcast,True,synthetic_fixture,False
CNT004116,TREK035,2023-03-30,06:00,08:31,2.53,Barn Swallow,Hirundo rustica,HIRUNDO_RU,14,SE,visible_migration,,True,synthetic_fixture,False
CNT004117,TREK035,2023-04-17,09:00,11:01,2.02,Common Starling,Sturnus vulgaris,STURNUS_VU,16,NE,visible_migration,windy,True,synthetic_fixture,False
CNT004118,TREK035,2023-04-17,09:00,11:01,2.02,Black-headed Gull,Chroicocephalus ridibundus,CHROICOCEP,13,S,visible_migration,light rain,True,synthetic_fixture,False
CNT004119,TREK035,2023-04-17,09:00,11:01,2.02,Common Raven,Corvus corax,CORVUS_COR,5,NE,visible_migration,light rain,True,synthetic_fixture,False
CNT004120,TREK035,2023-04-17,09:00,11:01,2.02,Common Kestrel,Falco tinnunculus,FALCO_TINN,13,SE,visible_migration,clear,True,synthetic_fixture,False
CNT004121,TREK035,2023-04-17,09:00,11:01,2.02,Eurasian Sparrowhawk,Accipiter nisus,ACCIPITER_,11,NW,visible_migration,,True,synthetic_fixture,False
CNT004122,TREK035,2023-05-17,09:00,14:17,5.3,Bald Eagle,Haliaeetus leucocephalus,HALIAEETUS,5,E,visible_migration,windy,True,synthetic_fixture,False
CNT004123,TREK035,2023-05-21,08:00,10:00,2.0,Common Buzzard,Buteo buteo,BUTEO_BUTE,3,SW,visible_migration,clear,True,synthetic_fixture,False
CNT004124,TREK035,2023-06-10,05:00,07:27,2.45,Common Starling,Sturnus vulgaris,STURNUS_VU,3,SW,visible_migration,windy,True,synthetic_fixture,False
CNT004125,TREK035,2023-06-10,05:00,07:27,2.45,Mallard,Anas platyrhynchos,ANAS_PLATY,2,W,visible_migration,light rain,True,synthetic_fixture,False
CNT004126,TREK035,2023-06-30,07:00,09:42,2.7,Eurasian Sparrowhawk,Accipiter nisus,ACCIPITER_,1,SW,visible_migration,windy,True,synthetic_fixture,False
CNT004127,TREK035,2023-07-08,09:00,10:50,1.84,Great Blue Heron,Ardea herodias,ARDEA_HERO,0,NW,visible_migration,,True,synthetic_fixture,False
CNT004128,TREK035,2023-07-23,05:00,10:02,5.04,Grey Heron,Ardea cinerea,ARDEA_CINE,6,W,visible_migration,light rain,True,synthetic_fixture,False
CNT004129,TREK035,2023-08-01,09:00,14:37,5.63,Rock Pigeon,Columba livia,COLUMBA_LI,7,SW,visible_migration,windy,True,synthetic_fixture,False
CNT004130,TREK035,2023-08-01,09:00,14:37,5.63,Great Cormorant,Phalacrocorax carbo,PHALACROCO,3,N,visible_migration,windy,True,synthetic_fixture,False
CNT004131,TREK035,2023-08-01,09:00,14:37,5.63,Common Raven,Corvus corax,CORVUS_COR,6,S,visible_migration,light rain,True,synthetic_fixture,False
CNT004132,TREK035,2023-08-01,09:00,14:37,5.63,American Robin,Turdus migratorius,TURDUS_MIG,4,N,visible_migration,light rain,True,synthetic_fixture,False
CNT004133,TREK035,2023-08-29,07:00,09:19,2.33,Mallard,Anas platyrhynchos,ANAS_PLATY,3,NW,visible_migration,clear,True,synthetic_fixture,False
CNT004134,TREK035,2023-08-29,07:00,09:19,2.33,Grey Heron,Ardea cinerea,ARDEA_CINE,9,N,visible_migration,,True,synthetic_fixture,False
CNT004135,TREK035,2023-08-29,07:00,09:19,2.33,Great Blue Heron,Ardea herodias,ARDEA_HERO,9,W,visible_migration,light rain,True,synthetic_fixture,False
CNT004136,TREK035,2023-08-29,07:00,09:19,2.33,Common Kestrel,Falco tinnunculus,FALCO_TINN,11,S,visible_migration,light rain,True,synthetic_fixture,False
CNT004137,TREK035,2023-08-29,07:00,09:19,2.33,Barn Swallow,Hirundo rustica,HIRUNDO_RU,9,W,visible_migration,overcast,True,synthetic_fixture,False
CNT004138,TREK035,2023-08-31,06:00,09:16,3.27,Canada Goose,Branta canadensis,BRANTA_CAN,8,NE,visible_migration,windy,True,synthetic_fixture,False
CNT004139,TREK035,2023-08-31,06:00,09:16,3.27,Great Blue Heron,Ardea herodias,ARDEA_HERO,8,E,visible_migration,windy,True,synthetic_fixture,False
CNT004140,TREK035,2023-08-31,06:00,09:16,3.27,Eurasian Sparrowhawk,Accipiter nisus,ACCIPITER_,11,SW,visible_migration,overcast,True,synthetic_fixture,False
CNT004141,TREK035,2023-08-31,06:00,09:16,3.27,Grey Heron,Ardea cinerea,ARDEA_CINE,8,W,visible_migration,clear,True,synthetic_fixture,False
CNT004142,TREK035,2023-09-08,06:00,09:52,3.87,Common Kestrel,Falco tinnunculus,FALCO_TINN,12,NE,visible_migration,clear,True,synthetic_fixture,False
CNT004143,TREK035,2023-09-08,06:00,09:52,3.87,Great Blue Heron,Ardea herodias,ARDEA_HERO,7,NW,visible_migration,windy,True,synthetic_fixture,False
CNT004144,TREK035,2023-09-14,07:00,08:16,1.27,Great Cormorant,Phalacrocorax carbo,PHALACROCO,11,S,visible_migration,,True,synthetic_fixture,False
CNT004145,TREK035,2023-09-14,07:00,08:16,1.27,Great Black-backed Gull,Larus marinus,LARUS_MARI,10,S,visible_migration,overcast,True,synthetic_fixture,False
CNT004146,TREK035,2023-09-14,07:00,08:16,1.27,Herring Gull,Larus argentatus,LARUS_ARGE,10,W,visible_migration,overcast,True,synthetic_fixture,False
CNT004147,TREK035,2023-09-14,07:00,08:16,1.27,Black-headed Gull,Chroicocephalus ridibundus,CHROICOCEP,16,SW,visible_migration,windy,True,synthetic_fixture,False
CNT004148,TREK035,2023-09-14,07:00,08:16,1.27,Common Ringed Plover,Charadrius hiaticula,CHARADRIUS,9,SE,visible_migration,clear,True,synthetic_fixture,False
CNT004149,TREK035,2023-10-18,05:00,07:05,2.09,Common Starling,Sturnus vulgaris,STURNUS_VU,11,W,visible_migration,clear,False,synthetic_fixture,False
CNT004150,TREK035,2023-10-18,05:00,07:05,2.09,Great Black-backed Gull,Larus marinus,LARUS_MARI,10,NW,visible_migration,light rain,True,synthetic_fixture,False
CNT004151,TREK035,2023-10-31,06:00,07:23,1.39,Grey Heron,Ardea cinerea,ARDEA_CINE,2,SE,visible_migration,light rain,True,synthetic_fixture,False
CNT004152,TREK035,2023-10-31,06:00,07:23,1.39,Common Raven,Corvus corax,CORVUS_COR,4,SW,visible_migration,light rain,True,synthetic_fixture,False
CNT004153,TREK035,2023-11-08,09:00,13:54,4.91,Mallard,Anas platyrhynchos,ANAS_PLATY,5,W,visible_migration,clear,True,synthetic_fixture,False
CNT004154,TREK035,2023-11-08,09:00,13:54,4.91,Bald Eagle,Haliaeetus leucocephalus,HALIAEETUS,5,S,visible_migration,windy,True,synthetic_fixture,False
CNT004155,TREK035,2023-12-13,05:00,07:54,2.91,Rock Pigeon,Columba livia,COLUMBA_LI,4,SW,visible_migration,overcast,True,synthetic_fixture,False
CNT004156,TREK035,2024-01-24,05:00,06:46,1.78,American Crow,Corvus brachyrhynchos,CORVUS_BRA,3,NW,visible_migration,clear,True,synthetic_fixture,False
CNT004157,TREK035,2024-01-24,05:00,06:46,1.78,Common Starling,Sturnus vulgaris,STURNUS_VU,2,N,visible_migration,overcast,True,synthetic_fixture,False
CNT004158,TREK035,2024-01-24,05:00,06:46,1.78,Great Cormorant,Phalacrocorax carbo,PHALACROCO,3,W,visible_migration,clear,True,synthetic_fixture,False
CNT004159,TREK035,2024-02-02,05:00,10:29,5.49,Grey Heron,Ardea cinerea,ARDEA_CINE,2,S,visible_migration,clear,True,synthetic_fixture,False
CNT004160,TREK035,2024-02-02,05:00,10:29,5.49,Greylag Goose,Anser anser,ANSER_ANSE,1,SW,visible_migration,overcast,True,synthetic_fixture,False
CNT004161,TREK035,2024-02-02,05:00,10:29,5.49,American Crow,Corvus brachyrhynchos,CORVUS_BRA,2,S,visible_migration,clear,True,synthetic_fixture,False
CNT004162,TREK035,2024-02-02,05:00,10:29,5.49,American Robin,Turdus migratorius,TURDUS_MIG,2,NW,visible_migration,overcast,True,synthetic_fixture,False
CNT004163,TREK035,2024-02-02,05:00,10:29,5.49,Common Ringed Plover,Charadrius hiaticula,CHARADRIUS,6,SE,visible_migration,light rain,True,synthetic_fixture,False
CNT004164,TREK035,2024-02-14,09:00,14:45,5.76,Mute Swan,Cygnus olor,CYGNUS_OLO,3,NW,visible_migration,light rain,True,synthetic_fixture,False
CNT004165,TREK035,2024-02-14,09:00,14:45,5.76,Herring Gull,Larus argentatus,LARUS_ARGE,3,SW,visible_migration,overcast,True,synthetic_fixture,False
CNT004166,TREK035,2024-02-14,09:00,14:45,5.76,Barn Swallow,Hirundo rustica,HIRUNDO_RU,7,W,visible_migration,clear,True,synthetic_fixture,False
CNT004167,TREK035,2024-02-14,09:00,14:45,5.76,Mallard,Anas platyrhynchos,ANAS_PLATY,3,N,visible_migration,windy,True,synthetic_fixture,False
CNT004168,TREK035,2024-02-14,09:00,14:45,5.76,Rock Pigeon,Columba livia,COLUMBA_LI,3,N,visible_migration,windy,True,synthetic_fixture,False
CNT004169,TREK035,2024-02-18,05:00,09:44,4.74,Grey Heron,Ardea cinerea,ARDEA_CINE,5,S,visible_migration,clear,True,synthetic_fixture,False
CNT004170,TREK035,2024-02-18,05:00,09:44,4.74,Canada Goose,Branta canadensis,BRANTA_CAN,3,NW,visible_migration,overcast,True,synthetic_fixture,False
CNT004171,TREK035,2024-02-18,05:00,09:44,4.74,Common Starling,Sturnus vulgaris,STURNUS_VU,2,W,visible_migration,windy,True,synthetic_fixture,False
CNT004172,TREK035,2024-02-18,05:00,09:44,4.74,Great Cormorant,Phalacrocorax carbo,PHALACROCO,6,E,visible_migration,windy,True,synthetic_fixture,False
CNT004173,TREK035,2024-02-18,05:00,09:44,4.74,Bald Eagle,Haliaeetus leucocephalus,HALIAEETUS,3,NE,visible_migration,overcast,True,synthetic_fixture,False
CNT004174,TREK035,2024-03-09,08:00,13:20,5.34,Barn Swallow,Hirundo rustica,HIRUNDO_RU,5,NE,visible_migration,,True,synthetic_fixture,False
CNT004175,TREK035,2024-03-09,08:00,13:20,5.34,Grey Heron,Ardea cinerea,ARDEA_CINE,10,W,visible_migration,windy,True,synthetic_fixture,False
CNT004176,TREK035,2024-03-09,08:00,13:20,5.34,Canada Goose,Branta canadensis,BRANTA_CAN,16,S,visible_migration,,True,synthetic_fixture,False
CNT004177,TREK035,2024-03-09,08:00,13:20,5.34,Common Starling,Sturnus vulgaris,STURNUS_VU,6,W,visible_migration,windy,True,synthetic_fixture,False
CNT004178,TREK035,2024-03-09,08:00,13:20,5.34,Common Kestrel,Falco tinnunculus,FALCO_TINN,8,N,visible_migration,windy,True,synthetic_fixture,False
CNT004179,TREK035,2024-03-11,06:00,08:02,2.04,Mute Swan,Cygnus olor,CYGNUS_OLO,7,SE,visible_migration,windy,True,synthetic_fixture,False
CNT004180,TREK035,2024-03-11,06:00,08:02,2.04,Black-headed Gull,Chroicocephalus ridibundus,CHROICOCEP,4,SE,visible_migration,light rain,True,synthetic_fixture,False
CNT004181,TREK035,2024-03-14,07:00,12:36,5.61,Common Starling,Sturnus vulgaris,STURNUS_VU,7,N,visible_migration,light rain,True,synthetic_fixture,False
CNT004182,TREK035,2024-03-14,07:00,12:36,5.61,Eurasian Sparrowhawk,Accipiter nisus,ACCIPITER_,10,E,visible_migration,,True,synthetic_fixture,False
CNT004183,TREK035,2024-03-14,07:00,12:36,5.61,Common Buzzard,Buteo buteo,BUTEO_BUTE,8,W,visible_migration,clear,True,synthetic_fixture,False
CNT004184,TREK035,2024-03-14,07:00,12:36,5.61,Great Black-backed Gull,Larus marinus,LARUS_MARI,7,N,visible_migration,overcast,True,synthetic_fixture,False
CNT004185,TREK035,2024-03-14,07:00,12:36,5.61,Great Cormorant,Phalacrocorax carbo,PHALACROCO,13,E,visible_migration,overcast,True,synthetic_fixture,False
CNT004186,TREK035,2024-05-05,08:00,10:12,2.21,Mallard,Anas platyrhynchos,ANAS_PLATY,10,N,visible_migration,clear,True,synthetic_fixture,False
CNT004187,TREK035,2024-05-05,08:00,10:12,2.21,Black-headed Gull,Chroicocephalus ridibundus,CHROICOCEP,8,NW,visible_migration,clear,True,synthetic_fixture,False
CNT004188,TREK035,2024-05-31,09:00,10:30,1.5,Common Kestrel,Falco tinnunculus,FALCO_TINN,3,SW,visible_migration,windy,True,synthetic_fixture,False
CNT004189,TREK035,2024-05-31,09:00,10:30,1.5,Greylag Goose,Anser anser,ANSER_ANSE,5,NE,visible_migration,light rain,True,synthetic_fixture,False
CNT004190,TREK035,2024-05-31,09:00,10:30,1.5,Black-headed Gull,Chroicocephalus ridibundus,CHROICOCEP,3,SE,visible_migration,windy,True,synthetic_fixture,False
CNT004191,TREK035,2024-05-31,09:00,10:30,1.5,Common Starling,Sturnus vulgaris,STURNUS_VU,4,W,visible_migration,clear,True,synthetic_fixture,False
CNT004192,TREK035,2024-06-02,06:00,10:34,4.58,Rock Pigeon,Columba livia,COLUMBA_LI,3,SE,visible_migration,,True,synthetic_fixture,False
CNT004193,TREK035,2024-06-02,06:00,10:34,4.58,Mute Swan,Cygnus olor,CYGNUS_OLO,2,NE,visible_migration,light rain,True,synthetic_fixture,False
CNT004194,TREK035,2024-06-22,06:00,07:28,1.47,Great Cormorant,Phalacrocorax carbo,PHALACROCO,0,S,visible_migration,overcast,True,synthetic_fixture,False
CNT004195,TREK035,2024-06-22,06:00,07:28,1.47,Grey Heron,Ardea cinerea,ARDEA_CINE,1,NE,visible_migration,,True,synthetic_fixture,False
CNT004196,TREK035,2024-06-22,06:00,07:28,1.47,Bald Eagle,Haliaeetus leucocephalus,HALIAEETUS,9,E,visible_migration,overcast,True,synthetic_fixture,False
CNT004197,TREK035,2024-06-22,06:00,07:28,1.47,Common Starling,Sturnus vulgaris,STURNUS_VU,2,NE,visible_migration,light rain,True,synthetic_fixture,False
CNT004198,TREK035,2024-08-08,07:00,12:32,5.55,Great Blue Heron,Ardea herodias,ARDEA_HERO,2,E,visible_migration,,True,synthetic_fixture,False
CNT004199,TREK035,2024-08-08,07:00,12:32,5.55,Mallard,Anas platyrhynchos,ANAS_PLATY,3,S,visible_migration,light rain,True,synthetic_fixture,False
CNT004200,TREK035,2024-08-08,07:00,12:32,5.55,Canada Goose,Branta canadensis,BRANTA_CAN,3,SE,visible_migration,light rain,True,synthetic_fixture,False
CNT004201,TREK035,2024-08-08,07:00,12:32,5.55,Common Ringed Plover,Charadrius hiaticula,CHARADRIUS,7,S,visible_migration,light rain,True,synthetic_fixture,False
CNT004202,TREK035,2024-08-08,07:00,12:32,5.55,Bald Eagle,Haliaeetus leucocephalus,HALIAEETUS,9,E,visible_migration,light rain,True,synthetic_fixture,False
CNT004203,TREK035,2024-08-17,06:00,09:51,3.85,Eurasian Sparrowhawk,Accipiter nisus,ACCIPITER_,7,S,visible_migration,clear,False,synthetic_fixture,False
CNT004204,TREK035,2024-09-09,07:00,11:34,4.58,Common Ringed Plover,Charadrius hiaticula,CHARADRIUS,11,N,visible_migration,,True,synthetic_fixture,False
CNT004205,TREK035,2024-09-09,07:00,11:34,4.58,Rock Pigeon,Columba livia,COLUMBA_LI,10,NE,visible_migration,overcast,True,synthetic_fixture,False
CNT004206,TREK035,2024-09-09,07:00,11:34,4.58,Mute Swan,Cygnus olor,CYGNUS_OLO,14,E,visible_migration,clear,True,synthetic_fixture,False
CNT004207,TREK035,2024-09-17,07:00,11:40,4.68,Barn Swallow,Hirundo rustica,HIRUNDO_RU,12,SE,visible_migration,windy,True,synthetic_fixture,False
CNT004208,TREK035,2024-10-16,05:00,07:53,2.89,American Robin,Turdus migratorius,TURDUS_MIG,11,SE,visible_migration,,True,synthetic_fixture,False
CNT004209,TREK035,2024-10-16,05:00,07:53,2.89,Great Cormorant,Phalacrocorax carbo,PHALACROCO,15,NW,visible_migration,overcast,True,synthetic_fixture,False
CNT004210,TREK035,2024-10-16,05:00,07:53,2.89,Rock Pigeon,Columba livia,COLUMBA_LI,9,NE,visible_migration,overcast,True,synthetic_fixture,False
CNT004211,TREK035,2024-10-16,05:00,07:53,2.89,Mallard,Anas platyrhynchos,ANAS_PLATY,11,SE,visible_migration,,True,synthetic_fixture,False
CNT004212,TREK035,2024-10-16,05:00,07:53,2.89,Barn Swallow,Hirundo rustica,HIRUNDO_RU,13,NW,visible_migration,,True,synthetic_fixture,False
CNT004213,TREK035,2024-11-16,07:00,11:39,4.66,Canada Goose,Branta canadensis,BRANTA_CAN,4,SW,visible_migration,windy,True,synthetic_fixture,False
CNT004214,TREK035,2024-11-19,05:00,08:32,3.54,Black-headed Gull,Chroicocephalus ridibundus,CHROICOCEP,1,N,visible_migration,,True,synthetic_fixture,False
CNT004215,TREK035,2024-11-22,08:00,10:31,2.52,Great Cormorant,Phalacrocorax carbo,PHALACROCO,5,SW,visible_migration,,True,synthetic_fixture,False
CNT004216,TREK035,2024-11-22,08:00,10:31,2.52,Common Buzzard,Buteo buteo,BUTEO_BUTE,6,E,visible_migration,,True,synthetic_fixture,False
CNT004217,TREK035,2024-11-22,08:00,10:31,2.52,Grey Heron,Ardea cinerea,ARDEA_CINE,5,NE,visible_migration,overcast,True,synthetic_fixture,False
CNT004218,TREK035,2024-11-22,08:00,10:31,2.52,Great Blue Heron,Ardea herodias,ARDEA_HERO,2,SW,visible_migration,light rain,True,synthetic_fixture,False
CNT004219,TREK035,2024-12-04,09:00,10:45,1.75,Herring Gull,Larus argentatus,LARUS_ARGE,1,NE,visible_migration,,True,synthetic_fixture,False
CNT004220,TREK035,2024-12-04,09:00,10:45,1.75,Grey Heron,Ardea cinerea,ARDEA_CINE,1,S,visible_migration,,True,synthetic_fixture,False
CNT004221,TREK035,2024-12-04,09:00,10:45,1.75,Common Buzzard,Buteo buteo,BUTEO_BUTE,7,W,visible_migration,light rain,True,synthetic_fixture,False
CNT004222,TREK036,2023-01-21,07:00,10:51,3.85,Common Starling,Sturnus vulgaris,STURNUS_VU,3,E,capture,overcast,True,synthetic_fixture,False
CNT004223,TREK036,2023-01-21,07:00,10:51,3.85,Eurasian Sparrowhawk,Accipiter nisus,ACCIPITER_,3,NW,capture,windy,True,synthetic_fixture,False
CNT004224,TREK036,2023-01-21,07:00,10:51,3.85,Common Buzzard,Buteo buteo,BUTEO_BUTE,2,SE,capture,clear,True,synthetic_fixture,False
CNT004225,TREK036,2023-02-19,05:00,06:45,1.75,Mallard,Anas platyrhynchos,ANAS_PLATY,4,N,capture,overcast,True,synthetic_fixture,False
CNT004226,TREK036,2023-02-19,05:00,06:45,1.75,Common Starling,Sturnus vulgaris,STURNUS_VU,4,E,capture,clear,True,synthetic_fixture,False
CNT004227,TREK036,2023-02-19,05:00,06:45,1.75,American Robin,Turdus migratorius,TURDUS_MIG,9,SW,capture,clear,True,synthetic_fixture,False
CNT004228,TREK036,2023-02-19,05:00,06:45,1.75,Eurasian Sparrowhawk,Accipiter nisus,ACCIPITER_,1,SW,capture,light rain,True,synthetic_fixture,False
CNT004229,TREK036,2023-02-19,05:00,06:45,1.75,Canada Goose,Branta canadensis,BRANTA_CAN,6,W,capture,light rain,True,synthetic_fixture,False
CNT004230,TREK036,2023-03-07,07:00,11:38,4.64,Greylag Goose,Anser anser,ANSER_ANSE,7,W,capture,,True,synthetic_fixture,False
CNT004231,TREK036,2023-03-07,07:00,11:38,4.64,Canada Goose,Branta canadensis,BRANTA_CAN,7,W,capture,windy,True,synthetic_fixture,False
CNT004232,TREK036,2023-04-10,09:00,10:21,1.35,Black-headed Gull,Chroicocephalus ridibundus,CHROICOCEP,13,NE,capture,clear,True,synthetic_fixture,False
CNT004233,TREK036,2023-04-25,06:00,08:25,2.42,Common Starling,Sturnus vulgaris,STURNUS_VU,8,N,capture,windy,True,synthetic_fixture,False
CNT004234,TREK036,2023-04-25,06:00,08:25,2.42,Great Blue Heron,Ardea herodias,ARDEA_HERO,13,SW,capture,,True,synthetic_fixture,False
CNT004235,TREK036,2023-04-28,05:00,07:40,2.68,Eurasian Sparrowhawk,Accipiter nisus,ACCIPITER_,10,NW,capture,light rain,True,synthetic_fixture,False
CNT004236,TREK036,2023-04-28,05:00,07:40,2.68,Great Cormorant,Phalacrocorax carbo,PHALACROCO,6,N,capture,clear,True,synthetic_fixture,False
CNT004237,TREK036,2023-04-28,05:00,07:40,2.68,Great Blue Heron,Ardea herodias,ARDEA_HERO,11,SW,capture,light rain,True,synthetic_fixture,False
CNT004238,TREK036,2023-05-27,07:00,10:55,3.92,Common Kestrel,Falco tinnunculus,FALCO_TINN,4,N,capture,overcast,True,synthetic_fixture,False
CNT004239,TREK036,2023-05-27,07:00,10:55,3.92,Great Cormorant,Phalacrocorax carbo,PHALACROCO,3,SE,capture,windy,True,synthetic_fixture,False
CNT004240,TREK036,2023-05-27,07:00,10:55,3.92,Great Black-backed Gull,Larus marinus,LARUS_MARI,3,SW,capture,overcast,True,synthetic_fixture,False
CNT004241,TREK036,2023-05-27,07:00,10:55,3.92,American Crow,Corvus brachyrhynchos,CORVUS_BRA,7,E,capture,windy,True,synthetic_fixture,False
CNT004242,TREK036,2023-05-29,06:00,07:18,1.3,Great Black-backed Gull,Larus marinus,LARUS_MARI,5,N,capture,light rain,True,synthetic_fixture,False
CNT004243,TREK036,2023-05-29,06:00,07:18,1.3,Bald Eagle,Haliaeetus leucocephalus,HALIAEETUS,4,NW,capture,,True,synthetic_fixture,False
CNT004244,TREK036,2023-05-29,06:00,07:18,1.3,Grey Heron,Ardea cinerea,ARDEA_CINE,4,E,capture,light rain,True,synthetic_fixture,False
CNT004245,TREK036,2023-06-18,05:00,08:58,3.97,Herring Gull,Larus argentatus,LARUS_ARGE,4,W,capture,clear,True,synthetic_fixture,False
CNT004246,TREK036,2023-06-18,05:00,08:58,3.97,Greylag Goose,Anser anser,ANSER_ANSE,1,NW,capture,overcast,True,synthetic_fixture,False
CNT004247,TREK036,2023-06-18,05:00,08:58,3.97,Great Blue Heron,Ardea herodias,ARDEA_HERO,2,NW,capture,light rain,True,synthetic_fixture,False
CNT004248,TREK036,2023-07-04,05:00,10:57,5.96,Common Ringed Plover,Charadrius hiaticula,CHARADRIUS,4,SW,capture,overcast,True,synthetic_fixture,False
CNT004249,TREK036,2023-07-04,05:00,10:57,5.96,Black-headed Gull,Chroicocephalus ridibundus,CHROICOCEP,1,SE,capture,,True,synthetic_fixture,False
CNT004250,TREK036,2023-07-04,05:00,10:57,5.96,Mallard,Anas platyrhynchos,ANAS_PLATY,3,NW,capture,clear,True,synthetic_fixture,False
CNT004251,TREK036,2023-07-04,05:00,10:57,5.96,Greylag Goose,Anser anser,ANSER_ANSE,1,N,capture,,True,synthetic_fixture,False
CNT004252,TREK036,2023-07-04,05:00,10:57,5.96,Grey Heron,Ardea cinerea,ARDEA_CINE,4,NW,capture,overcast,True,synthetic_fixture,False
CNT004253,TREK036,2023-07-27,07:00,11:43,4.72,Barn Swallow,Hirundo rustica,HIRUNDO_RU,4,NE,capture,clear,True,synthetic_fixture,False
CNT004254,TREK036,2023-07-27,07:00,11:43,4.72,Great Black-backed Gull,Larus marinus,LARUS_MARI,4,SE,capture,windy,True,synthetic_fixture,False
CNT004255,TREK036,2023-07-27,07:00,11:43,4.72,Common Starling,Sturnus vulgaris,STURNUS_VU,0,NW,capture,,True,synthetic_fixture,False
CNT004256,TREK036,2023-07-27,07:00,11:43,4.72,Black-headed Gull,Chroicocephalus ridibundus,CHROICOCEP,6,S,capture,overcast,True,synthetic_fixture,False
CNT004257,TREK036,2023-07-27,07:00,11:43,4.72,Common Ringed Plover,Charadrius hiaticula,CHARADRIUS,1,E,capture,clear,True,synthetic_fixture,False
CNT004258,TREK036,2023-08-01,09:00,14:26,5.44,Canada Goose,Branta canadensis,BRANTA_CAN,8,S,capture,,True,synthetic_fixture,False
CNT004259,TREK036,2023-09-20,08:00,13:49,5.82,Black-headed Gull,Chroicocephalus ridibundus,CHROICOCEP,11,E,capture,light rain,True,synthetic_fixture,False
CNT004260,TREK036,2023-09-20,08:00,13:49,5.82,Herring Gull,Larus argentatus,LARUS_ARGE,15,S,capture,overcast,True,synthetic_fixture,False
CNT004261,TREK036,2023-09-20,08:00,13:49,5.82,Eurasian Sparrowhawk,Accipiter nisus,ACCIPITER_,15,NE,capture,light rain,True,synthetic_fixture,False
CNT004262,TREK036,2023-10-04,05:00,06:52,1.87,Common Ringed Plover,Charadrius hiaticula,CHARADRIUS,15,NE,capture,,True,synthetic_fixture,False
CNT004263,TREK036,2023-10-04,05:00,06:52,1.87,Black-headed Gull,Chroicocephalus ridibundus,CHROICOCEP,11,N,capture,clear,True,synthetic_fixture,False
CNT004264,TREK036,2023-10-04,05:00,06:52,1.87,Barn Swallow,Hirundo rustica,HIRUNDO_RU,9,W,capture,clear,True,synthetic_fixture,False
CNT004265,TREK036,2023-10-04,05:00,06:52,1.87,Common Kestrel,Falco tinnunculus,FALCO_TINN,13,NW,capture,light rain,True,synthetic_fixture,False
CNT004266,TREK036,2023-10-10,08:00,09:36,1.6,Great Black-backed Gull,Larus marinus,LARUS_MARI,11,SE,capture,light rain,True,synthetic_fixture,False
CNT004267,TREK036,2023-11-24,06:00,08:51,2.86,Common Kestrel,Falco tinnunculus,FALCO_TINN,7,SE,capture,light rain,True,synthetic_fixture,False
CNT004268,TREK036,2023-12-02,05:00,08:27,3.46,Barn Swallow,Hirundo rustica,HIRUNDO_RU,3,NE,capture,light rain,False,synthetic_fixture,False
CNT004269,TREK036,2023-12-02,05:00,08:27,3.46,Common Buzzard,Buteo buteo,BUTEO_BUTE,2,NE,capture,light rain,True,synthetic_fixture,False
CNT004270,TREK036,2023-12-02,05:00,08:27,3.46,American Crow,Corvus brachyrhynchos,CORVUS_BRA,3,W,capture,light rain,True,synthetic_fixture,False
CNT004271,TREK036,2023-12-02,05:00,08:27,3.46,Greylag Goose,Anser anser,ANSER_ANSE,2,NW,capture,overcast,True,synthetic_fixture,False
CNT004272,TREK036,2023-12-07,08:00,10:10,2.18,Barn Swallow,Hirundo rustica,HIRUNDO_RU,3,W,capture,overcast,True,synthetic_fixture,False
CNT004273,TREK036,2023-12-07,08:00,10:10,2.18,Canada Goose,Branta canadensis,BRANTA_CAN,4,NW,capture,windy,True,synthetic_fixture,False
CNT004274,TREK036,2023-12-07,08:00,10:10,2.18,Bald Eagle,Haliaeetus leucocephalus,HALIAEETUS,5,S,capture,windy,True,synthetic_fixture,False
CNT004275,TREK036,2023-12-11,09:00,14:45,5.75,Great Blue Heron,Ardea herodias,ARDEA_HERO,2,NW,capture,windy,True,synthetic_fixture,False
CNT004276,TREK036,2023-12-11,09:00,14:45,5.75,Black-headed Gull,Chroicocephalus ridibundus,CHROICOCEP,3,SW,capture,light rain,True,synthetic_fixture,False
CNT004277,TREK036,2023-12-11,09:00,14:45,5.75,Common Raven,Corvus corax,CORVUS_COR,2,NW,capture,overcast,True,synthetic_fixture,False
CNT004278,TREK036,2023-12-11,09:00,14:45,5.75,American Crow,Corvus brachyrhynchos,CORVUS_BRA,3,W,capture,clear,True,synthetic_fixture,False
CNT004279,TREK036,2023-12-18,07:00,11:44,4.74,Common Raven,Corvus corax,CORVUS_COR,1,NW,capture,,True,synthetic_fixture,False
CNT004280,TREK036,2023-12-18,07:00,11:44,4.74,Canada Goose,Branta canadensis,BRANTA_CAN,7,SE,capture,,True,synthetic_fixture,False
CNT004281,TREK036,2023-12-18,07:00,11:44,4.74,Common Ringed Plover,Charadrius hiaticula,CHARADRIUS,3,E,capture,light rain,True,synthetic_fixture,False
CNT004282,TREK036,2024-01-06,09:00,13:45,4.76,Herring Gull,Larus argentatus,LARUS_ARGE,0,E,capture,overcast,True,synthetic_fixture,False
CNT004283,TREK036,2024-01-06,09:00,13:45,4.76,Black-headed Gull,Chroicocephalus ridibundus,CHROICOCEP,2,NW,capture,,True,synthetic_fixture,False
CNT004284,TREK036,2024-01-06,09:00,13:45,4.76,Mute Swan,Cygnus olor,CYGNUS_OLO,3,NW,capture,light rain,True,synthetic_fixture,False
CNT004285,TREK036,2024-02-04,06:00,10:47,4.8,Mallard,Anas platyrhynchos,ANAS_PLATY,1,SW,capture,clear,True,synthetic_fixture,False
CNT004286,TREK036,2024-02-07,09:00,10:38,1.64,Common Starling,Sturnus vulgaris,STURNUS_VU,2,NE,capture,light rain,True,synthetic_fixture,False
CNT004287,TREK036,2024-02-07,09:00,10:38,1.64,American Crow,Corvus brachyrhynchos,CORVUS_BRA,3,NE,capture,overcast,True,synthetic_fixture,False
CNT004288,TREK036,2024-02-11,09:00,12:30,3.5,American Crow,Corvus brachyrhynchos,CORVUS_BRA,5,E,capture,clear,True,synthetic_fixture,False
CNT004289,TREK036,2024-02-29,07:00,12:41,5.69,Barn Swallow,Hirundo rustica,HIRUNDO_RU,6,SE,capture,,True,synthetic_fixture,False
CNT004290,TREK036,2024-02-29,07:00,12:41,5.69,Greylag Goose,Anser anser,ANSER_ANSE,8,E,capture,overcast,True,synthetic_fixture,False
CNT004291,TREK036,2024-02-29,07:00,12:41,5.69,Common Ringed Plover,Charadrius hiaticula,CHARADRIUS,3,SW,capture,,True,synthetic_fixture,False
CNT004292,TREK036,2024-02-29,07:00,12:41,5.69,Bald Eagle,Haliaeetus leucocephalus,HALIAEETUS,5,N,capture,windy,True,synthetic_fixture,False
CNT004293,TREK036,2024-02-29,07:00,12:41,5.69,Great Black-backed Gull,Larus marinus,LARUS_MARI,6,NW,capture,,True,synthetic_fixture,False
CNT004294,TREK036,2024-03-09,06:00,07:01,1.02,Grey Heron,Ardea cinerea,ARDEA_CINE,12,E,capture,clear,True,synthetic_fixture,False
CNT004295,TREK036,2024-03-09,06:00,07:01,1.02,Great Cormorant,Phalacrocorax carbo,PHALACROCO,8,SW,capture,,True,synthetic_fixture,False
CNT004296,TREK036,2024-03-15,05:00,09:45,4.75,Common Raven,Corvus corax,CORVUS_COR,8,SE,capture,light rain,True,synthetic_fixture,False
CNT004297,TREK036,2024-03-15,05:00,09:45,4.75,Great Blue Heron,Ardea herodias,ARDEA_HERO,8,NW,capture,,True,synthetic_fixture,False
CNT004298,TREK036,2024-03-27,05:00,07:14,2.24,Greylag Goose,Anser anser,ANSER_ANSE,6,NW,capture,windy,True,synthetic_fixture,False
CNT004299,TREK036,2024-04-07,09:00,12:17,3.3,Canada Goose,Branta canadensis,BRANTA_CAN,16,E,capture,clear,True,synthetic_fixture,False
CNT004300,TREK036,2024-04-07,09:00,12:17,3.3,Mute Swan,Cygnus olor,CYGNUS_OLO,15,SE,capture,,True,synthetic_fixture,False
CNT004301,TREK036,2024-04-10,09:00,10:31,1.52,Great Cormorant,Phalacrocorax carbo,PHALACROCO,13,SW,capture,,True,synthetic_fixture,False
CNT004302,TREK036,2024-04-10,09:00,10:31,1.52,Eurasian Sparrowhawk,Accipiter nisus,ACCIPITER_,13,SE,capture,overcast,True,synthetic_fixture,False
CNT004303,TREK036,2024-04-10,09:00,10:31,1.52,Common Buzzard,Buteo buteo,BUTEO_BUTE,13,E,capture,light rain,True,synthetic_fixture,False
CNT004304,TREK036,2024-04-10,09:00,10:31,1.52,Greylag Goose,Anser anser,ANSER_ANSE,12,NE,capture,light rain,True,synthetic_fixture,False
CNT004305,TREK036,2024-04-10,09:00,10:31,1.52,Black-headed Gull,Chroicocephalus ridibundus,CHROICOCEP,18,NE,capture,light rain,True,synthetic_fixture,False
CNT004306,TREK036,2024-04-16,09:00,14:05,5.1,Mute Swan,Cygnus olor,CYGNUS_OLO,6,S,capture,clear,True,synthetic_fixture,False
CNT004307,TREK036,2024-04-16,09:00,14:05,5.1,American Robin,Turdus migratorius,TURDUS_MIG,10,SW,capture,,True,synthetic_fixture,False
CNT004308,TREK036,2024-04-16,09:00,14:05,5.1,Mallard,Anas platyrhynchos,ANAS_PLATY,9,N,capture,windy,True,synthetic_fixture,False
CNT004309,TREK036,2024-04-16,09:00,14:05,5.1,Rock Pigeon,Columba livia,COLUMBA_LI,12,SW,capture,overcast,True,synthetic_fixture,False
CNT004310,TREK036,2024-06-03,05:00,08:45,3.75,Great Black-backed Gull,Larus marinus,LARUS_MARI,6,SE,capture,clear,True,synthetic_fixture,False
CNT004311,TREK036,2024-06-03,05:00,08:45,3.75,Herring Gull,Larus argentatus,LARUS_ARGE,4,N,capture,windy,True,synthetic_fixture,False
CNT004312,TREK036,2024-06-15,08:00,12:07,4.12,American Crow,Corvus brachyrhynchos,CORVUS_BRA,4,SE,capture,clear,True,synthetic_fixture,False
CNT004313,TREK036,2024-06-15,08:00,12:07,4.12,Herring Gull,Larus argentatus,LARUS_ARGE,2,SE,capture,,True,synthetic_fixture,False
CNT004314,TREK036,2024-06-15,08:00,12:07,4.12,Common Ringed Plover,Charadrius hiaticula,CHARADRIUS,4,W,capture,light rain,True,synthetic_fixture,False
CNT004315,TREK036,2024-06-24,07:00,10:58,3.98,Common Starling,Sturnus vulgaris,STURNUS_VU,3,NW,capture,,True,synthetic_fixture,False
CNT004316,TREK036,2024-06-24,07:00,10:58,3.98,Common Kestrel,Falco tinnunculus,FALCO_TINN,2,SW,capture,clear,True,synthetic_fixture,False
CNT004317,TREK036,2024-06-24,07:00,10:58,3.98,Common Raven,Corvus corax,CORVUS_COR,4,W,capture,windy,True,synthetic_fixture,False
CNT004318,TREK036,2024-08-16,05:00,06:22,1.37,Common Kestrel,Falco tinnunculus,FALCO_TINN,7,NW,capture,,True,synthetic_fixture,False
CNT004319,TREK036,2024-08-16,05:00,06:22,1.37,Greylag Goose,Anser anser,ANSER_ANSE,2,NE,capture,light rain,True,synthetic_fixture,False
CNT004320,TREK036,2024-08-16,05:00,06:22,1.37,Common Ringed Plover,Charadrius hiaticula,CHARADRIUS,5,N,capture,clear,True,synthetic_fixture,False
CNT004321,TREK036,2024-08-16,05:00,06:22,1.37,Barn Swallow,Hirundo rustica,HIRUNDO_RU,7,S,capture,overcast,True,synthetic_fixture,False
CNT004322,TREK036,2024-08-24,09:00,13:36,4.61,Common Buzzard,Buteo buteo,BUTEO_BUTE,4,N,capture,,True,synthetic_fixture,False
CNT004323,TREK036,2024-08-24,09:00,13:36,4.61,Great Cormorant,Phalacrocorax carbo,PHALACROCO,4,W,capture,overcast,True,synthetic_fixture,False
CNT004324,TREK036,2024-08-24,09:00,13:36,4.61,American Robin,Turdus migratorius,TURDUS_MIG,7,SE,capture,overcast,True,synthetic_fixture,False
CNT004325,TREK036,2024-08-24,09:00,13:36,4.61,Canada Goose,Branta canadensis,BRANTA_CAN,7,N,capture,overcast,True,synthetic_fixture,False
CNT004326,TREK036,2024-10-03,08:00,13:22,5.37,Great Black-backed Gull,Larus marinus,LARUS_MARI,12,E,capture,,True,synthetic_fixture,False
CNT004327,TREK036,2024-10-03,08:00,13:22,5.37,Black-headed Gull,Chroicocephalus ridibundus,CHROICOCEP,9,W,capture,windy,True,synthetic_fixture,False
CNT004328,TREK036,2024-10-03,08:00,13:22,5.37,Common Raven,Corvus corax,CORVUS_COR,10,NE,capture,windy,True,synthetic_fixture,False
CNT004329,TREK036,2024-10-03,08:00,13:22,5.37,Great Blue Heron,Ardea herodias,ARDEA_HERO,10,W,capture,windy,True,synthetic_fixture,False
CNT004330,TREK036,2024-11-14,05:00,10:16,5.27,Great Black-backed Gull,Larus marinus,LARUS_MARI,5,NE,capture,windy,True,synthetic_fixture,False
CNT004331,TREK036,2024-11-19,05:00,06:13,1.22,Common Raven,Corvus corax,CORVUS_COR,6,N,capture,windy,True,synthetic_fixture,False
CNT004332,TREK036,2024-11-19,05:00,06:13,1.22,Common Kestrel,Falco tinnunculus,FALCO_TINN,2,NW,capture,windy,True,synthetic_fixture,False
CNT004333,TREK036,2024-11-19,05:00,06:13,1.22,Greylag Goose,Anser anser,ANSER_ANSE,5,SE,capture,light rain,True,synthetic_fixture,False
CNT004334,TREK036,2024-11-23,08:00,12:16,4.28,Common Starling,Sturnus vulgaris,STURNUS_VU,5,NW,capture,overcast,True,synthetic_fixture,False
CNT004335,TREK036,2024-11-23,08:00,12:16,4.28,Great Black-backed Gull,Larus marinus,LARUS_MARI,1,E,capture,,True,synthetic_fixture,False
CNT004336,TREK036,2024-11-23,08:00,12:16,4.28,Greylag Goose,Anser anser,ANSER_ANSE,4,S,capture,clear,True,synthetic_fixture,False
CNT004337,TREK036,2024-11-23,08:00,12:16,4.28,Grey Heron,Ardea cinerea,ARDEA_CINE,4,E,capture,clear,True,synthetic_fixture,False
CNT004338,TREK036,2024-11-30,06:00,09:17,3.29,Common Starling,Sturnus vulgaris,STURNUS_VU,2,E,capture,clear,True,synthetic_fixture,False
CNT004339,TREK036,2024-11-30,06:00,09:17,3.29,American Crow,Corvus brachyrhynchos,CORVUS_BRA,3,S,capture,light rain,True,synthetic_fixture,False
CNT004340,TREK037,2023-01-08,08:00,10:31,2.52,Common Ringed Plover,Charadrius hiaticula,CHARADRIUS,4,E,visible_migration,overcast,False,synthetic_fixture,False
CNT004341,TREK037,2023-01-08,08:00,10:31,2.52,Grey Heron,Ardea cinerea,ARDEA_CINE,2,NW,visible_migration,,True,synthetic_fixture,False
CNT004342,TREK037,2023-01-08,08:00,10:31,2.52,Common Kestrel,Falco tinnunculus,FALCO_TINN,2,NW,visible_migration,windy,True,synthetic_fixture,False
CNT004343,TREK037,2023-01-08,08:00,10:31,2.52,Great Cormorant,Phalacrocorax carbo,PHALACROCO,3,W,visible_migration,windy,True,synthetic_fixture,False
CNT004344,TREK037,2023-03-03,07:00,12:26,5.44,Greylag Goose,Anser anser,ANSER_ANSE,9,S,visible_migration,overcast,True,synthetic_fixture,False
CNT004345,TREK037,2023-03-03,07:00,12:26,5.44,Grey Heron,Ardea cinerea,ARDEA_CINE,2,S,visible_migration,windy,True,synthetic_fixture,False
CNT004346,TREK037,2023-03-03,07:00,12:26,5.44,Mute Swan,Cygnus olor,CYGNUS_OLO,6,S,visible_migration,light rain,True,synthetic_fixture,False
CNT004347,TREK037,2023-03-03,07:00,12:26,5.44,Great Black-backed Gull,Larus marinus,LARUS_MARI,7,SW,visible_migration,light rain,True,synthetic_fixture,False
CNT004348,TREK037,2023-03-03,07:00,12:26,5.44,Mallard,Anas platyrhynchos,ANAS_PLATY,10,NE,visible_migration,,True,synthetic_fixture,False
CNT004349,TREK037,2023-03-24,05:00,06:22,1.37,Great Blue Heron,Ardea herodias,ARDEA_HERO,11,E,visible_migration,,True,synthetic_fixture,False
CNT004350,TREK037,2023-04-01,06:00,09:30,3.5,Herring Gull,Larus argentatus,LARUS_ARGE,14,E,visible_migration,windy,True,synthetic_fixture,False
CNT004351,TREK037,2023-04-01,06:00,09:30,3.5,Grey Heron,Ardea cinerea,ARDEA_CINE,12,E,visible_migration,overcast,True,synthetic_fixture,False
CNT004352,TREK037,2023-05-10,08:00,11:08,3.15,Herring Gull,Larus argentatus,LARUS_ARGE,4,NE,visible_migration,,True,synthetic_fixture,False
CNT004353,TREK037,2023-05-10,08:00,11:08,3.15,Eurasian Sparrowhawk,Accipiter nisus,ACCIPITER_,6,NW,visible_migration,windy,True,synthetic_fixture,False
CNT004354,TREK037,2023-05-10,08:00,11:08,3.15,Great Cormorant,Phalacrocorax carbo,PHALACROCO,6,W,visible_migration,,True,synthetic_fixture,False
CNT004355,TREK037,2023-05-10,08:00,11:08,3.15,Great Blue Heron,Ardea herodias,ARDEA_HERO,8,NE,visible_migration,light rain,True,synthetic_fixture,False
CNT004356,TREK037,2023-05-10,08:00,11:08,3.15,Common Starling,Sturnus vulgaris,STURNUS_VU,4,SW,visible_migration,light rain,False,synthetic_fixture,False
CNT004357,TREK037,2023-05-24,09:00,13:05,4.1,Common Raven,Corvus corax,CORVUS_COR,4,E,visible_migration,,True,synthetic_fixture,False
CNT004358,TREK037,2023-05-24,09:00,13:05,4.1,Common Ringed Plover,Charadrius hiaticula,CHARADRIUS,2,SE,visible_migration,,True,synthetic_fixture,False
CNT004359,TREK037,2023-05-24,09:00,13:05,4.1,Mallard,Anas platyrhynchos,ANAS_PLATY,6,SE,visible_migration,,True,synthetic_fixture,False
CNT004360,TREK037,2023-05-24,09:00,13:05,4.1,Great Blue Heron,Ardea herodias,ARDEA_HERO,2,SW,visible_migration,overcast,True,synthetic_fixture,False
CNT004361,TREK037,2023-05-24,09:00,13:05,4.1,American Robin,Turdus migratorius,TURDUS_MIG,0,SE,visible_migration,clear,True,synthetic_fixture,False
CNT004362,TREK037,2023-06-23,06:00,11:49,5.83,Common Raven,Corvus corax,CORVUS_COR,7,SE,visible_migration,light rain,True,synthetic_fixture,False
CNT004363,TREK037,2023-06-23,06:00,11:49,5.83,Mute Swan,Cygnus olor,CYGNUS_OLO,2,N,visible_migration,light rain,True,synthetic_fixture,False
CNT004364,TREK037,2023-06-23,06:00,11:49,5.83,Canada Goose,Branta canadensis,BRANTA_CAN,0,E,visible_migration,light rain,True,synthetic_fixture,False
CNT004365,TREK037,2023-07-06,09:00,10:33,1.56,Eurasian Sparrowhawk,Accipiter nisus,ACCIPITER_,5,N,visible_migration,overcast,True,synthetic_fixture,False
CNT004366,TREK037,2023-07-06,09:00,10:33,1.56,Bald Eagle,Haliaeetus leucocephalus,HALIAEETUS,6,E,visible_migration,light rain,True,synthetic_fixture,False
CNT004367,TREK037,2023-07-06,09:00,10:33,1.56,American Robin,Turdus migratorius,TURDUS_MIG,1,S,visible_migration,windy,True,synthetic_fixture,False
CNT004368,TREK037,2023-07-07,06:00,07:25,1.43,Rock Pigeon,Columba livia,COLUMBA_LI,2,W,visible_migration,overcast,True,synthetic_fixture,False
CNT004369,TREK037,2023-07-07,06:00,07:25,1.43,Common Starling,Sturnus vulgaris,STURNUS_VU,3,NW,visible_migration,light rain,True,synthetic_fixture,False
CNT004370,TREK037,2023-07-07,06:00,07:25,1.43,Common Ringed Plover,Charadrius hiaticula,CHARADRIUS,7,E,visible_migration,light rain,True,synthetic_fixture,False
CNT004371,TREK037,2023-07-07,06:00,07:25,1.43,Canada Goose,Branta canadensis,BRANTA_CAN,5,N,visible_migration,windy,True,synthetic_fixture,False
CNT004372,TREK037,2023-07-10,07:00,09:16,2.27,Barn Swallow,Hirundo rustica,HIRUNDO_RU,0,N,visible_migration,windy,True,synthetic_fixture,False
CNT004373,TREK037,2023-08-20,07:00,09:55,2.92,Great Blue Heron,Ardea herodias,ARDEA_HERO,8,NW,visible_migration,clear,True,synthetic_fixture,False
CNT004374,TREK037,2023-08-20,07:00,09:55,2.92,Herring Gull,Larus argentatus,LARUS_ARGE,9,S,visible_migration,light rain,True,synthetic_fixture,False
CNT004375,TREK037,2023-08-20,07:00,09:55,2.92,American Robin,Turdus migratorius,TURDUS_MIG,9,NW,visible_migration,clear,True,synthetic_fixture,False
CNT004376,TREK037,2023-08-30,08:00,09:02,1.04,Great Cormorant,Phalacrocorax carbo,PHALACROCO,10,N,visible_migration,clear,True,synthetic_fixture,False
CNT004377,TREK037,2023-08-30,08:00,09:02,1.04,Common Starling,Sturnus vulgaris,STURNUS_VU,3,SE,visible_migration,windy,True,synthetic_fixture,False
CNT004378,TREK037,2023-08-30,08:00,09:02,1.04,Barn Swallow,Hirundo rustica,HIRUNDO_RU,8,S,visible_migration,light rain,True,synthetic_fixture,False
CNT004379,TREK037,2023-08-30,08:00,09:02,1.04,Great Black-backed Gull,Larus marinus,LARUS_MARI,6,SE,visible_migration,windy,True,synthetic_fixture,False
CNT004380,TREK037,2023-09-28,08:00,12:45,4.76,Grey Heron,Ardea cinerea,ARDEA_CINE,7,NW,visible_migration,,True,synthetic_fixture,False
CNT004381,TREK037,2023-09-28,08:00,12:45,4.76,Great Black-backed Gull,Larus marinus,LARUS_MARI,12,SE,visible_migration,light rain,True,synthetic_fixture,False
CNT004382,TREK037,2023-09-28,08:00,12:45,4.76,Rock Pigeon,Columba livia,COLUMBA_LI,9,E,visible_migration,,True,synthetic_fixture,False
CNT004383,TREK037,2023-09-28,08:00,12:45,4.76,Great Blue Heron,Ardea herodias,ARDEA_HERO,9,N,visible_migration,clear,True,synthetic_fixture,False
CNT004384,TREK037,2023-09-28,08:00,12:45,4.76,Great Cormorant,Phalacrocorax carbo,PHALACROCO,9,SW,visible_migration,,False,synthetic_fixture,False
CNT004385,TREK037,2023-09-28,08:00,12:34,4.58,Common Kestrel,Falco tinnunculus,FALCO_TINN,14,E,visible_migration,windy,True,synthetic_fixture,False
CNT004386,TREK037,2023-09-28,08:00,12:34,4.58,Common Ringed Plover,Charadrius hiaticula,CHARADRIUS,14,S,visible_migration,windy,True,synthetic_fixture,False
CNT004387,TREK037,2023-09-30,07:00,10:22,3.38,Common Ringed Plover,Charadrius hiaticula,CHARADRIUS,8,E,visible_migration,light rain,True,synthetic_fixture,False
CNT004388,TREK037,2023-09-30,07:00,10:22,3.38,Great Blue Heron,Ardea herodias,ARDEA_HERO,15,NW,visible_migration,overcast,True,synthetic_fixture,False
CNT004389,TREK037,2023-10-10,08:00,13:58,5.97,Common Starling,Sturnus vulgaris,STURNUS_VU,17,SW,visible_migration,,True,synthetic_fixture,False
CNT004390,TREK037,2023-11-18,09:00,11:20,2.34,Common Starling,Sturnus vulgaris,STURNUS_VU,6,E,visible_migration,,True,synthetic_fixture,False
CNT004391,TREK037,2023-11-24,06:00,07:38,1.64,Canada Goose,Branta canadensis,BRANTA_CAN,3,N,visible_migration,,True,synthetic_fixture,False
CNT004392,TREK037,2023-11-24,06:00,07:38,1.64,Common Buzzard,Buteo buteo,BUTEO_BUTE,4,SE,visible_migration,windy,True,synthetic_fixture,False
CNT004393,TREK037,2023-12-01,09:00,14:19,5.32,Bald Eagle,Haliaeetus leucocephalus,HALIAEETUS,9,NE,visible_migration,clear,True,synthetic_fixture,False
CNT004394,TREK037,2023-12-01,09:00,14:19,5.32,Barn Swallow,Hirundo rustica,HIRUNDO_RU,1,SE,visible_migration,light rain,True,synthetic_fixture,False
CNT004395,TREK037,2023-12-07,06:00,08:37,2.63,Eurasian Sparrowhawk,Accipiter nisus,ACCIPITER_,2,E,visible_migration,overcast,True,synthetic_fixture,False
CNT004396,TREK037,2023-12-07,06:00,08:37,2.63,Mallard,Anas platyrhynchos,ANAS_PLATY,5,SE,visible_migration,overcast,True,synthetic_fixture,False
CNT004397,TREK037,2023-12-07,06:00,08:37,2.63,Black-headed Gull,Chroicocephalus ridibundus,CHROICOCEP,1,E,visible_migration,overcast,True,synthetic_fixture,False
CNT004398,TREK037,2023-12-07,06:00,08:37,2.63,Great Black-backed Gull,Larus marinus,LARUS_MARI,4,S,visible_migration,,True,synthetic_fixture,False
CNT004399,TREK037,2023-12-07,06:00,08:37,2.63,American Crow,Corvus brachyrhynchos,CORVUS_BRA,5,S,visible_migration,clear,True,synthetic_fixture,False
CNT004400,TREK037,2023-12-20,07:00,09:58,2.98,Bald Eagle,Haliaeetus leucocephalus,HALIAEETUS,3,NW,visible_migration,clear,True,synthetic_fixture,False
CNT004401,TREK037,2023-12-20,07:00,09:58,2.98,Great Black-backed Gull,Larus marinus,LARUS_MARI,5,N,visible_migration,overcast,True,synthetic_fixture,False
CNT004402,TREK037,2023-12-22,07:00,12:51,5.86,Great Blue Heron,Ardea herodias,ARDEA_HERO,4,NE,visible_migration,light rain,True,synthetic_fixture,False
CNT004403,TREK037,2023-12-22,07:00,12:51,5.86,Black-headed Gull,Chroicocephalus ridibundus,CHROICOCEP,3,SE,visible_migration,light rain,True,synthetic_fixture,False
CNT004404,TREK037,2023-12-22,07:00,12:51,5.86,Canada Goose,Branta canadensis,BRANTA_CAN,2,NE,visible_migration,light rain,True,synthetic_fixture,False
CNT004405,TREK037,2023-12-22,07:00,12:51,5.86,Rock Pigeon,Columba livia,COLUMBA_LI,1,NW,visible_migration,overcast,True,synthetic_fixture,False
CNT004406,TREK037,2023-12-27,08:00,13:24,5.4,Mallard,Anas platyrhynchos,ANAS_PLATY,3,NE,visible_migration,light rain,True,synthetic_fixture,False
CNT004407,TREK037,2023-12-27,08:00,13:24,5.4,Common Starling,Sturnus vulgaris,STURNUS_VU,6,NW,visible_migration,,True,synthetic_fixture,False
CNT004408,TREK037,2024-03-13,09:00,14:30,5.51,Grey Heron,Ardea cinerea,ARDEA_CINE,10,S,visible_migration,clear,True,synthetic_fixture,False
CNT004409,TREK037,2024-03-13,09:00,14:30,5.51,Greylag Goose,Anser anser,ANSER_ANSE,5,NE,visible_migration,light rain,True,synthetic_fixture,False
CNT004410,TREK037,2024-03-13,09:00,14:30,5.51,Bald Eagle,Haliaeetus leucocephalus,HALIAEETUS,10,NW,visible_migration,overcast,True,synthetic_fixture,False
CNT004411,TREK037,2024-04-12,06:00,07:43,1.73,Common Buzzard,Buteo buteo,BUTEO_BUTE,18,SE,visible_migration,clear,True,synthetic_fixture,False
CNT004412,TREK037,2024-04-12,06:00,07:43,1.73,Great Cormorant,Phalacrocorax carbo,PHALACROCO,8,SE,visible_migration,overcast,True,synthetic_fixture,False
CNT004413,TREK037,2024-04-12,06:00,07:43,1.73,Bald Eagle,Haliaeetus leucocephalus,HALIAEETUS,8,SW,visible_migration,clear,True,synthetic_fixture,False
CNT004414,TREK037,2024-04-18,08:00,13:05,5.09,Bald Eagle,Haliaeetus leucocephalus,HALIAEETUS,8,SE,visible_migration,windy,True,synthetic_fixture,False
CNT004415,TREK037,2024-04-18,08:00,13:05,5.09,Great Cormorant,Phalacrocorax carbo,PHALACROCO,11,NE,visible_migration,light rain,True,synthetic_fixture,False
CNT004416,TREK037,2024-04-28,07:00,09:16,2.27,Black-headed Gull,Chroicocephalus ridibundus,CHROICOCEP,14,N,visible_migration,light rain,True,synthetic_fixture,False
CNT004417,TREK037,2024-04-28,07:00,09:16,2.27,Great Blue Heron,Ardea herodias,ARDEA_HERO,12,S,visible_migration,overcast,True,synthetic_fixture,False
CNT004418,TREK037,2024-04-28,07:00,09:16,2.27,Mute Swan,Cygnus olor,CYGNUS_OLO,12,E,visible_migration,,True,synthetic_fixture,False
CNT004419,TREK037,2024-05-07,06:00,10:12,4.2,Great Cormorant,Phalacrocorax carbo,PHALACROCO,6,NE,visible_migration,,True,synthetic_fixture,False
CNT004420,TREK037,2024-05-07,06:00,10:12,4.2,Common Raven,Corvus corax,CORVUS_COR,4,SW,visible_migration,windy,True,synthetic_fixture,False
CNT004421,TREK037,2024-05-07,06:00,10:12,4.2,American Crow,Corvus brachyrhynchos,CORVUS_BRA,11,NE,visible_migration,,True,synthetic_fixture,False
CNT004422,TREK037,2024-05-07,06:00,10:12,4.2,Mallard,Anas platyrhynchos,ANAS_PLATY,7,SW,visible_migration,,True,synthetic_fixture,False
CNT004423,TREK037,2024-05-07,06:00,10:12,4.2,Great Black-backed Gull,Larus marinus,LARUS_MARI,8,N,visible_migration,light rain,True,synthetic_fixture,False
CNT004424,TREK037,2024-05-30,08:00,12:05,4.1,Common Buzzard,Buteo buteo,BUTEO_BUTE,4,SW,visible_migration,windy,True,synthetic_fixture,False
CNT004425,TREK037,2024-05-30,08:00,12:05,4.1,Great Blue Heron,Ardea herodias,ARDEA_HERO,6,SW,visible_migration,overcast,True,synthetic_fixture,False
CNT004426,TREK037,2024-05-30,08:00,12:05,4.1,Common Kestrel,Falco tinnunculus,FALCO_TINN,2,NW,visible_migration,clear,True,synthetic_fixture,False
CNT004427,TREK037,2024-06-27,05:00,07:36,2.61,Common Raven,Corvus corax,CORVUS_COR,4,E,visible_migration,light rain,True,synthetic_fixture,False
CNT004428,TREK037,2024-06-27,05:00,07:36,2.61,Great Blue Heron,Ardea herodias,ARDEA_HERO,2,SE,visible_migration,overcast,True,synthetic_fixture,False
CNT004429,TREK037,2024-06-27,05:00,07:36,2.61,Great Cormorant,Phalacrocorax carbo,PHALACROCO,1,NW,visible_migration,overcast,True,synthetic_fixture,False
CNT004430,TREK037,2024-06-27,05:00,07:36,2.61,Common Buzzard,Buteo buteo,BUTEO_BUTE,3,NE,visible_migration,light rain,True,synthetic_fixture,False
CNT004431,TREK037,2024-08-14,07:00,12:24,5.41,Common Raven,Corvus corax,CORVUS_COR,3,W,visible_migration,light rain,True,synthetic_fixture,False
CNT004432,TREK037,2024-08-14,07:00,12:24,5.41,Greylag Goose,Anser anser,ANSER_ANSE,4,N,visible_migration,windy,True,synthetic_fixture,False
CNT004433,TREK037,2024-08-14,07:00,12:24,5.41,Great Blue Heron,Ardea herodias,ARDEA_HERO,7,W,visible_migration,clear,True,synthetic_fixture,False
CNT004434,TREK037,2024-08-14,07:00,12:24,5.41,Bald Eagle,Haliaeetus leucocephalus,HALIAEETUS,7,S,visible_migration,clear,True,synthetic_fixture,False
CNT004435,TREK037,2024-09-07,08:00,13:42,5.7,Mute Swan,Cygnus olor,CYGNUS_OLO,6,SW,visible_migration,light rain,True,synthetic_fixture,False
CNT004436,TREK037,2024-09-07,08:00,13:42,5.7,Great Black-backed Gull,Larus marinus,LARUS_MARI,8,E,visible_migration,windy,True,synthetic_fixture,False
CNT004437,TREK037,2024-09-07,08:00,13:42,5.7,Common Raven,Corvus corax,CORVUS_COR,8,NW,visible_migration,windy,True,synthetic_fixture,False
CNT004438,TREK037,2024-09-12,05:00,10:16,5.27,Great Cormorant,Phalacrocorax carbo,PHALACROCO,12,S,visible_migration,windy,True,synthetic_fixture,False
CNT004439,TREK037,2024-09-27,08:00,10:32,2.55,Canada Goose,Branta canadensis,BRANTA_CAN,11,SE,visible_migration,overcast,True,synthetic_fixture,False
CNT004440,TREK037,2024-09-27,08:00,10:32,2.55,Grey Heron,Ardea cinerea,ARDEA_CINE,12,W,visible_migration,overcast,True,synthetic_fixture,False
CNT004441,TREK037,2024-09-27,08:00,10:32,2.55,Mute Swan,Cygnus olor,CYGNUS_OLO,7,S,visible_migration,windy,True,synthetic_fixture,False
CNT004442,TREK037,2024-09-27,08:00,10:32,2.55,Common Starling,Sturnus vulgaris,STURNUS_VU,13,NE,visible_migration,light rain,True,synthetic_fixture,False
CNT004443,TREK037,2024-09-27,08:00,10:32,2.55,Mallard,Anas platyrhynchos,ANAS_PLATY,16,SE,visible_migration,overcast,True,synthetic_fixture,False
CNT004444,TREK037,2024-10-06,08:00,09:01,1.02,Common Raven,Corvus corax,CORVUS_COR,5,W,visible_migration,overcast,True,synthetic_fixture,False
CNT004445,TREK037,2024-10-06,08:00,09:01,1.02,Herring Gull,Larus argentatus,LARUS_ARGE,8,NW,visible_migration,overcast,True,synthetic_fixture,False
CNT004446,TREK037,2024-10-06,08:00,09:01,1.02,Bald Eagle,Haliaeetus leucocephalus,HALIAEETUS,11,NW,visible_migration,,True,synthetic_fixture,False
CNT004447,TREK037,2024-10-06,08:00,09:01,1.02,Canada Goose,Branta canadensis,BRANTA_CAN,11,NW,visible_migration,light rain,True,synthetic_fixture,False
CNT004448,TREK037,2024-10-06,08:00,09:01,1.02,Rock Pigeon,Columba livia,COLUMBA_LI,20,S,visible_migration,overcast,True,synthetic_fixture,False
CNT004449,TREK037,2024-10-08,09:00,12:24,3.41,Mallard,Anas platyrhynchos,ANAS_PLATY,8,W,visible_migration,windy,True,synthetic_fixture,False
CNT004450,TREK037,2024-10-08,09:00,12:24,3.41,Barn Swallow,Hirundo rustica,HIRUNDO_RU,10,W,visible_migration,windy,True,synthetic_fixture,False
CNT004451,TREK037,2024-10-08,09:00,12:24,3.41,Common Buzzard,Buteo buteo,BUTEO_BUTE,7,NE,visible_migration,light rain,True,synthetic_fixture,False
CNT004452,TREK037,2024-11-05,08:00,12:16,4.27,Great Cormorant,Phalacrocorax carbo,PHALACROCO,3,S,visible_migration,light rain,True,synthetic_fixture,False
CNT004453,TREK037,2024-11-05,08:00,12:16,4.27,Black-headed Gull,Chroicocephalus ridibundus,CHROICOCEP,4,N,visible_migration,windy,True,synthetic_fixture,False
CNT004454,TREK037,2024-11-05,08:00,12:16,4.27,Common Starling,Sturnus vulgaris,STURNUS_VU,4,E,visible_migration,,True,synthetic_fixture,False
CNT004455,TREK037,2024-11-08,09:00,14:59,5.99,Herring Gull,Larus argentatus,LARUS_ARGE,4,E,visible_migration,overcast,False,synthetic_fixture,False
CNT004456,TREK037,2024-11-08,09:00,14:59,5.99,Bald Eagle,Haliaeetus leucocephalus,HALIAEETUS,13,NW,visible_migration,light rain,False,synthetic_fixture,False
CNT004457,TREK037,2024-11-08,09:00,14:59,5.99,Barn Swallow,Hirundo rustica,HIRUNDO_RU,5,SW,visible_migration,clear,True,synthetic_fixture,False
CNT004458,TREK037,2024-11-09,05:00,09:24,4.41,Common Starling,Sturnus vulgaris,STURNUS_VU,10,NW,visible_migration,windy,True,synthetic_fixture,False
CNT004459,TREK037,2024-11-09,05:00,09:24,4.41,Mallard,Anas platyrhynchos,ANAS_PLATY,4,E,visible_migration,,True,synthetic_fixture,False
CNT004460,TREK037,2024-11-09,05:00,09:24,4.41,Herring Gull,Larus argentatus,LARUS_ARGE,5,SE,visible_migration,overcast,True,synthetic_fixture,False
CNT004461,TREK037,2024-11-09,05:00,09:24,4.41,Common Kestrel,Falco tinnunculus,FALCO_TINN,4,N,visible_migration,light rain,True,synthetic_fixture,False
CNT004462,TREK037,2024-11-09,05:00,09:24,4.41,American Crow,Corvus brachyrhynchos,CORVUS_BRA,5,E,visible_migration,clear,True,synthetic_fixture,False
CNT004463,TREK037,2024-11-14,08:00,12:58,4.98,Canada Goose,Branta canadensis,BRANTA_CAN,3,N,visible_migration,clear,True,synthetic_fixture,False
CNT004464,TREK037,2024-11-14,08:00,12:58,4.98,Common Raven,Corvus corax,CORVUS_COR,5,SE,visible_migration,windy,True,synthetic_fixture,False
CNT004465,TREK037,2024-12-22,05:00,10:06,5.11,American Crow,Corvus brachyrhynchos,CORVUS_BRA,4,E,visible_migration,light rain,True,synthetic_fixture,False
CNT004466,TREK037,2024-12-22,05:00,10:06,5.11,Greylag Goose,Anser anser,ANSER_ANSE,2,NE,visible_migration,overcast,True,synthetic_fixture,False
CNT004467,TREK038,2023-01-11,05:00,09:06,4.11,Great Blue Heron,Ardea herodias,ARDEA_HERO,4,S,visible_migration,clear,True,synthetic_fixture,False
CNT004468,TREK038,2023-01-11,05:00,09:06,4.11,Herring Gull,Larus argentatus,LARUS_ARGE,4,W,visible_migration,,True,synthetic_fixture,False
CNT004469,TREK038,2023-01-11,05:00,09:06,4.11,Mute Swan,Cygnus olor,CYGNUS_OLO,4,NW,visible_migration,clear,True,synthetic_fixture,False
CNT004470,TREK038,2023-01-11,05:00,09:06,4.11,Grey Heron,Ardea cinerea,ARDEA_CINE,3,NE,visible_migration,overcast,True,synthetic_fixture,False
CNT004471,TREK038,2023-01-11,05:00,09:06,4.11,Common Kestrel,Falco tinnunculus,FALCO_TINN,2,SW,visible_migration,light rain,True,synthetic_fixture,False
CNT004472,TREK038,2023-01-14,05:00,08:03,3.06,Black-headed Gull,Chroicocephalus ridibundus,CHROICOCEP,2,SE,visible_migration,,True,synthetic_fixture,False
CNT004473,TREK038,2023-02-14,09:00,10:03,1.06,Eurasian Sparrowhawk,Accipiter nisus,ACCIPITER_,6,E,visible_migration,clear,True,synthetic_fixture,False
CNT004474,TREK038,2023-02-14,09:00,10:03,1.06,Canada Goose,Branta canadensis,BRANTA_CAN,4,SW,visible_migration,,True,synthetic_fixture,False
CNT004475,TREK038,2023-02-14,09:00,10:03,1.06,Rock Pigeon,Columba livia,COLUMBA_LI,3,NE,visible_migration,overcast,True,synthetic_fixture,False
CNT004476,TREK038,2023-02-17,06:00,11:27,5.46,American Robin,Turdus migratorius,TURDUS_MIG,6,NE,visible_migration,overcast,True,synthetic_fixture,False
CNT004477,TREK038,2023-02-17,06:00,11:27,5.46,Great Black-backed Gull,Larus marinus,LARUS_MARI,3,NW,visible_migration,clear,True,synthetic_fixture,False
CNT004478,TREK038,2023-02-17,06:00,11:27,5.46,Bald Eagle,Haliaeetus leucocephalus,HALIAEETUS,3,NW,visible_migration,,True,synthetic_fixture,False
CNT004479,TREK038,2023-02-17,06:00,11:27,5.46,Common Raven,Corvus corax,CORVUS_COR,1,S,visible_migration,overcast,True,synthetic_fixture,False
CNT004480,TREK038,2023-02-17,06:00,11:27,5.46,Eurasian Sparrowhawk,Accipiter nisus,ACCIPITER_,6,S,visible_migration,clear,True,synthetic_fixture,False
CNT004481,TREK038,2023-02-21,08:00,11:21,3.36,Greylag Goose,Anser anser,ANSER_ANSE,4,SE,visible_migration,clear,True,synthetic_fixture,False
CNT004482,TREK038,2023-02-28,09:00,13:12,4.21,American Crow,Corvus brachyrhynchos,CORVUS_BRA,7,S,visible_migration,light rain,True,synthetic_fixture,False
CNT004483,TREK038,2023-02-28,09:00,13:12,4.21,Great Blue Heron,Ardea herodias,ARDEA_HERO,3,N,visible_migration,clear,True,synthetic_fixture,False
CNT004484,TREK038,2023-02-28,09:00,13:12,4.21,Mute Swan,Cygnus olor,CYGNUS_OLO,8,SW,visible_migration,light rain,True,synthetic_fixture,False
CNT004485,TREK038,2023-02-28,09:00,13:12,4.21,Bald Eagle,Haliaeetus leucocephalus,HALIAEETUS,4,NE,visible_migration,light rain,True,synthetic_fixture,False
CNT004486,TREK038,2023-02-28,08:00,12:30,4.51,Common Starling,Sturnus vulgaris,STURNUS_VU,8,N,visible_migration,light rain,True,synthetic_fixture,False
CNT004487,TREK038,2023-02-28,08:00,12:30,4.51,Greylag Goose,Anser anser,ANSER_ANSE,9,SE,visible_migration,windy,False,synthetic_fixture,False
CNT004488,TREK038,2023-02-28,08:00,12:30,4.51,Grey Heron,Ardea cinerea,ARDEA_CINE,8,NE,visible_migration,light rain,True,synthetic_fixture,False
CNT004489,TREK038,2023-02-28,08:00,12:30,4.51,Eurasian Sparrowhawk,Accipiter nisus,ACCIPITER_,3,N,visible_migration,windy,True,synthetic_fixture,False
CNT004490,TREK038,2023-03-13,06:00,07:00,1.0,Eurasian Sparrowhawk,Accipiter nisus,ACCIPITER_,11,SE,visible_migration,windy,True,synthetic_fixture,False
CNT004491,TREK038,2023-03-13,06:00,07:00,1.0,Mute Swan,Cygnus olor,CYGNUS_OLO,12,N,visible_migration,clear,True,synthetic_fixture,False
CNT004492,TREK038,2023-04-10,08:00,10:00,2.0,Rock Pigeon,Columba livia,COLUMBA_LI,14,NE,visible_migration,light rain,True,synthetic_fixture,False
CNT004493,TREK038,2023-04-10,08:00,10:00,2.0,Bald Eagle,Haliaeetus leucocephalus,HALIAEETUS,13,S,visible_migration,windy,True,synthetic_fixture,False
CNT004494,TREK038,2023-04-10,08:00,10:00,2.0,Common Buzzard,Buteo buteo,BUTEO_BUTE,15,W,visible_migration,,True,synthetic_fixture,False
CNT004495,TREK038,2023-04-10,08:00,10:00,2.0,Eurasian Sparrowhawk,Accipiter nisus,ACCIPITER_,14,SE,visible_migration,,True,synthetic_fixture,False
CNT004496,TREK038,2023-04-10,08:00,10:00,2.0,Great Blue Heron,Ardea herodias,ARDEA_HERO,16,N,visible_migration,,True,synthetic_fixture,False
CNT004497,TREK038,2023-06-15,08:00,12:31,4.52,Canada Goose,Branta canadensis,BRANTA_CAN,2,S,visible_migration,light rain,True,synthetic_fixture,False
CNT004498,TREK038,2023-06-15,08:00,12:31,4.52,Common Kestrel,Falco tinnunculus,FALCO_TINN,7,SE,visible_migration,clear,True,synthetic_fixture,False
CNT004499,TREK038,2023-06-15,08:00,12:31,4.52,Mute Swan,Cygnus olor,CYGNUS_OLO,4,S,visible_migration,overcast,True,synthetic_fixture,False
CNT004500,TREK038,2023-07-20,08:00,12:31,4.53,Grey Heron,Ardea cinerea,ARDEA_CINE,2,NW,visible_migration,light rain,False,synthetic_fixture,False
CNT004501,TREK038,2023-07-20,08:00,12:31,4.53,Common Buzzard,Buteo buteo,BUTEO_BUTE,3,E,visible_migration,windy,True,synthetic_fixture,False
CNT004502,TREK038,2023-07-20,08:00,12:31,4.53,Common Kestrel,Falco tinnunculus,FALCO_TINN,3,E,visible_migration,,True,synthetic_fixture,False
CNT004503,TREK038,2023-07-23,08:00,13:24,5.4,Herring Gull,Larus argentatus,LARUS_ARGE,2,SW,visible_migration,clear,True,synthetic_fixture,False
CNT004504,TREK038,2023-07-23,08:00,13:24,5.4,Common Kestrel,Falco tinnunculus,FALCO_TINN,4,W,visible_migration,overcast,True,synthetic_fixture,False
CNT004505,TREK038,2023-07-29,09:00,13:02,4.04,Great Black-backed Gull,Larus marinus,LARUS_MARI,5,S,visible_migration,windy,True,synthetic_fixture,False
CNT004506,TREK038,2023-07-29,09:00,13:02,4.04,Herring Gull,Larus argentatus,LARUS_ARGE,6,NE,visible_migration,windy,True,synthetic_fixture,False
CNT004507,TREK038,2023-07-29,09:00,13:02,4.04,Mallard,Anas platyrhynchos,ANAS_PLATY,3,N,visible_migration,light rain,True,synthetic_fixture,False
CNT004508,TREK038,2023-07-29,09:00,13:02,4.04,Great Cormorant,Phalacrocorax carbo,PHALACROCO,3,NE,visible_migration,light rain,True,synthetic_fixture,False
CNT004509,TREK038,2023-10-07,05:00,09:42,4.71,Common Buzzard,Buteo buteo,BUTEO_BUTE,11,S,visible_migration,overcast,True,synthetic_fixture,False
CNT004510,TREK038,2023-10-07,05:00,09:42,4.71,Great Cormorant,Phalacrocorax carbo,PHALACROCO,13,S,visible_migration,clear,True,synthetic_fixture,False
CNT004511,TREK038,2024-01-21,06:00,08:40,2.68,Herring Gull,Larus argentatus,LARUS_ARGE,4,SE,visible_migration,,True,synthetic_fixture,False
CNT004512,TREK038,2024-02-15,05:00,06:16,1.28,Grey Heron,Ardea cinerea,ARDEA_CINE,2,N,visible_migration,clear,True,synthetic_fixture,False
CNT004513,TREK038,2024-02-15,05:00,06:16,1.28,Common Ringed Plover,Charadrius hiaticula,CHARADRIUS,6,S,visible_migration,overcast,True,synthetic_fixture,False
CNT004514,TREK038,2024-02-15,05:00,06:16,1.28,Great Black-backed Gull,Larus marinus,LARUS_MARI,7,SW,visible_migration,overcast,True,synthetic_fixture,False
CNT004515,TREK038,2024-02-15,05:00,06:16,1.28,Common Starling,Sturnus vulgaris,STURNUS_VU,2,E,visible_migration,overcast,True,synthetic_fixture,False
CNT004516,TREK038,2024-02-27,06:00,08:12,2.21,Rock Pigeon,Columba livia,COLUMBA_LI,6,NW,visible_migration,overcast,True,synthetic_fixture,False
CNT004517,TREK038,2024-02-27,06:00,08:12,2.21,Mallard,Anas platyrhynchos,ANAS_PLATY,10,SE,visible_migration,light rain,True,synthetic_fixture,False
CNT004518,TREK038,2024-02-27,06:00,08:12,2.21,Canada Goose,Branta canadensis,BRANTA_CAN,8,SE,visible_migration,light rain,True,synthetic_fixture,False
CNT004519,TREK038,2024-02-27,06:00,08:12,2.21,Barn Swallow,Hirundo rustica,HIRUNDO_RU,3,E,visible_migration,windy,True,synthetic_fixture,False
CNT004520,TREK038,2024-02-27,06:00,08:12,2.21,Common Ringed Plover,Charadrius hiaticula,CHARADRIUS,3,W,visible_migration,clear,True,synthetic_fixture,False
CNT004521,TREK038,2024-03-06,06:00,07:40,1.67,Common Kestrel,Falco tinnunculus,FALCO_TINN,5,NW,visible_migration,clear,True,synthetic_fixture,False
CNT004522,TREK038,2024-03-06,06:00,07:40,1.67,Great Blue Heron,Ardea herodias,ARDEA_HERO,6,W,visible_migration,windy,True,synthetic_fixture,False
CNT004523,TREK038,2024-03-06,06:00,07:40,1.67,Black-headed Gull,Chroicocephalus ridibundus,CHROICOCEP,9,E,visible_migration,windy,True,synthetic_fixture,False
CNT004524,TREK038,2024-03-06,06:00,07:40,1.67,American Robin,Turdus migratorius,TURDUS_MIG,9,SE,visible_migration,windy,True,synthetic_fixture,False
CNT004525,TREK038,2024-03-20,06:00,10:09,4.16,Great Cormorant,Phalacrocorax carbo,PHALACROCO,9,NW,visible_migration,,True,synthetic_fixture,False
CNT004526,TREK038,2024-03-20,06:00,10:09,4.16,American Robin,Turdus migratorius,TURDUS_MIG,7,E,visible_migration,clear,False,synthetic_fixture,False
CNT004527,TREK038,2024-03-20,06:00,10:09,4.16,Common Kestrel,Falco tinnunculus,FALCO_TINN,11,SW,visible_migration,,False,synthetic_fixture,False
CNT004528,TREK038,2024-03-20,06:00,10:09,4.16,Bald Eagle,Haliaeetus leucocephalus,HALIAEETUS,7,SE,visible_migration,windy,True,synthetic_fixture,False
CNT004529,TREK038,2024-03-20,06:00,10:09,4.16,Common Ringed Plover,Charadrius hiaticula,CHARADRIUS,12,SW,visible_migration,overcast,True,synthetic_fixture,False
CNT004530,TREK038,2024-03-21,07:00,11:24,4.41,American Crow,Corvus brachyrhynchos,CORVUS_BRA,12,NW,visible_migration,windy,True,synthetic_fixture,False
CNT004531,TREK038,2024-03-21,07:00,11:24,4.41,Common Buzzard,Buteo buteo,BUTEO_BUTE,8,W,visible_migration,overcast,True,synthetic_fixture,False
CNT004532,TREK038,2024-03-21,07:00,11:24,4.41,Herring Gull,Larus argentatus,LARUS_ARGE,14,NW,visible_migration,windy,True,synthetic_fixture,False
CNT004533,TREK038,2024-04-13,09:00,13:54,4.9,Common Kestrel,Falco tinnunculus,FALCO_TINN,13,N,visible_migration,overcast,True,synthetic_fixture,False
CNT004534,TREK038,2024-05-08,07:00,08:55,1.92,Barn Swallow,Hirundo rustica,HIRUNDO_RU,6,E,visible_migration,overcast,True,synthetic_fixture,False
CNT004535,TREK038,2024-05-08,07:00,08:55,1.92,Common Ringed Plover,Charadrius hiaticula,CHARADRIUS,10,N,visible_migration,,True,synthetic_fixture,False
CNT004536,TREK038,2024-05-27,06:00,08:18,2.31,Greylag Goose,Anser anser,ANSER_ANSE,6,NE,visible_migration,windy,True,synthetic_fixture,False
CNT004537,TREK038,2024-06-06,08:00,13:17,5.3,Canada Goose,Branta canadensis,BRANTA_CAN,3,NW,visible_migration,light rain,False,synthetic_fixture,False
CNT004538,TREK038,2024-06-22,09:00,10:42,1.71,Great Cormorant,Phalacrocorax carbo,PHALACROCO,1,SE,visible_migration,windy,True,synthetic_fixture,False
CNT004539,TREK038,2024-06-22,09:00,10:42,1.71,Common Ringed Plover,Charadrius hiaticula,CHARADRIUS,4,NW,visible_migration,overcast,True,synthetic_fixture,False
CNT004540,TREK038,2024-06-22,09:00,10:42,1.71,Mallard,Anas platyrhynchos,ANAS_PLATY,1,SE,visible_migration,overcast,True,synthetic_fixture,False
CNT004541,TREK038,2024-06-22,09:00,10:42,1.71,Black-headed Gull,Chroicocephalus ridibundus,CHROICOCEP,3,W,visible_migration,windy,True,synthetic_fixture,False
CNT004542,TREK038,2024-06-22,09:00,10:42,1.71,Barn Swallow,Hirundo rustica,HIRUNDO_RU,0,W,visible_migration,clear,True,synthetic_fixture,False
CNT004543,TREK038,2024-07-18,07:00,10:16,3.28,Black-headed Gull,Chroicocephalus ridibundus,CHROICOCEP,4,S,visible_migration,overcast,True,synthetic_fixture,False
CNT004544,TREK038,2024-07-18,07:00,10:16,3.28,Barn Swallow,Hirundo rustica,HIRUNDO_RU,2,SE,visible_migration,clear,True,synthetic_fixture,False
CNT004545,TREK038,2024-07-25,05:00,08:55,3.92,Greylag Goose,Anser anser,ANSER_ANSE,5,SW,visible_migration,light rain,True,synthetic_fixture,False
CNT004546,TREK038,2024-07-25,05:00,08:55,3.92,Common Ringed Plover,Charadrius hiaticula,CHARADRIUS,2,W,visible_migration,windy,True,synthetic_fixture,False
CNT004547,TREK038,2024-07-26,09:00,13:32,4.54,Black-headed Gull,Chroicocephalus ridibundus,CHROICOCEP,3,N,visible_migration,windy,True,synthetic_fixture,False
CNT004548,TREK038,2024-07-26,09:00,13:32,4.54,Canada Goose,Branta canadensis,BRANTA_CAN,5,N,visible_migration,overcast,True,synthetic_fixture,False
CNT004549,TREK038,2024-07-26,09:00,13:32,4.54,Bald Eagle,Haliaeetus leucocephalus,HALIAEETUS,2,NE,visible_migration,,True,synthetic_fixture,False
CNT004550,TREK038,2024-07-26,09:00,13:32,4.54,Eurasian Sparrowhawk,Accipiter nisus,ACCIPITER_,7,NE,visible_migration,light rain,False,synthetic_fixture,False
CNT004551,TREK038,2024-07-26,09:00,13:32,4.54,American Crow,Corvus brachyrhynchos,CORVUS_BRA,7,NW,visible_migration,light rain,True,synthetic_fixture,False
CNT004552,TREK038,2024-07-30,08:00,12:49,4.83,Mute Swan,Cygnus olor,CYGNUS_OLO,2,N,visible_migration,clear,True,synthetic_fixture,False
CNT004553,TREK038,2024-07-30,08:00,12:49,4.83,Great Cormorant,Phalacrocorax carbo,PHALACROCO,3,E,visible_migration,clear,True,synthetic_fixture,False
CNT004554,TREK038,2024-07-30,08:00,12:49,4.83,Common Raven,Corvus corax,CORVUS_COR,2,S,visible_migration,windy,True,synthetic_fixture,False
CNT004555,TREK038,2024-08-24,09:00,13:24,4.4,Mute Swan,Cygnus olor,CYGNUS_OLO,4,W,visible_migration,overcast,True,synthetic_fixture,False
CNT004556,TREK038,2024-08-24,09:00,13:24,4.4,Common Buzzard,Buteo buteo,BUTEO_BUTE,4,N,visible_migration,,True,synthetic_fixture,False
CNT004557,TREK038,2024-08-24,09:00,13:24,4.4,Herring Gull,Larus argentatus,LARUS_ARGE,5,NE,visible_migration,clear,True,synthetic_fixture,False
CNT004558,TREK038,2024-08-24,09:00,13:24,4.4,Common Starling,Sturnus vulgaris,STURNUS_VU,4,N,visible_migration,windy,True,synthetic_fixture,False
CNT004559,TREK038,2024-09-14,08:00,10:32,2.54,Rock Pigeon,Columba livia,COLUMBA_LI,15,W,visible_migration,overcast,True,synthetic_fixture,False
CNT004560,TREK038,2024-09-14,08:00,10:32,2.54,Mallard,Anas platyrhynchos,ANAS_PLATY,10,S,visible_migration,clear,True,synthetic_fixture,False
CNT004561,TREK038,2024-09-27,05:00,10:11,5.19,Bald Eagle,Haliaeetus leucocephalus,HALIAEETUS,13,NE,visible_migration,light rain,True,synthetic_fixture,False
CNT004562,TREK038,2024-09-27,05:00,10:11,5.19,Black-headed Gull,Chroicocephalus ridibundus,CHROICOCEP,15,S,visible_migration,overcast,True,synthetic_fixture,False
CNT004563,TREK038,2024-09-27,05:00,10:11,5.19,Grey Heron,Ardea cinerea,ARDEA_CINE,19,S,visible_migration,clear,True,synthetic_fixture,False
CNT004564,TREK038,2024-10-08,06:00,07:00,1.01,Common Buzzard,Buteo buteo,BUTEO_BUTE,11,W,visible_migration,clear,True,synthetic_fixture,False
CNT004565,TREK038,2024-10-08,06:00,07:00,1.01,Barn Swallow,Hirundo rustica,HIRUNDO_RU,13,NW,visible_migration,,True,synthetic_fixture,False
CNT004566,TREK038,2024-10-08,06:00,07:00,1.01,Bald Eagle,Haliaeetus leucocephalus,HALIAEETUS,6,NW,visible_migration,,True,synthetic_fixture,False
CNT004567,TREK038,2024-10-08,06:00,07:00,1.01,Herring Gull,Larus argentatus,LARUS_ARGE,11,NW,visible_migration,,True,synthetic_fixture,False
CNT004568,TREK038,2024-10-08,06:00,07:00,1.01,Common Raven,Corvus corax,CORVUS_COR,6,NE,visible_migration,overcast,False,synthetic_fixture,False
CNT004569,TREK038,2024-10-09,06:00,10:34,4.58,Bald Eagle,Haliaeetus leucocephalus,HALIAEETUS,12,SW,visible_migration,clear,True,synthetic_fixture,False
CNT004570,TREK038,2024-10-09,06:00,10:34,4.58,Great Cormorant,Phalacrocorax carbo,PHALACROCO,10,W,visible_migration,clear,True,synthetic_fixture,False
CNT004571,TREK038,2024-10-09,06:00,10:34,4.58,Great Blue Heron,Ardea herodias,ARDEA_HERO,19,NW,visible_migration,,True,synthetic_fixture,False
CNT004572,TREK038,2024-10-09,06:00,10:34,4.58,Common Ringed Plover,Charadrius hiaticula,CHARADRIUS,14,W,visible_migration,windy,True,synthetic_fixture,False
CNT004573,TREK038,2024-10-09,06:00,10:34,4.58,American Crow,Corvus brachyrhynchos,CORVUS_BRA,16,W,visible_migration,overcast,True,synthetic_fixture,False
CNT004574,TREK038,2024-10-23,07:00,12:27,5.46,Common Raven,Corvus corax,CORVUS_COR,11,W,visible_migration,overcast,True,synthetic_fixture,False
CNT004575,TREK038,2024-10-23,07:00,12:27,5.46,American Robin,Turdus migratorius,TURDUS_MIG,7,N,visible_migration,,True,synthetic_fixture,False
CNT004576,TREK038,2024-10-23,07:00,12:27,5.46,Black-headed Gull,Chroicocephalus ridibundus,CHROICOCEP,8,NW,visible_migration,light rain,True,synthetic_fixture,False
CNT004577,TREK038,2024-10-23,07:00,12:27,5.46,Rock Pigeon,Columba livia,COLUMBA_LI,5,N,visible_migration,,True,synthetic_fixture,False
CNT004578,TREK038,2024-10-29,08:00,13:31,5.53,Herring Gull,Larus argentatus,LARUS_ARGE,9,NE,visible_migration,clear,True,synthetic_fixture,False
CNT004579,TREK038,2024-10-29,08:00,13:31,5.53,Great Cormorant,Phalacrocorax carbo,PHALACROCO,6,NW,visible_migration,clear,True,synthetic_fixture,False
CNT004580,TREK038,2024-10-29,08:00,13:31,5.53,Great Blue Heron,Ardea herodias,ARDEA_HERO,10,N,visible_migration,,True,synthetic_fixture,False
CNT004581,TREK038,2024-10-29,08:00,13:31,5.53,Mallard,Anas platyrhynchos,ANAS_PLATY,9,E,visible_migration,windy,True,synthetic_fixture,False
CNT004582,TREK038,2024-10-29,08:00,13:31,5.53,American Crow,Corvus brachyrhynchos,CORVUS_BRA,3,NW,visible_migration,windy,True,synthetic_fixture,False
CNT004583,TREK038,2024-11-09,08:00,12:09,4.15,Mallard,Anas platyrhynchos,ANAS_PLATY,8,W,visible_migration,light rain,True,synthetic_fixture,False
CNT004584,TREK038,2024-11-09,08:00,12:09,4.15,Common Kestrel,Falco tinnunculus,FALCO_TINN,9,N,visible_migration,,True,synthetic_fixture,False
CNT004585,TREK038,2024-11-09,08:00,12:09,4.15,Greylag Goose,Anser anser,ANSER_ANSE,5,SW,visible_migration,,True,synthetic_fixture,False
CNT004586,TREK038,2024-11-09,08:00,12:09,4.15,Herring Gull,Larus argentatus,LARUS_ARGE,5,NE,visible_migration,,True,synthetic_fixture,False
CNT004587,TREK038,2024-11-29,07:00,10:22,3.38,Great Black-backed Gull,Larus marinus,LARUS_MARI,6,NW,visible_migration,,True,synthetic_fixture,False
CNT004588,TREK038,2024-11-29,07:00,10:22,3.38,Great Blue Heron,Ardea herodias,ARDEA_HERO,3,N,visible_migration,overcast,True,synthetic_fixture,False
CNT004589,TREK038,2024-11-29,07:00,10:22,3.38,Common Raven,Corvus corax,CORVUS_COR,1,NE,visible_migration,light rain,True,synthetic_fixture,False
CNT004590,TREK038,2024-11-29,07:00,10:22,3.38,Mallard,Anas platyrhynchos,ANAS_PLATY,1,W,visible_migration,light rain,True,synthetic_fixture,False
CNT004591,TREK038,2024-11-29,07:00,10:22,3.38,American Robin,Turdus migratorius,TURDUS_MIG,2,S,visible_migration,light rain,True,synthetic_fixture,False
CNT004592,TREK038,2024-12-07,06:00,11:24,5.4,Mallard,Anas platyrhynchos,ANAS_PLATY,1,W,visible_migration,windy,True,synthetic_fixture,False
CNT004593,TREK038,2024-12-07,06:00,11:24,5.4,Common Raven,Corvus corax,CORVUS_COR,4,SW,visible_migration,light rain,True,synthetic_fixture,False
CNT004594,TREK038,2024-12-07,06:00,11:24,5.4,Herring Gull,Larus argentatus,LARUS_ARGE,3,W,visible_migration,light rain,True,synthetic_fixture,False
CNT004595,TREK038,2024-12-08,09:00,12:40,3.67,Common Ringed Plover,Charadrius hiaticula,CHARADRIUS,2,SW,visible_migration,windy,True,synthetic_fixture,False
CNT004596,TREK038,2024-12-08,09:00,12:40,3.67,Great Black-backed Gull,Larus marinus,LARUS_MARI,3,N,visible_migration,clear,True,synthetic_fixture,False
CNT004597,TREK038,2024-12-08,09:00,12:40,3.67,Common Raven,Corvus corax,CORVUS_COR,5,N,visible_migration,,True,synthetic_fixture,False
CNT004598,TREK038,2024-12-08,09:00,12:40,3.67,Common Starling,Sturnus vulgaris,STURNUS_VU,0,SW,visible_migration,clear,True,synthetic_fixture,False
CNT004599,TREK038,2024-12-09,05:00,10:51,5.86,Common Ringed Plover,Charadrius hiaticula,CHARADRIUS,4,S,visible_migration,,True,synthetic_fixture,False
CNT004600,TREK039,2023-01-05,05:00,09:17,4.3,Common Raven,Corvus corax,CORVUS_COR,4,W,nocturnal_flight_call,overcast,True,synthetic_fixture,False
CNT004601,TREK039,2023-01-14,08:00,09:43,1.73,Mallard,Anas platyrhynchos,ANAS_PLATY,6,W,nocturnal_flight_call,light rain,True,synthetic_fixture,False
CNT004602,TREK039,2023-01-14,08:00,09:43,1.73,Common Starling,Sturnus vulgaris,STURNUS_VU,3,SW,nocturnal_flight_call,light rain,True,synthetic_fixture,False
CNT004603,TREK039,2023-02-18,06:00,10:45,4.75,Black-headed Gull,Chroicocephalus ridibundus,CHROICOCEP,5,SE,nocturnal_flight_call,,True,synthetic_fixture,False
CNT004604,TREK039,2023-02-18,06:00,10:45,4.75,Great Cormorant,Phalacrocorax carbo,PHALACROCO,4,NE,nocturnal_flight_call,,True,synthetic_fixture,False
CNT004605,TREK039,2023-02-18,06:00,10:45,4.75,Grey Heron,Ardea cinerea,ARDEA_CINE,4,SW,nocturnal_flight_call,light rain,True,synthetic_fixture,False
CNT004606,TREK039,2023-02-18,06:00,10:45,4.75,Great Black-backed Gull,Larus marinus,LARUS_MARI,5,NE,nocturnal_flight_call,overcast,True,synthetic_fixture,False
CNT004607,TREK039,2023-02-23,06:00,10:01,4.03,Common Buzzard,Buteo buteo,BUTEO_BUTE,2,N,nocturnal_flight_call,clear,True,synthetic_fixture,False
CNT004608,TREK039,2023-02-23,06:00,10:01,4.03,Common Raven,Corvus corax,CORVUS_COR,2,NW,nocturnal_flight_call,windy,True,synthetic_fixture,False
CNT004609,TREK039,2023-05-23,06:00,11:03,5.06,Common Buzzard,Buteo buteo,BUTEO_BUTE,7,SW,nocturnal_flight_call,clear,True,synthetic_fixture,False
CNT004610,TREK039,2023-05-23,06:00,11:03,5.06,Great Cormorant,Phalacrocorax carbo,PHALACROCO,7,NW,nocturnal_flight_call,,True,synthetic_fixture,False
CNT004611,TREK039,2023-05-23,06:00,11:03,5.06,Common Kestrel,Falco tinnunculus,FALCO_TINN,9,W,nocturnal_flight_call,light rain,True,synthetic_fixture,False
CNT004612,TREK039,2023-05-23,06:00,11:03,5.06,Black-headed Gull,Chroicocephalus ridibundus,CHROICOCEP,3,SW,nocturnal_flight_call,overcast,True,synthetic_fixture,False
CNT004613,TREK039,2023-05-25,07:00,08:12,1.21,Great Black-backed Gull,Larus marinus,LARUS_MARI,8,SW,nocturnal_flight_call,windy,True,synthetic_fixture,False
CNT004614,TREK039,2023-05-25,07:00,08:12,1.21,Grey Heron,Ardea cinerea,ARDEA_CINE,5,W,nocturnal_flight_call,overcast,False,synthetic_fixture,False
CNT004615,TREK039,2023-06-12,05:00,08:45,3.76,American Robin,Turdus migratorius,TURDUS_MIG,1,NE,nocturnal_flight_call,light rain,True,synthetic_fixture,False
CNT004616,TREK039,2023-06-12,05:00,08:45,3.76,Great Blue Heron,Ardea herodias,ARDEA_HERO,3,W,nocturnal_flight_call,overcast,True,synthetic_fixture,False
CNT004617,TREK039,2023-06-12,05:00,08:45,3.76,Grey Heron,Ardea cinerea,ARDEA_CINE,5,SE,nocturnal_flight_call,windy,False,synthetic_fixture,False
CNT004618,TREK039,2023-06-12,05:00,08:45,3.76,Herring Gull,Larus argentatus,LARUS_ARGE,7,SE,nocturnal_flight_call,windy,True,synthetic_fixture,False
CNT004619,TREK039,2023-06-12,05:00,08:45,3.76,Mute Swan,Cygnus olor,CYGNUS_OLO,5,SE,nocturnal_flight_call,clear,True,synthetic_fixture,False
CNT004620,TREK039,2023-06-24,06:00,10:21,4.36,Rock Pigeon,Columba livia,COLUMBA_LI,2,SW,nocturnal_flight_call,clear,True,synthetic_fixture,False
CNT004621,TREK039,2023-06-24,06:00,10:21,4.36,Common Kestrel,Falco tinnunculus,FALCO_TINN,3,SW,nocturnal_flight_call,overcast,True,synthetic_fixture,False
CNT004622,TREK039,2023-06-24,06:00,10:21,4.36,American Robin,Turdus migratorius,TURDUS_MIG,1,SE,nocturnal_flight_call,light rain,True,synthetic_fixture,False
CNT004623,TREK039,2023-06-24,06:00,10:21,4.36,American Crow,Corvus brachyrhynchos,CORVUS_BRA,5,SE,nocturnal_flight_call,windy,True,synthetic_fixture,False
CNT004624,TREK039,2023-06-24,05:00,08:47,3.79,Barn Swallow,Hirundo rustica,HIRUNDO_RU,4,S,nocturnal_flight_call,clear,True,synthetic_fixture,False
CNT004625,TREK039,2023-06-25,07:00,10:53,3.9,Mute Swan,Cygnus olor,CYGNUS_OLO,1,S,nocturnal_flight_call,overcast,True,synthetic_fixture,False
CNT004626,TREK039,2023-06-25,07:00,10:53,3.9,Bald Eagle,Haliaeetus leucocephalus,HALIAEETUS,1,S,nocturnal_flight_call,,True,synthetic_fixture,False
CNT004627,TREK039,2023-06-25,07:00,10:53,3.9,Grey Heron,Ardea cinerea,ARDEA_CINE,3,E,nocturnal_flight_call,windy,True,synthetic_fixture,False
CNT004628,TREK039,2023-06-25,07:00,10:53,3.9,Great Cormorant,Phalacrocorax carbo,PHALACROCO,3,E,nocturnal_flight_call,windy,True,synthetic_fixture,False
CNT004629,TREK039,2023-08-09,07:00,08:49,1.83,Common Raven,Corvus corax,CORVUS_COR,6,NE,nocturnal_flight_call,windy,True,synthetic_fixture,False
CNT004630,TREK039,2023-08-18,09:00,14:50,5.85,Common Raven,Corvus corax,CORVUS_COR,3,N,nocturnal_flight_call,,True,synthetic_fixture,False
CNT004631,TREK039,2023-08-20,08:00,13:15,5.25,Mallard,Anas platyrhynchos,ANAS_PLATY,8,N,nocturnal_flight_call,overcast,True,synthetic_fixture,False
CNT004632,TREK039,2023-08-20,08:00,13:15,5.25,Mute Swan,Cygnus olor,CYGNUS_OLO,7,N,nocturnal_flight_call,light rain,True,synthetic_fixture,False
CNT004633,TREK039,2023-08-20,08:00,13:15,5.25,Great Black-backed Gull,Larus marinus,LARUS_MARI,4,NW,nocturnal_flight_call,light rain,True,synthetic_fixture,False
CNT004634,TREK039,2023-08-20,08:00,13:15,5.25,Rock Pigeon,Columba livia,COLUMBA_LI,4,NE,nocturnal_flight_call,overcast,True,synthetic_fixture,False
CNT004635,TREK039,2023-08-20,08:00,13:15,5.25,Canada Goose,Branta canadensis,BRANTA_CAN,8,S,nocturnal_flight_call,windy,False,synthetic_fixture,False
CNT004636,TREK039,2023-09-02,07:00,09:28,2.48,Grey Heron,Ardea cinerea,ARDEA_CINE,10,NE,nocturnal_flight_call,light rain,True,synthetic_fixture,False
CNT004637,TREK039,2023-09-02,07:00,09:28,2.48,Eurasian Sparrowhawk,Accipiter nisus,ACCIPITER_,4,NW,nocturnal_flight_call,,True,synthetic_fixture,False
CNT004638,TREK039,2023-09-02,07:00,09:28,2.48,American Crow,Corvus brachyrhynchos,CORVUS_BRA,13,NW,nocturnal_flight_call,,True,synthetic_fixture,False
CNT004639,TREK039,2023-09-02,07:00,09:28,2.48,Greylag Goose,Anser anser,ANSER_ANSE,13,E,nocturnal_flight_call,windy,True,synthetic_fixture,False
CNT004640,TREK039,2023-09-11,07:00,11:22,4.37,Greylag Goose,Anser anser,ANSER_ANSE,16,E,nocturnal_flight_call,light rain,True,synthetic_fixture,False
CNT004641,TREK039,2023-09-11,07:00,11:22,4.37,Canada Goose,Branta canadensis,BRANTA_CAN,19,NW,nocturnal_flight_call,clear,True,synthetic_fixture,False
CNT004642,TREK039,2023-09-11,07:00,11:22,4.37,Black-headed Gull,Chroicocephalus ridibundus,CHROICOCEP,11,NE,nocturnal_flight_call,clear,True,synthetic_fixture,False
CNT004643,TREK039,2023-09-15,05:00,10:38,5.64,Eurasian Sparrowhawk,Accipiter nisus,ACCIPITER_,18,NE,nocturnal_flight_call,clear,True,synthetic_fixture,False
CNT004644,TREK039,2023-09-15,05:00,10:38,5.64,Rock Pigeon,Columba livia,COLUMBA_LI,13,NE,nocturnal_flight_call,clear,True,synthetic_fixture,False
CNT004645,TREK039,2023-09-15,05:00,10:38,5.64,Bald Eagle,Haliaeetus leucocephalus,HALIAEETUS,9,NW,nocturnal_flight_call,windy,True,synthetic_fixture,False
CNT004646,TREK039,2023-09-15,05:00,10:38,5.64,Canada Goose,Branta canadensis,BRANTA_CAN,9,NW,nocturnal_flight_call,light rain,True,synthetic_fixture,False
CNT004647,TREK039,2023-09-16,06:00,09:45,3.75,Common Ringed Plover,Charadrius hiaticula,CHARADRIUS,13,NE,nocturnal_flight_call,windy,True,synthetic_fixture,False
CNT004648,TREK039,2023-09-16,06:00,09:45,3.75,American Crow,Corvus brachyrhynchos,CORVUS_BRA,12,E,nocturnal_flight_call,windy,True,synthetic_fixture,False
CNT004649,TREK039,2023-09-16,06:00,09:45,3.75,Eurasian Sparrowhawk,Accipiter nisus,ACCIPITER_,7,N,nocturnal_flight_call,overcast,True,synthetic_fixture,False
CNT004650,TREK039,2023-09-16,06:00,09:45,3.75,Great Blue Heron,Ardea herodias,ARDEA_HERO,13,N,nocturnal_flight_call,,True,synthetic_fixture,False
CNT004651,TREK039,2023-10-17,07:00,10:23,3.39,Common Buzzard,Buteo buteo,BUTEO_BUTE,12,NE,nocturnal_flight_call,overcast,True,synthetic_fixture,False
CNT004652,TREK039,2023-11-05,05:00,06:21,1.35,Canada Goose,Branta canadensis,BRANTA_CAN,4,NW,nocturnal_flight_call,overcast,True,synthetic_fixture,False
CNT004653,TREK039,2024-01-31,09:00,14:32,5.54,American Robin,Turdus migratorius,TURDUS_MIG,5,SW,nocturnal_flight_call,clear,True,synthetic_fixture,False
CNT004654,TREK039,2024-01-31,09:00,14:32,5.54,Great Cormorant,Phalacrocorax carbo,PHALACROCO,7,NE,nocturnal_flight_call,light rain,True,synthetic_fixture,False
CNT004655,TREK039,2024-01-31,09:00,14:32,5.54,Common Buzzard,Buteo buteo,BUTEO_BUTE,1,NW,nocturnal_flight_call,clear,True,synthetic_fixture,False
CNT004656,TREK039,2024-03-07,09:00,13:49,4.83,Great Black-backed Gull,Larus marinus,LARUS_MARI,5,NW,nocturnal_flight_call,light rain,True,synthetic_fixture,False
CNT004657,TREK039,2024-03-07,09:00,13:49,4.83,Bald Eagle,Haliaeetus leucocephalus,HALIAEETUS,8,N,nocturnal_flight_call,,True,synthetic_fixture,False
CNT004658,TREK039,2024-03-07,09:00,13:49,4.83,Herring Gull,Larus argentatus,LARUS_ARGE,5,SE,nocturnal_flight_call,,True,synthetic_fixture,False
CNT004659,TREK039,2024-03-07,09:00,13:49,4.83,American Crow,Corvus brachyrhynchos,CORVUS_BRA,8,SW,nocturnal_flight_call,light rain,True,synthetic_fixture,False
CNT004660,TREK039,2024-03-07,09:00,13:49,4.83,American Robin,Turdus migratorius,TURDUS_MIG,7,N,nocturnal_flight_call,windy,True,synthetic_fixture,False
CNT004661,TREK039,2024-03-15,09:00,13:34,4.57,Common Kestrel,Falco tinnunculus,FALCO_TINN,13,S,nocturnal_flight_call,overcast,False,synthetic_fixture,False
CNT004662,TREK039,2024-03-15,09:00,13:34,4.57,Common Starling,Sturnus vulgaris,STURNUS_VU,8,NE,nocturnal_flight_call,clear,True,synthetic_fixture,False
CNT004663,TREK039,2024-03-15,09:00,13:34,4.57,Canada Goose,Branta canadensis,BRANTA_CAN,7,NE,nocturnal_flight_call,clear,True,synthetic_fixture,False
CNT004664,TREK039,2024-03-15,09:00,13:34,4.57,Great Black-backed Gull,Larus marinus,LARUS_MARI,7,S,nocturnal_flight_call,windy,True,synthetic_fixture,False
CNT004665,TREK039,2024-03-16,06:00,08:25,2.43,Common Starling,Sturnus vulgaris,STURNUS_VU,9,S,nocturnal_flight_call,clear,True,synthetic_fixture,False
CNT004666,TREK039,2024-03-19,08:00,12:01,4.03,Common Buzzard,Buteo buteo,BUTEO_BUTE,10,E,nocturnal_flight_call,light rain,True,synthetic_fixture,False
CNT004667,TREK039,2024-03-19,05:00,10:07,5.12,Canada Goose,Branta canadensis,BRANTA_CAN,15,SW,nocturnal_flight_call,,True,synthetic_fixture,False
CNT004668,TREK039,2024-04-30,05:00,09:05,4.09,Eurasian Sparrowhawk,Accipiter nisus,ACCIPITER_,9,SE,nocturnal_flight_call,overcast,True,synthetic_fixture,False
CNT004669,TREK039,2024-04-30,05:00,09:05,4.09,Barn Swallow,Hirundo rustica,HIRUNDO_RU,10,SW,nocturnal_flight_call,windy,True,synthetic_fixture,False
CNT004670,TREK039,2024-04-30,05:00,09:05,4.09,Great Blue Heron,Ardea herodias,ARDEA_HERO,7,S,nocturnal_flight_call,clear,False,synthetic_fixture,False
CNT004671,TREK039,2024-04-30,05:00,09:05,4.09,Great Black-backed Gull,Larus marinus,LARUS_MARI,11,NW,nocturnal_flight_call,clear,True,synthetic_fixture,False
CNT004672,TREK039,2024-04-30,05:00,09:05,4.09,Common Buzzard,Buteo buteo,BUTEO_BUTE,9,N,nocturnal_flight_call,light rain,True,synthetic_fixture,False
CNT004673,TREK039,2024-05-13,08:00,12:57,4.96,Common Kestrel,Falco tinnunculus,FALCO_TINN,5,SW,nocturnal_flight_call,,True,synthetic_fixture,False
CNT004674,TREK039,2024-05-13,08:00,12:57,4.96,Great Black-backed Gull,Larus marinus,LARUS_MARI,10,S,nocturnal_flight_call,overcast,True,synthetic_fixture,False
CNT004675,TREK039,2024-05-13,08:00,12:57,4.96,American Robin,Turdus migratorius,TURDUS_MIG,5,E,nocturnal_flight_call,,True,synthetic_fixture,False
CNT004676,TREK039,2024-06-09,05:00,07:25,2.43,Barn Swallow,Hirundo rustica,HIRUNDO_RU,3,NW,nocturnal_flight_call,overcast,True,synthetic_fixture,False
CNT004677,TREK039,2024-06-12,05:00,09:35,4.6,Barn Swallow,Hirundo rustica,HIRUNDO_RU,0,NE,nocturnal_flight_call,clear,True,synthetic_fixture,False
CNT004678,TREK039,2024-06-12,05:00,09:35,4.6,Grey Heron,Ardea cinerea,ARDEA_CINE,2,NE,nocturnal_flight_call,windy,True,synthetic_fixture,False
CNT004679,TREK039,2024-06-12,05:00,09:35,4.6,Black-headed Gull,Chroicocephalus ridibundus,CHROICOCEP,2,SE,nocturnal_flight_call,clear,True,synthetic_fixture,False
CNT004680,TREK039,2024-07-08,07:00,08:44,1.74,Eurasian Sparrowhawk,Accipiter nisus,ACCIPITER_,1,SE,nocturnal_flight_call,overcast,True,synthetic_fixture,False
CNT004681,TREK039,2024-07-08,07:00,08:44,1.74,Common Raven,Corvus corax,CORVUS_COR,1,S,nocturnal_flight_call,windy,True,synthetic_fixture,False
CNT004682,TREK039,2024-07-08,07:00,08:44,1.74,Common Starling,Sturnus vulgaris,STURNUS_VU,1,W,nocturnal_flight_call,,True,synthetic_fixture,False
CNT004683,TREK039,2024-07-09,07:00,09:41,2.69,Herring Gull,Larus argentatus,LARUS_ARGE,5,S,nocturnal_flight_call,light rain,True,synthetic_fixture,False
CNT004684,TREK039,2024-07-09,07:00,09:41,2.69,American Robin,Turdus migratorius,TURDUS_MIG,1,NE,nocturnal_flight_call,light rain,True,synthetic_fixture,False
CNT004685,TREK039,2024-07-09,07:00,09:41,2.69,Canada Goose,Branta canadensis,BRANTA_CAN,2,NW,nocturnal_flight_call,clear,True,synthetic_fixture,False
CNT004686,TREK039,2024-07-09,07:00,09:41,2.69,Common Kestrel,Falco tinnunculus,FALCO_TINN,5,NW,nocturnal_flight_call,clear,True,synthetic_fixture,False
CNT004687,TREK039,2024-07-09,07:00,09:41,2.69,Common Starling,Sturnus vulgaris,STURNUS_VU,5,SW,nocturnal_flight_call,overcast,True,synthetic_fixture,False
CNT004688,TREK039,2024-07-24,05:00,07:27,2.46,Bald Eagle,Haliaeetus leucocephalus,HALIAEETUS,6,NW,nocturnal_flight_call,clear,True,synthetic_fixture,False
CNT004689,TREK039,2024-07-24,05:00,07:27,2.46,American Robin,Turdus migratorius,TURDUS_MIG,7,NE,nocturnal_flight_call,,True,synthetic_fixture,False
CNT004690,TREK039,2024-07-24,05:00,07:28,2.47,Canada Goose,Branta canadensis,BRANTA_CAN,1,N,nocturnal_flight_call,light rain,True,synthetic_fixture,False
CNT004691,TREK039,2024-07-24,05:00,07:28,2.47,Mallard,Anas platyrhynchos,ANAS_PLATY,3,N,nocturnal_flight_call,windy,True,synthetic_fixture,False
CNT004692,TREK039,2024-07-24,05:00,07:28,2.47,Common Ringed Plover,Charadrius hiaticula,CHARADRIUS,7,NE,nocturnal_flight_call,,True,synthetic_fixture,False
CNT004693,TREK039,2024-08-06,07:00,11:22,4.37,Greylag Goose,Anser anser,ANSER_ANSE,1,N,nocturnal_flight_call,overcast,True,synthetic_fixture,False
CNT004694,TREK039,2024-09-17,05:00,08:46,3.77,Greylag Goose,Anser anser,ANSER_ANSE,15,E,nocturnal_flight_call,,True,synthetic_fixture,False
CNT004695,TREK039,2024-09-17,05:00,08:46,3.77,Common Ringed Plover,Charadrius hiaticula,CHARADRIUS,17,SE,nocturnal_flight_call,windy,True,synthetic_fixture,False
CNT004696,TREK039,2024-09-17,05:00,08:46,3.77,Great Black-backed Gull,Larus marinus,LARUS_MARI,18,SE,nocturnal_flight_call,light rain,True,synthetic_fixture,False
CNT004697,TREK039,2024-09-17,05:00,08:46,3.77,Great Blue Heron,Ardea herodias,ARDEA_HERO,10,S,nocturnal_flight_call,windy,True,synthetic_fixture,False
CNT004698,TREK039,2024-10-05,09:00,13:39,4.66,Common Raven,Corvus corax,CORVUS_COR,9,S,nocturnal_flight_call,,True,synthetic_fixture,False
CNT004699,TREK039,2024-10-15,08:00,13:15,5.25,Common Buzzard,Buteo buteo,BUTEO_BUTE,6,S,nocturnal_flight_call,clear,True,synthetic_fixture,False
CNT004700,TREK039,2024-10-15,08:00,13:15,5.25,Herring Gull,Larus argentatus,LARUS_ARGE,7,SE,nocturnal_flight_call,light rain,True,synthetic_fixture,False
CNT004701,TREK039,2024-10-15,08:00,13:15,5.25,Rock Pigeon,Columba livia,COLUMBA_LI,8,NW,nocturnal_flight_call,,True,synthetic_fixture,False
CNT004702,TREK039,2024-10-15,08:00,13:15,5.25,Great Blue Heron,Ardea herodias,ARDEA_HERO,15,W,nocturnal_flight_call,windy,True,synthetic_fixture,False
CNT004703,TREK039,2024-10-15,08:00,13:15,5.25,Great Black-backed Gull,Larus marinus,LARUS_MARI,17,SW,nocturnal_flight_call,windy,True,synthetic_fixture,False
CNT004704,TREK039,2024-10-31,06:00,08:34,2.57,Mute Swan,Cygnus olor,CYGNUS_OLO,9,NW,nocturnal_flight_call,windy,True,synthetic_fixture,False
CNT004705,TREK039,2024-10-31,06:00,08:34,2.57,Mallard,Anas platyrhynchos,ANAS_PLATY,3,S,nocturnal_flight_call,windy,True,synthetic_fixture,False
CNT004706,TREK039,2024-10-31,06:00,08:34,2.57,Great Cormorant,Phalacrocorax carbo,PHALACROCO,5,NE,nocturnal_flight_call,,True,synthetic_fixture,False
CNT004707,TREK039,2024-10-31,06:00,08:34,2.57,Great Blue Heron,Ardea herodias,ARDEA_HERO,4,N,nocturnal_flight_call,clear,True,synthetic_fixture,False
CNT004708,TREK039,2024-10-31,06:00,08:34,2.57,Common Starling,Sturnus vulgaris,STURNUS_VU,8,W,nocturnal_flight_call,light rain,True,synthetic_fixture,False
CNT004709,TREK039,2024-11-13,06:00,11:49,5.82,Mute Swan,Cygnus olor,CYGNUS_OLO,3,SW,nocturnal_flight_call,clear,True,synthetic_fixture,False
CNT004710,TREK039,2024-11-13,06:00,11:49,5.82,Common Starling,Sturnus vulgaris,STURNUS_VU,5,E,nocturnal_flight_call,windy,True,synthetic_fixture,False
CNT004711,TREK039,2024-11-13,06:00,11:49,5.82,American Crow,Corvus brachyrhynchos,CORVUS_BRA,4,SE,nocturnal_flight_call,clear,True,synthetic_fixture,False
CNT004712,TREK039,2024-11-13,06:00,11:49,5.82,Canada Goose,Branta canadensis,BRANTA_CAN,5,W,nocturnal_flight_call,clear,True,synthetic_fixture,False
CNT004713,TREK039,2024-11-17,06:00,11:42,5.71,Great Blue Heron,Ardea herodias,ARDEA_HERO,4,NE,nocturnal_flight_call,clear,True,synthetic_fixture,False
CNT004714,TREK039,2024-11-17,06:00,11:42,5.71,American Crow,Corvus brachyrhynchos,CORVUS_BRA,3,S,nocturnal_flight_call,light rain,True,synthetic_fixture,False
CNT004715,TREK039,2024-11-17,06:00,11:42,5.71,Great Black-backed Gull,Larus marinus,LARUS_MARI,8,SE,nocturnal_flight_call,windy,True,synthetic_fixture,False
CNT004716,TREK039,2024-11-28,09:00,10:31,1.53,Common Kestrel,Falco tinnunculus,FALCO_TINN,1,N,nocturnal_flight_call,windy,True,synthetic_fixture,False
CNT004717,TREK039,2024-11-28,09:00,10:31,1.53,Eurasian Sparrowhawk,Accipiter nisus,ACCIPITER_,1,SW,nocturnal_flight_call,windy,True,synthetic_fixture,False
CNT004718,TREK040,2023-01-08,06:00,09:41,3.69,American Crow,Corvus brachyrhynchos,CORVUS_BRA,3,SE,nocturnal_flight_call,windy,True,synthetic_fixture,False
CNT004719,TREK040,2023-01-08,06:00,09:41,3.69,Canada Goose,Branta canadensis,BRANTA_CAN,3,NW,nocturnal_flight_call,overcast,True,synthetic_fixture,False
CNT004720,TREK040,2023-01-08,06:00,09:41,3.69,Bald Eagle,Haliaeetus leucocephalus,HALIAEETUS,3,NE,nocturnal_flight_call,overcast,True,synthetic_fixture,False
CNT004721,TREK040,2023-01-08,06:00,09:41,3.69,Mallard,Anas platyrhynchos,ANAS_PLATY,4,N,nocturnal_flight_call,,True,synthetic_fixture,False
CNT004722,TREK040,2023-01-08,06:00,09:41,3.69,Barn Swallow,Hirundo rustica,HIRUNDO_RU,2,NW,nocturnal_flight_call,light rain,False,synthetic_fixture,False
CNT004723,TREK040,2023-01-15,08:00,13:35,5.6,Bald Eagle,Haliaeetus leucocephalus,HALIAEETUS,5,N,nocturnal_flight_call,overcast,True,synthetic_fixture,False
CNT004724,TREK040,2023-01-15,08:00,13:35,5.6,Barn Swallow,Hirundo rustica,HIRUNDO_RU,6,W,nocturnal_flight_call,windy,True,synthetic_fixture,False
CNT004725,TREK040,2023-01-15,08:00,13:35,5.6,Herring Gull,Larus argentatus,LARUS_ARGE,6,NE,nocturnal_flight_call,clear,True,synthetic_fixture,False
CNT004726,TREK040,2023-01-17,05:00,10:43,5.73,Common Starling,Sturnus vulgaris,STURNUS_VU,4,NW,nocturnal_flight_call,,True,synthetic_fixture,False
CNT004727,TREK040,2023-01-17,05:00,10:43,5.73,Barn Swallow,Hirundo rustica,HIRUNDO_RU,2,E,nocturnal_flight_call,light rain,True,synthetic_fixture,False
CNT004728,TREK040,2023-01-17,05:00,10:43,5.73,Common Buzzard,Buteo buteo,BUTEO_BUTE,4,E,nocturnal_flight_call,overcast,True,synthetic_fixture,False
CNT004729,TREK040,2023-01-17,05:00,10:43,5.73,Mute Swan,Cygnus olor,CYGNUS_OLO,2,NE,nocturnal_flight_call,light rain,True,synthetic_fixture,False
CNT004730,TREK040,2023-01-17,05:00,10:43,5.73,Canada Goose,Branta canadensis,BRANTA_CAN,0,N,nocturnal_flight_call,windy,True,synthetic_fixture,False
CNT004731,TREK040,2023-03-22,05:00,10:18,5.31,Mallard,Anas platyrhynchos,ANAS_PLATY,13,S,nocturnal_flight_call,windy,True,synthetic_fixture,False
CNT004732,TREK040,2023-03-22,05:00,06:21,1.36,Common Ringed Plover,Charadrius hiaticula,CHARADRIUS,12,E,nocturnal_flight_call,windy,True,synthetic_fixture,False
CNT004733,TREK040,2023-03-22,05:00,06:21,1.36,Bald Eagle,Haliaeetus leucocephalus,HALIAEETUS,7,SE,nocturnal_flight_call,windy,True,synthetic_fixture,False
CNT004734,TREK040,2023-03-22,05:00,06:21,1.36,Great Cormorant,Phalacrocorax carbo,PHALACROCO,5,SW,nocturnal_flight_call,clear,True,synthetic_fixture,False
CNT004735,TREK040,2023-03-22,05:00,06:21,1.36,Grey Heron,Ardea cinerea,ARDEA_CINE,14,SW,nocturnal_flight_call,overcast,True,synthetic_fixture,False
CNT004736,TREK040,2023-04-04,08:00,11:01,3.02,American Crow,Corvus brachyrhynchos,CORVUS_BRA,16,S,nocturnal_flight_call,,True,synthetic_fixture,False
CNT004737,TREK040,2023-04-04,08:00,11:01,3.02,Great Cormorant,Phalacrocorax carbo,PHALACROCO,18,NW,nocturnal_flight_call,overcast,True,synthetic_fixture,False
CNT004738,TREK040,2023-04-17,07:00,09:23,2.39,Common Starling,Sturnus vulgaris,STURNUS_VU,13,SW,nocturnal_flight_call,windy,True,synthetic_fixture,False
CNT004739,TREK040,2023-04-17,07:00,09:23,2.39,Common Raven,Corvus corax,CORVUS_COR,7,SE,nocturnal_flight_call,windy,True,synthetic_fixture,False
CNT004740,TREK040,2023-04-17,07:00,09:23,2.39,Common Kestrel,Falco tinnunculus,FALCO_TINN,7,SW,nocturnal_flight_call,,True,synthetic_fixture,False
CNT004741,TREK040,2023-04-17,07:00,09:23,2.39,Eurasian Sparrowhawk,Accipiter nisus,ACCIPITER_,9,W,nocturnal_flight_call,overcast,True,synthetic_fixture,False
CNT004742,TREK040,2023-04-17,07:00,09:23,2.39,American Crow,Corvus brachyrhynchos,CORVUS_BRA,11,NW,nocturnal_flight_call,light rain,True,synthetic_fixture,False
CNT004743,TREK040,2023-04-26,08:00,11:42,3.71,Mute Swan,Cygnus olor,CYGNUS_OLO,11,N,nocturnal_flight_call,,True,synthetic_fixture,False
CNT004744,TREK040,2023-04-26,08:00,11:42,3.71,Great Cormorant,Phalacrocorax carbo,PHALACROCO,10,E,nocturnal_flight_call,light rain,True,synthetic_fixture,False
CNT004745,TREK040,2023-04-26,08:00,11:42,3.71,Grey Heron,Ardea cinerea,ARDEA_CINE,6,W,nocturnal_flight_call,clear,True,synthetic_fixture,False
CNT004746,TREK040,2023-04-26,08:00,11:42,3.71,Great Black-backed Gull,Larus marinus,LARUS_MARI,23,SE,nocturnal_flight_call,,True,synthetic_fixture,False
CNT004747,TREK040,2023-04-26,08:00,11:42,3.71,Great Blue Heron,Ardea herodias,ARDEA_HERO,10,N,nocturnal_flight_call,light rain,True,synthetic_fixture,False
CNT004748,TREK040,2023-05-07,09:00,12:28,3.47,Great Blue Heron,Ardea herodias,ARDEA_HERO,8,E,nocturnal_flight_call,overcast,True,synthetic_fixture,False
CNT004749,TREK040,2023-05-12,09:00,10:48,1.8,American Crow,Corvus brachyrhynchos,CORVUS_BRA,6,N,nocturnal_flight_call,,True,synthetic_fixture,False
CNT004750,TREK040,2023-05-12,09:00,10:48,1.8,Mute Swan,Cygnus olor,CYGNUS_OLO,10,E,nocturnal_flight_call,overcast,True,synthetic_fixture,False
CNT004751,TREK040,2023-05-12,09:00,10:48,1.8,Great Blue Heron,Ardea herodias,ARDEA_HERO,11,S,nocturnal_flight_call,,True,synthetic_fixture,False
CNT004752,TREK040,2023-05-12,09:00,10:48,1.8,Herring Gull,Larus argentatus,LARUS_ARGE,9,N,nocturnal_flight_call,light rain,True,synthetic_fixture,False
CNT004753,TREK040,2023-05-12,09:00,10:48,1.8,Bald Eagle,Haliaeetus leucocephalus,HALIAEETUS,8,W,nocturnal_flight_call,windy,False,synthetic_fixture,False
CNT004754,TREK040,2023-06-09,05:00,06:37,1.63,Common Ringed Plover,Charadrius hiaticula,CHARADRIUS,4,NE,nocturnal_flight_call,overcast,True,synthetic_fixture,False
CNT004755,TREK040,2023-06-09,05:00,06:37,1.63,Common Raven,Corvus corax,CORVUS_COR,3,NE,nocturnal_flight_call,,True,synthetic_fixture,False
CNT004756,TREK040,2023-06-09,05:00,06:37,1.63,American Robin,Turdus migratorius,TURDUS_MIG,3,NE,nocturnal_flight_call,clear,True,synthetic_fixture,False
CNT004757,TREK040,2023-06-09,05:00,06:37,1.63,Great Black-backed Gull,Larus marinus,LARUS_MARI,5,NE,nocturnal_flight_call,windy,True,synthetic_fixture,False
CNT004758,TREK040,2023-06-09,05:00,06:37,1.63,Black-headed Gull,Chroicocephalus ridibundus,CHROICOCEP,1,SE,nocturnal_flight_call,overcast,True,synthetic_fixture,False
CNT004759,TREK040,2023-08-11,08:00,09:06,1.11,Greylag Goose,Anser anser,ANSER_ANSE,3,NE,nocturnal_flight_call,,True,synthetic_fixture,False
CNT004760,TREK040,2023-08-11,08:00,09:06,1.11,Common Raven,Corvus corax,CORVUS_COR,2,E,nocturnal_flight_call,,True,synthetic_fixture,False
CNT004761,TREK040,2023-08-11,08:00,09:06,1.11,Black-headed Gull,Chroicocephalus ridibundus,CHROICOCEP,5,NW,nocturnal_flight_call,overcast,True,synthetic_fixture,False
CNT004762,TREK040,2023-08-11,08:00,09:06,1.11,Common Ringed Plover,Charadrius hiaticula,CHARADRIUS,3,W,nocturnal_flight_call,overcast,True,synthetic_fixture,False
CNT004763,TREK040,2023-08-11,08:00,09:06,1.11,Grey Heron,Ardea cinerea,ARDEA_CINE,2,SE,nocturnal_flight_call,clear,True,synthetic_fixture,False
CNT004764,TREK040,2023-08-24,06:00,11:48,5.81,Mallard,Anas platyrhynchos,ANAS_PLATY,4,SW,nocturnal_flight_call,,True,synthetic_fixture,False
CNT004765,TREK040,2023-08-24,06:00,11:48,5.81,Great Blue Heron,Ardea herodias,ARDEA_HERO,4,S,nocturnal_flight_call,windy,True,synthetic_fixture,False
CNT004766,TREK040,2023-08-24,06:00,11:48,5.81,Common Ringed Plover,Charadrius hiaticula,CHARADRIUS,6,NE,nocturnal_flight_call,,True,synthetic_fixture,False
CNT004767,TREK040,2023-08-24,06:00,11:48,5.81,Mute Swan,Cygnus olor,CYGNUS_OLO,11,SE,nocturnal_flight_call,overcast,True,synthetic_fixture,False
CNT004768,TREK040,2023-09-01,05:00,08:35,3.59,Common Raven,Corvus corax,CORVUS_COR,9,S,nocturnal_flight_call,light rain,True,synthetic_fixture,False
CNT004769,TREK040,2023-09-26,05:00,07:11,2.19,Eurasian Sparrowhawk,Accipiter nisus,ACCIPITER_,12,NW,nocturnal_flight_call,light rain,True,synthetic_fixture,False
CNT004770,TREK040,2023-11-06,07:00,09:46,2.78,Bald Eagle,Haliaeetus leucocephalus,HALIAEETUS,2,SE,nocturnal_flight_call,overcast,True,synthetic_fixture,False
CNT004771,TREK040,2023-11-06,07:00,09:46,2.78,Mallard,Anas platyrhynchos,ANAS_PLATY,5,E,nocturnal_flight_call,windy,True,synthetic_fixture,False
CNT004772,TREK040,2023-11-10,06:00,07:32,1.54,American Crow,Corvus brachyrhynchos,CORVUS_BRA,6,N,nocturnal_flight_call,windy,True,synthetic_fixture,False
CNT004773,TREK040,2023-11-10,06:00,07:32,1.54,Grey Heron,Ardea cinerea,ARDEA_CINE,5,N,nocturnal_flight_call,clear,True,synthetic_fixture,False
CNT004774,TREK040,2023-11-12,09:00,14:37,5.62,Herring Gull,Larus argentatus,LARUS_ARGE,10,S,nocturnal_flight_call,windy,True,synthetic_fixture,False
CNT004775,TREK040,2023-11-12,09:00,14:37,5.62,Great Cormorant,Phalacrocorax carbo,PHALACROCO,4,NW,nocturnal_flight_call,overcast,True,synthetic_fixture,False
CNT004776,TREK040,2023-11-12,09:00,14:37,5.62,Mute Swan,Cygnus olor,CYGNUS_OLO,9,N,nocturnal_flight_call,windy,True,synthetic_fixture,False
CNT004777,TREK040,2023-11-12,09:00,14:37,5.62,Grey Heron,Ardea cinerea,ARDEA_CINE,3,W,nocturnal_flight_call,clear,False,synthetic_fixture,False
CNT004778,TREK040,2023-11-16,09:00,12:07,3.12,Common Buzzard,Buteo buteo,BUTEO_BUTE,8,SW,nocturnal_flight_call,overcast,True,synthetic_fixture,False
CNT004779,TREK040,2023-12-28,09:00,12:15,3.26,Canada Goose,Branta canadensis,BRANTA_CAN,3,NW,nocturnal_flight_call,windy,True,synthetic_fixture,False
CNT004780,TREK040,2023-12-28,09:00,12:15,3.26,Great Black-backed Gull,Larus marinus,LARUS_MARI,4,E,nocturnal_flight_call,overcast,True,synthetic_fixture,False
CNT004781,TREK040,2023-12-28,09:00,12:15,3.26,Bald Eagle,Haliaeetus leucocephalus,HALIAEETUS,6,S,nocturnal_flight_call,,True,synthetic_fixture,False
CNT004782,TREK040,2023-12-28,09:00,12:15,3.26,Common Raven,Corvus corax,CORVUS_COR,2,E,nocturnal_flight_call,light rain,True,synthetic_fixture,False
CNT004783,TREK040,2023-12-30,05:00,07:40,2.68,Rock Pigeon,Columba livia,COLUMBA_LI,0,SE,nocturnal_flight_call,windy,True,synthetic_fixture,False
CNT004784,TREK040,2023-12-30,05:00,07:40,2.68,Common Starling,Sturnus vulgaris,STURNUS_VU,0,NE,nocturnal_flight_call,windy,True,synthetic_fixture,False
CNT004785,TREK040,2024-02-24,07:00,11:20,4.35,Greylag Goose,Anser anser,ANSER_ANSE,2,SE,nocturnal_flight_call,light rain,True,synthetic_fixture,False
CNT004786,TREK040,2024-02-24,07:00,11:20,4.35,Common Kestrel,Falco tinnunculus,FALCO_TINN,5,SE,nocturnal_flight_call,,True,synthetic_fixture,False
CNT004787,TREK040,2024-02-24,07:00,11:20,4.35,Common Buzzard,Buteo buteo,BUTEO_BUTE,2,NE,nocturnal_flight_call,,True,synthetic_fixture,False
CNT004788,TREK040,2024-03-11,08:00,13:28,5.47,Black-headed Gull,Chroicocephalus ridibundus,CHROICOCEP,6,W,nocturnal_flight_call,windy,True,synthetic_fixture,False
CNT004789,TREK040,2024-03-11,08:00,13:28,5.47,Common Starling,Sturnus vulgaris,STURNUS_VU,9,S,nocturnal_flight_call,clear,True,synthetic_fixture,False
CNT004790,TREK040,2024-03-11,08:00,13:28,5.47,Common Raven,Corvus corax,CORVUS_COR,10,W,nocturnal_flight_call,light rain,True,synthetic_fixture,False
CNT004791,TREK040,2024-03-11,08:00,13:28,5.47,American Crow,Corvus brachyrhynchos,CORVUS_BRA,3,E,nocturnal_flight_call,windy,True,synthetic_fixture,False
CNT004792,TREK040,2024-03-24,08:00,09:24,1.41,Grey Heron,Ardea cinerea,ARDEA_CINE,7,NE,nocturnal_flight_call,overcast,True,synthetic_fixture,False
CNT004793,TREK040,2024-03-24,08:00,09:24,1.41,Great Black-backed Gull,Larus marinus,LARUS_MARI,6,E,nocturnal_flight_call,,True,synthetic_fixture,False
CNT004794,TREK040,2024-03-24,08:00,09:24,1.41,Rock Pigeon,Columba livia,COLUMBA_LI,6,NW,nocturnal_flight_call,windy,True,synthetic_fixture,False
CNT004795,TREK040,2024-03-24,08:00,09:24,1.41,Great Cormorant,Phalacrocorax carbo,PHALACROCO,12,N,nocturnal_flight_call,clear,True,synthetic_fixture,False
CNT004796,TREK040,2024-04-25,07:00,09:59,2.99,Common Starling,Sturnus vulgaris,STURNUS_VU,13,NE,nocturnal_flight_call,,True,synthetic_fixture,False
CNT004797,TREK040,2024-04-25,07:00,09:59,2.99,Herring Gull,Larus argentatus,LARUS_ARGE,9,NW,nocturnal_flight_call,windy,True,synthetic_fixture,False
CNT004798,TREK040,2024-04-25,07:00,09:59,2.99,Rock Pigeon,Columba livia,COLUMBA_LI,10,NW,nocturnal_flight_call,clear,True,synthetic_fixture,False
CNT004799,TREK040,2024-04-25,07:00,09:59,2.99,American Robin,Turdus migratorius,TURDUS_MIG,11,NW,nocturnal_flight_call,clear,True,synthetic_fixture,False
CNT004800,TREK040,2024-05-04,08:00,09:30,1.5,Common Raven,Corvus corax,CORVUS_COR,6,E,nocturnal_flight_call,overcast,True,synthetic_fixture,False
CNT004801,TREK040,2024-05-04,08:00,09:30,1.5,Common Kestrel,Falco tinnunculus,FALCO_TINN,6,E,nocturnal_flight_call,windy,True,synthetic_fixture,False
CNT004802,TREK040,2024-05-04,08:00,09:30,1.5,Common Starling,Sturnus vulgaris,STURNUS_VU,7,S,nocturnal_flight_call,,True,synthetic_fixture,False
CNT004803,TREK040,2024-05-04,08:00,09:30,1.5,American Robin,Turdus migratorius,TURDUS_MIG,8,SW,nocturnal_flight_call,clear,True,synthetic_fixture,False
CNT004804,TREK040,2024-05-04,08:00,09:30,1.5,Mute Swan,Cygnus olor,CYGNUS_OLO,9,S,nocturnal_flight_call,clear,True,synthetic_fixture,False
CNT004805,TREK040,2024-05-30,09:00,13:57,4.96,Black-headed Gull,Chroicocephalus ridibundus,CHROICOCEP,4,NE,nocturnal_flight_call,,True,synthetic_fixture,False
CNT004806,TREK040,2024-05-30,09:00,13:57,4.96,Common Buzzard,Buteo buteo,BUTEO_BUTE,3,NW,nocturnal_flight_call,light rain,True,synthetic_fixture,False
CNT004807,TREK040,2024-05-30,09:00,13:57,4.96,Common Starling,Sturnus vulgaris,STURNUS_VU,4,S,nocturnal_flight_call,,True,synthetic_fixture,False
CNT004808,TREK040,2024-05-30,09:00,13:57,4.96,Barn Swallow,Hirundo rustica,HIRUNDO_RU,3,NW,nocturnal_flight_call,clear,True,synthetic_fixture,False
CNT004809,TREK040,2024-06-01,05:00,07:17,2.3,Grey Heron,Ardea cinerea,ARDEA_CINE,1,N,nocturnal_flight_call,windy,True,synthetic_fixture,False
CNT004810,TREK040,2024-06-01,05:00,07:17,2.3,Mute Swan,Cygnus olor,CYGNUS_OLO,0,NW,nocturnal_flight_call,overcast,True,synthetic_fixture,False
CNT004811,TREK040,2024-06-01,05:00,07:17,2.3,Herring Gull,Larus argentatus,LARUS_ARGE,8,NW,nocturnal_flight_call,overcast,True,synthetic_fixture,False
CNT004812,TREK040,2024-07-16,05:00,10:57,5.95,Canada Goose,Branta canadensis,BRANTA_CAN,3,E,nocturnal_flight_call,overcast,True,synthetic_fixture,False
CNT004813,TREK040,2024-07-16,05:00,10:57,5.95,Common Buzzard,Buteo buteo,BUTEO_BUTE,5,S,nocturnal_flight_call,overcast,True,synthetic_fixture,False
CNT004814,TREK040,2024-07-16,05:00,10:57,5.95,Common Starling,Sturnus vulgaris,STURNUS_VU,6,E,nocturnal_flight_call,,True,synthetic_fixture,False
CNT004815,TREK040,2024-07-16,05:00,10:57,5.95,Herring Gull,Larus argentatus,LARUS_ARGE,4,NW,nocturnal_flight_call,clear,True,synthetic_fixture,False
CNT004816,TREK040,2024-07-16,05:00,10:57,5.95,American Robin,Turdus migratorius,TURDUS_MIG,4,SW,nocturnal_flight_call,light rain,True,synthetic_fixture,False
CNT004817,TREK040,2024-07-22,05:00,07:18,2.31,Canada Goose,Branta canadensis,BRANTA_CAN,2,SE,nocturnal_flight_call,light rain,True,synthetic_fixture,False
CNT004818,TREK040,2024-07-22,05:00,07:18,2.31,Mallard,Anas platyrhynchos,ANAS_PLATY,4,SE,nocturnal_flight_call,overcast,True,synthetic_fixture,False
CNT004819,TREK040,2024-07-30,07:00,11:38,4.64,American Robin,Turdus migratorius,TURDUS_MIG,3,W,nocturnal_flight_call,clear,True,synthetic_fixture,False
CNT004820,TREK040,2024-07-30,07:00,11:38,4.64,Common Kestrel,Falco tinnunculus,FALCO_TINN,1,E,nocturnal_flight_call,,True,synthetic_fixture,False
CNT004821,TREK040,2024-07-31,05:00,10:57,5.96,Bald Eagle,Haliaeetus leucocephalus,HALIAEETUS,5,S,nocturnal_flight_call,windy,False,synthetic_fixture,False
CNT004822,TREK040,2024-07-31,05:00,10:57,5.96,American Robin,Turdus migratorius,TURDUS_MIG,2,NE,nocturnal_flight_call,,True,synthetic_fixture,False
CNT004823,TREK040,2024-08-05,09:00,13:09,4.15,Great Blue Heron,Ardea herodias,ARDEA_HERO,4,W,nocturnal_flight_call,clear,True,synthetic_fixture,False
CNT004824,TREK040,2024-08-05,09:00,13:09,4.15,Great Black-backed Gull,Larus marinus,LARUS_MARI,0,N,nocturnal_flight_call,windy,True,synthetic_fixture,False
CNT004825,TREK040,2024-08-13,07:00,11:01,4.02,Great Black-backed Gull,Larus marinus,LARUS_MARI,6,N,nocturnal_flight_call,overcast,True,synthetic_fixture,False
CNT004826,TREK040,2024-08-13,07:00,11:01,4.02,Great Cormorant,Phalacrocorax carbo,PHALACROCO,5,NE,nocturnal_flight_call,light rain,True,synthetic_fixture,False
CNT004827,TREK040,2024-08-14,09:00,10:03,1.05,Black-headed Gull,Chroicocephalus ridibundus,CHROICOCEP,6,SW,nocturnal_flight_call,,True,synthetic_fixture,False
CNT004828,TREK040,2024-08-14,09:00,10:03,1.05,Common Ringed Plover,Charadrius hiaticula,CHARADRIUS,7,E,nocturnal_flight_call,overcast,True,synthetic_fixture,False
CNT004829,TREK040,2024-08-14,09:00,10:03,1.05,Herring Gull,Larus argentatus,LARUS_ARGE,4,W,nocturnal_flight_call,overcast,True,synthetic_fixture,False
CNT004830,TREK040,2024-08-14,09:00,10:03,1.05,Mute Swan,Cygnus olor,CYGNUS_OLO,1,NW,nocturnal_flight_call,overcast,True,synthetic_fixture,False
CNT004831,TREK040,2024-08-14,09:00,10:03,1.05,Barn Swallow,Hirundo rustica,HIRUNDO_RU,5,NW,nocturnal_flight_call,overcast,True,synthetic_fixture,False
CNT004832,TREK040,2024-09-10,06:00,07:51,1.85,Common Starling,Sturnus vulgaris,STURNUS_VU,9,NW,nocturnal_flight_call,light rain,True,synthetic_fixture,False
CNT004833,TREK040,2024-09-10,06:00,07:51,1.85,Great Cormorant,Phalacrocorax carbo,PHALACROCO,9,S,nocturnal_flight_call,light rain,True,synthetic_fixture,False
CNT004834,TREK040,2024-09-10,06:00,07:51,1.85,Rock Pigeon,Columba livia,COLUMBA_LI,10,SE,nocturnal_flight_call,,True,synthetic_fixture,False
CNT004835,TREK040,2024-09-10,06:00,07:51,1.85,Black-headed Gull,Chroicocephalus ridibundus,CHROICOCEP,13,S,nocturnal_flight_call,overcast,True,synthetic_fixture,False
CNT004836,TREK040,2024-09-10,06:00,07:51,1.85,Mallard,Anas platyrhynchos,ANAS_PLATY,11,E,nocturnal_flight_call,overcast,True,synthetic_fixture,False
CNT004837,TREK040,2024-10-20,07:00,08:19,1.33,Common Starling,Sturnus vulgaris,STURNUS_VU,7,SW,nocturnal_flight_call,clear,True,synthetic_fixture,False
CNT004838,TREK040,2024-10-20,07:00,08:19,1.33,Mallard,Anas platyrhynchos,ANAS_PLATY,11,N,nocturnal_flight_call,light rain,True,synthetic_fixture,False
CNT004839,TREK040,2024-10-20,07:00,08:19,1.33,Great Black-backed Gull,Larus marinus,LARUS_MARI,15,NE,nocturnal_flight_call,light rain,True,synthetic_fixture,False
CNT004840,TREK040,2024-10-20,07:00,08:19,1.33,Canada Goose,Branta canadensis,BRANTA_CAN,8,W,nocturnal_flight_call,light rain,True,synthetic_fixture,False
CNT004841,TREK040,2024-10-20,07:00,08:19,1.33,Black-headed Gull,Chroicocephalus ridibundus,CHROICOCEP,3,E,nocturnal_flight_call,windy,True,synthetic_fixture,False
CNT004842,TREK040,2024-11-16,09:00,14:55,5.93,Bald Eagle,Haliaeetus leucocephalus,HALIAEETUS,6,NE,nocturnal_flight_call,light rain,True,synthetic_fixture,False
CNT004843,TREK040,2024-11-16,09:00,14:55,5.93,Eurasian Sparrowhawk,Accipiter nisus,ACCIPITER_,5,S,nocturnal_flight_call,windy,True,synthetic_fixture,False
CNT004844,TREK040,2024-11-16,09:00,14:55,5.93,Black-headed Gull,Chroicocephalus ridibundus,CHROICOCEP,2,S,nocturnal_flight_call,,True,synthetic_fixture,False
CNT004845,TREK040,2024-12-12,07:00,10:43,3.72,Great Black-backed Gull,Larus marinus,LARUS_MARI,2,NW,nocturnal_flight_call,clear,True,synthetic_fixture,False
CNT004846,TREK040,2024-12-12,07:00,10:43,3.72,Eurasian Sparrowhawk,Accipiter nisus,ACCIPITER_,2,NE,nocturnal_flight_call,,True,synthetic_fixture,False
CNT004847,TREK040,2024-12-12,07:00,10:43,3.72,Mallard,Anas platyrhynchos,ANAS_PLATY,2,E,nocturnal_flight_call,clear,True,synthetic_fixture,False
CNT004848,TREK040,2024-12-14,05:00,09:27,4.46,American Robin,Turdus migratorius,TURDUS_MIG,3,NE,nocturnal_flight_call,,False,synthetic_fixture,False
CNT004849,TREK040,2024-12-14,05:00,09:27,4.46,Great Black-backed Gull,Larus marinus,LARUS_MARI,3,N,nocturnal_flight_call,clear,True,synthetic_fixture,False
CNT004850,TREK040,2024-12-14,05:00,09:27,4.46,American Crow,Corvus brachyrhynchos,CORVUS_BRA,2,NW,nocturnal_flight_call,windy,True,synthetic_fixture,False
CNT004851,TREK040,2024-12-25,09:00,11:25,2.43,Great Cormorant,Phalacrocorax carbo,PHALACROCO,5,SE,nocturnal_flight_call,overcast,True,synthetic_fixture,False
CNT004852,TREK040,2024-12-25,09:00,11:25,2.43,Common Raven,Corvus corax,CORVUS_COR,4,N,nocturnal_flight_call,windy,True,synthetic_fixture,False
